name,year,selling_price,km_driven,fuel,seller_type,transmission,owner,mileage,engine,max_power,seats
Mahindra 320d,2016,255000.0,151301.0,Diesel,Individual,Manual,First Owner,12.1 kmpl,2179 CC,170.9 bhp,5.0
Hyundai Swift,2015,120000.0,65445.0,Petrol,Individual,Manual,First Owner,19.8 kmpl,1197 CC,78.8 bhp,5.0
Ford Rapid,2022,331000.0,29107.0,Diesel,Individual,Manual,First Owner,24.5 kmpl,1197 CC,73.3 bhp,5.0
Honda Swift,2005,26000.0,305032.0,Petrol,Individual,Manual,First Owner,19.5 kmpl,1248 CC,82.7 bhp,5.0
Maruti A4,2004,31000.0,133124.0,Diesel,Individual,Manual,Second Owner,18.5 kmpl,1968 CC,174.2 bhp,5.0
BMW XUV,2006,108000.0,183028.0,Diesel,Dealer,Automatic,First Owner,20.4 kmpl,796 CC,61.6 bhp,7.0
Maruti Rapid,2025,470000.0,16931.0,Diesel,Individual,Automatic,First Owner,19.5 kmpl,998 CC,87.9 bhp,5.0
Mahindra Swift,2018,185000.0,115535.0,Diesel,Dealer,Manual,Second Owner,15.4 kmpl,1498 CC,107.7 bhp,5.0
Maruti A4,2007,33000.0,287964.0,Petrol,Individual,Automatic,Fourth & Above Owner,13.4 kmpl,1582 CC,136.9 bhp,5.0
BMW XUV,2010,218000.0,150455.0,Petrol,Individual,Automatic,Third Owner,24.7 kmpl,1968 CC,142.9 bhp,5.0
Ford Nexon,2022,239000.0,61983.0,Diesel,Individual,Manual,Fourth & Above Owner,16.6 kmpl,1248 CC,92.8 bhp,5.0
Honda Innova,2007,57000.0,216356.0,Petrol,Individual,Manual,First Owner,25.8 kmpl,2179 CC,122.7 bhp,5.0
Hyundai XUV,2009,48000.0,177650.0,Diesel,Individual,Manual,First Owner,20.4 kmpl,1197 CC,91.9 bhp,5.0
Honda Swift,2012,105000.0,156077.0,Diesel,Individual,Manual,First Owner,21.7 kmpl,1498 CC,115.3 bhp,5.0
Honda XUV,2004,31000.0,246224.0,Petrol,Individual,Manual,First Owner,23.6 kmpl,2179 CC,179.8 bhp,5.0
Toyota City,2020,361000.0,39000.0,Diesel,Individual,Manual,First Owner,15.8 kmpl,1248 CC,78.5 bhp,5.0
Tata Rapid,2023,408000.0,33388.0,Petrol,Individual,Manual,First Owner,25.6 kmpl,2179 CC,183.7 bhp,7.0
Tata Swift,2013,78000.0,125074.0,Petrol,Individual,Manual,First Owner,11.0 kmpl,1197 CC,,
Hyundai Figo,2017,145000.0,142685.0,Diesel,Dealer,Manual,First Owner,22.1 kmpl,1498 CC,131.6 bhp,5.0
Hyundai Innova,2019,284000.0,,Diesel,Individual,Manual,First Owner,12.2 kmpl,1582 CC,97.5 bhp,7.0
Tata A4,2025,367000.0,13201.0,Petrol,Individual,Manual,First Owner,20.4 kmpl,998 CC,64.4 bhp,5.0
Maruti Rapid,2012,64000.0,103332.0,Petrol,Dealer,Manual,Second Owner,15.3 kmpl,1582 CC,138.4 bhp,5.0
Volkswagen 320d,2017,132000.0,77104.0,CNG,Individual,Automatic,Third Owner,24.8 kmpl,1248 CC,,5.0
Tata XUV,2024,466000.0,31579.0,Diesel,Individual,Manual,First Owner,20.6 kmpl,1968 CC,137.6 bhp,5.0
Ford Rapid,2004,27000.0,237988.0,Petrol,Dealer,Manual,First Owner,12.4 kmpl,1968 CC,141.7 bhp,5.0
Tata Innova,2019,130000.0,100396.0,Petrol,Individual,Manual,Fourth & Above Owner,20.2 kmpl,1248 CC,71.8 bhp,5.0
Maruti Figo,2009,67000.0,123387.0,Petrol,Individual,Manual,First Owner,17.2 kmpl,2179 CC,175.1 bhp,5.0
Toyota i20,2010,88000.0,197132.0,Petrol,Dealer,Manual,First Owner,20.3 kmpl,1498 CC,91.8 bhp,5.0
Maruti Polo,2020,119000.0,64282.0,Petrol,Individual,Manual,Second Owner,23.6 kmpl,998 CC,69.8 bhp,5.0
Hyundai A4,2004,20000.0,289854.0,Diesel,Individual,Automatic,First Owner,21.5 kmpl,998 CC,58.0 bhp,5.0
Maruti XUV,2023,353000.0,45130.0,Diesel,Individual,Manual,Second Owner,13.1 kmpl,2179 CC,123.9 bhp,7.0
Ford Figo,2023,260000.0,55071.0,Petrol,Individual,Manual,Second Owner,21.2 kmpl,1248 CC,107.1 bhp,5.0
Volkswagen Innova,2019,242000.0,40628.0,Diesel,Individual,Manual,First Owner,10.4 kmpl,1248 CC,81.6 bhp,5.0
Hyundai i20,2004,34000.0,164530.0,Diesel,Dealer,Manual,First Owner,10.3 kmpl,1498 CC,116.3 bhp,5.0
Hyundai Nexon,2019,200000.0,54877.0,Diesel,Trustmark Dealer,Manual,Second Owner,13.0 kmpl,1498 CC,126.7 bhp,4.0
Mahindra Polo,2007,32000.0,258246.0,Diesel,Individual,Manual,First Owner,21.4 kmpl,,70.6 bhp,5.0
Tata Nexon,2021,228000.0,61290.0,Diesel,Dealer,Manual,First Owner,14.2 kmpl,1248 CC,74.4 bhp,5.0
Tata Figo,2005,17000.0,234876.0,Petrol,Individual,Manual,Second Owner,15.9 kmpl,1248 CC,95.4 bhp,5.0
Toyota A4,2013,70000.0,208812.0,Petrol,Individual,Manual,First Owner,25.7 kmpl,,61.8 bhp,5.0
Hyundai Rapid,2023,319000.0,31178.0, petrol ,Dealer,Manual,First Owner,21.4 kmpl,1498 CC,132.1 bhp,5.0
Toyota Nexon,2008,68000.0,116473.0,Diesel,Individual,Manual,First Owner,21.1 kmpl,998 CC,56.3 bhp,5.0
Maruti i20,2025,296000.0,33271.0,Petrol,Individual,Manual,Third Owner,14.4 kmpl,998 CC,63.4 bhp,5.0
Tata A4,2014,68000.0,118207.0,Petrol,Individual,Manual,First Owner,24.9 kmpl,1248 CC,83.1 bhp,5.0
Volkswagen City,2017,203000.0,96277.0,Diesel,Dealer,Manual,First Owner,16.1 kmpl,1968 CC,150.9 bhp,5.0
Tata Rapid,2023,244000.0,34573.0,Petrol,Individual,Manual,First Owner,20.4 kmpl,1197 CC,86.8 bhp,5.0
Mahindra Innova,2023,422000.0,45641.0,Diesel,Individual,Manual,First Owner,21.9 kmpl,1498 CC,123.0 bhp,5.0
Maruti Rapid,2015,125000.0,62861.0,Diesel,Dealer,Manual,First Owner,19.6 kmpl,1197 CC,94.0 bhp,5.0
Hyundai Innova,2007,27000.0,300504.0,Diesel,Individual,Manual,First Owner,11.1 kmpl,1248 CC,112.3 bhp,7.0
BMW City,2004,67000.0,267797.0,Diesel,Individual,Automatic,First Owner,24.7 kmpl,796 CC,45.7 bhp,5.0
Skoda Figo,2015,98000.0,133726.0,Petrol,Individual,Manual,First Owner,14.8 kmpl,796 CC,54.1 bhp,5.0
Volkswagen i20,2007,36000.0,184437.0,Petrol,Individual,Automatic,First Owner,13.2 kmpl,998 CC,67.5 bhp,5.0
Hyundai Polo,2017,212000.0,120398.0,Diesel,Individual,Manual,Third Owner,23.5 kmpl,2179 CC,181.6 bhp,5.0
Maruti 320d,2005,28000.0,171880.0,Petrol,Dealer,Manual,First Owner,19.0 kmpl,998 CC,55.2 bhp,7.0
Mahindra XUV,2017,174000.0,141122.0,Petrol,Individual,Manual,Second Owner,21.6 kmpl,2179 CC,181.1 bhp,5.0
Mahindra Figo,2004,35000.0,270189.0,Petrol,Individual,Manual,First Owner,20.1 kmpl,2179 CC,168.9 bhp,5.0
Toyota City,2008,87000.0,180484.0,Diesel,Dealer,Manual,First Owner,11.4 kmpl,1582 CC,106.4 bhp,5.0
Honda Polo,2008,42000.0,213750.0,Diesel,Individual,Automatic,Second Owner,14.3 kmpl,998 CC,67.2 bhp,5.0
Skoda Polo,2010,46000.0,178554.0,Diesel,Individual,Manual,Second Owner,10.9 kmpl,1197 CC,90.7 bhp,7.0
Volkswagen A4,2022,311000.0,59124.0,Diesel,Trustmark Dealer,Automatic,First Owner,10.5 kmpl,796 CC,52.9 bhp,5.0
Ford i20,2021,261000.0,66744.0,Petrol,Individual,Manual,Second Owner,24.0 kmpl,2179 CC,133.7 bhp,5.0
Toyota 320d,2024,325000.0,30503.0,Petrol,Individual,Manual,Second Owner,21.5 kmpl,796 CC,55.5 bhp,5.0
Hyundai i20,2023,594000.0,55051.0,Petrol,Individual,Automatic,First Owner,15.1 kmpl,1968 CC,122.2 bhp,5.0
Volkswagen City,2014,156000.0,104692.0,Petrol,Dealer,Automatic,First Owner,14.2 kmpl,1582 CC,124.8 bhp,5.0
Volkswagen i20,2011,53000.0,188484.0,Petrol,Individual,Automatic,First Owner,21.9 kmpl,796 CC,45.3 bhp,7.0
Maruti Rapid,2011,50000.0,,Petrol,Individual,Manual,First Owner,23.2 kmpl,998 CC,72.4 bhp,5.0
Maruti A4,2022,327000.0,62993.0,Petrol,Individual,Automatic,First Owner,22.8 kmpl,1582 CC,118.5 bhp,5.0
Hyundai Figo,2014,86000.0,129396.0,Diesel,Individual,Manual,First Owner,12.4 kmpl,796 CC,68.1 bhp,5.0
Hyundai Innova,2010,61000.0,177674.0,CNG,Trustmark Dealer,Manual,First Owner,21.2 kmpl,1582 CC,92.0 bhp,5.0
Tata Polo,2023,253000.0,56989.0,Petrol,Individual,Manual,First Owner,19.2 kmpl,1197 CC,106.9 bhp,5.0
Skoda Rapid,2007,67000.0,181234.0,Diesel,Individual,Automatic,Fourth & Above Owner,21.2 kmpl,1582 CC,120.0 bhp,5.0
Audi Nexon,2009,195000.0,196936.0,Petrol,Individual,Manual,First Owner,14.7 kmpl,2179 CC,143.5 bhp,5.0
Honda Rapid,2021,221000.0,82258.0,Diesel,Individual,Manual,First Owner,14.3 kmpl,998 CC,84.3 bhp,7.0
Volkswagen i20,2005,18000.0,229363.0,Petrol,Individual,Manual,First Owner,16.0 kmpl,796 CC,54.3 bhp,5.0
Maruti i20,2019,224000.0,109207.0,Petrol,Dealer,Manual,First Owner,13.1 kmpl,2179 CC,144.7 bhp,5.0
Ford Figo,2011,30000.0,240283.0,Petrol,Dealer,Manual,Second Owner,24.4 kmpl,796 CC,58.1 bhp,5.0
Tata Rapid,2008,35000.0,182036.0,Diesel,Dealer,Automatic,First Owner,14.8 kmpl,796 CC,54.6 bhp,5.0
Honda Polo,2009,39000.0,250816.0,Petrol,Individual,Manual,Second Owner,21.0 kmpl,1197 CC,76.2 bhp,5.0
Volkswagen XUV,2013,80000.0,132051.0,Diesel,Individual,Manual,First Owner,10.7 kmpl,1248 CC,68.9 bhp,7.0
Maruti Innova,2024,265000.0,30121.0,Petrol,Dealer,Manual,Second Owner,19.0 kmpl,1197 CC,106.3 bhp,5.0
Tata 320d,2024,271000.0,19665.0,Diesel,Individual,Manual,First Owner,12.2 kmpl,796 CC,62.6 bhp,5.0
Maruti City,2020,150000.0,65863.0,Petrol,Individual,Manual,First Owner,13.7 kmpl,1197 CC,103.8 bhp,5.0
Maruti Rapid,2022,147000.0,48949.0,Petrol,Individual,Manual,Second Owner,23.3 kmpl,796 CC,49.0 bhp,5.0
Maruti Nexon,2021,294000.0,50051.0,Diesel,Individual,Manual,Second Owner,10.8 kmpl,2179 CC,174.3 bhp,4.0
Volkswagen Innova,2005,47000.0,154273.0,Diesel,Individual,Automatic,First Owner,18.4 kmpl,1582 CC,103.1 bhp,5.0
Maruti Polo,2004,42000.0,201954.0,CNG,Individual,Automatic,First Owner,17.8 kmpl,2179 CC,146.7 bhp,5.0
Maruti XUV,2009,33000.0,219105.0,Petrol,Individual,Manual,First Owner,24.1 kmpl,998 CC,60.4 bhp,5.0
Tata Innova,2020,306000.0,89367.0,Petrol,Individual,Automatic,Second Owner,11.5 kmpl,2179 CC,146.4 bhp,5.0
Maruti i20,2006,27000.0,183805.0,LPG,Individual,Manual,Second Owner,18.8 kmpl,1248 CC,110.8 bhp,7.0
Skoda Swift,2015,173000.0,136157.0,Diesel,Individual,Automatic,First Owner,21.3 kmpl,1498 CC,94.6 bhp,5.0
Maruti Rapid,2004,13000.0,311552.0,Petrol,Individual,Manual,First Owner,21.9 kmpl,998 CC,70.4 bhp,5.0
Audi Swift,2015,206000.0,170709.0,Diesel,Trustmark Dealer,Manual,Second Owner,16.6 kmpl,796 CC,58.7 bhp,5.0
Hyundai 320d,2018,138000.0,100543.0,Petrol,Individual,Manual,First Owner,12.9 kmpl,1197 CC,65.9 bhp,5.0
BMW Swift,2004,102000.0,174882.0,Diesel,Individual,Automatic,First Owner,11.0 kmpl,998 CC,85.1 bhp,5.0
Hyundai Nexon,2013,137000.0,92045.0,Diesel,Individual,Automatic,Second Owner,11.0 kmpl,1248 CC,101.4 bhp,5.0
Tata i20,2022,228000.0,73827.0,Petrol,Dealer,Manual,First Owner,18.3 kmpl,1498 CC,88.2 bhp,4.0
Toyota 320d,2008,98000.0,117359.0,Petrol,Individual,Automatic,Second Owner,14.2 kmpl,2179 CC,125.9 bhp,5.0
Volkswagen A4,2004,43000.0,189126.0,Diesel,Individual,Manual,First Owner,24.6 kmpl,2179 CC,181.4 bhp,7.0
Maruti Rapid,2007,26000.0,178369.0,Petrol,Individual,Manual,Second Owner,20.7 kmpl,1248 CC,74.5 bhp,7.0
Maruti Rapid,2012,48000.0,100128.0,Petrol,Individual,Manual,Second Owner,13.5 kmpl,1498 CC,99.1 bhp,5.0
Tata Polo,2008,39000.0,157869.0,Diesel,Individual,Manual,First Owner,17.4 kmpl,1197 CC,82.4 bhp,7.0
Honda Innova,2020,344000.0,65265.0,Diesel,Dealer,Manual,Second Owner,13.9 kmpl,1968 CC,142.7 bhp,5.0
Ford Figo,2022,230000.0,52254.0,Diesel,Individual,Manual,First Owner,24.3 kmpl,998 CC,69.9 bhp,5.0
Toyota i20,2009,57000.0,129374.0,Petrol,Dealer,Automatic,First Owner,18.8 kmpl,796 CC,69.2 bhp,5.0
Hyundai Figo,2009,89000.0,150319.0,Petrol,Dealer,Automatic,First Owner,16.6 kmpl,1968 CC,151.9 bhp,5.0
Toyota City,2005,64000.0,258595.0,Petrol,Individual,Automatic,First Owner,22.8 kmpl,1968 CC,174.6 bhp,7.0
Hyundai XUV,2023,192000.0,43382.0,LPG,Individual,Manual,Third Owner,21.5 kmpl,998 CC,65.9 bhp,7.0
Toyota Polo,2013,127000.0,72893.0,Petrol,Individual,Manual,First Owner,23.1 kmpl,796 CC,57.1 bhp,5.0
Mahindra Nexon,2016,76000.0,136404.0,Petrol,Individual,Manual,Second Owner,22.6 kmpl,796 CC,47.6 bhp,5.0
Skoda A4,2007,33000.0,219447.0,Petrol,Dealer,Manual,Third Owner,22.5 kmpl,998 CC,89.0 bhp,5.0
Maruti Innova,2018,109000.0,93745.0,Diesel,Individual,Manual,Second Owner,10.8 kmpl,998 CC,,5.0
Skoda Polo,2012,67000.0,217637.0,CNG,Individual,Automatic,Second Owner,18.1 kmpl,1248 CC,,4.0
Skoda Figo,2015,151000.0,86246.0,Petrol,Individual,Manual,First Owner,25.0 kmpl,1582 CC,121.4 bhp,5.0
Toyota Polo,2010,122000.0,90193.0,Diesel,Dealer,Manual,First Owner,12.8 kmpl,1197 CC,99.6 bhp,7.0
Ford City,2012,56000.0,218416.0,Diesel,Individual,Automatic,First Owner,13.8 kmpl,998 CC,76.8 bhp,7.0
Skoda i20,2010,93000.0,192313.0,Petrol,Individual,Manual,First Owner,19.6 kmpl,1498 CC,,5.0
Audi Figo,2017,849000.0,70336.0,Diesel,Dealer,Manual,First Owner,12.3 kmpl,2179 CC,184.4 bhp,5.0
BMW Polo,2014,296000.0,179554.0,Petrol,Dealer,Manual,First Owner,18.9 kmpl,1248 CC,85.5 bhp,5.0
Tata Innova,2012,35000.0,171399.0,Petrol,Dealer,Manual,Second Owner,10.7 kmpl,796 CC,53.6 bhp,5.0
Honda 320d,2019,372000.0,77752.0,Petrol,Individual,Automatic,First Owner,12.7 kmpl,2179 CC,,5.0
Volkswagen Figo,2012,79000.0,100132.0,Petrol,Individual,Manual,First Owner,13.5 kmpl,1248 CC,85.0 bhp,5.0
Hyundai Swift,2017,218000.0,68314.0,Diesel,Trustmark Dealer,Automatic,First Owner,25.8 kmpl,1248 CC,111.3 bhp,5.0
Skoda A4,2024,463000.0,13552.0,Diesel,Individual,Manual,First Owner,19.0 kmpl,,76.6 bhp,5.0
Maruti i20,2005,32000.0,201841.0,LPG,Dealer,Automatic,First Owner,13.3 kmpl,1248 CC,95.5 bhp,7.0
Audi 320d,2019,850000.0,120964.0,Petrol,Individual,Automatic,Second Owner,18.6 kmpl,1968 CC,174.1 bhp,5.0
Toyota A4,2023,448000.0,39167.0,Petrol,Individual,Manual,Second Owner,13.2 kmpl,1582 CC,111.9 bhp,5.0
Hyundai Polo,2006,26000.0,167742.0,Petrol,Individual,Manual,Second Owner,17.2 kmpl,998 CC,65.5 bhp,5.0
Tata Polo,2022,259000.0,42071.0,Diesel,Dealer,Manual,First Owner,22.1 kmpl,998 CC,55.9 bhp,5.0
Honda Swift,2016,73000.0,108766.0,Petrol,Individual,Manual,Second Owner,12.2 kmpl,796 CC,51.9 bhp,5.0
Mahindra 320d,2011,97000.0,103635.0,Diesel,Individual,Manual,First Owner,17.0 kmpl,998 CC,65.2 bhp,5.0
Hyundai Swift,2015,175000.0,166794.0,Diesel,Individual,Manual,First Owner,24.0 kmpl,2179 CC,146.9 bhp,5.0
Audi Nexon,2012,252000.0,155997.0,Petrol,Individual,Manual,First Owner,24.4 kmpl,1498 CC,86.3 bhp,7.0
Skoda Swift,2024,601000.0,29159.0,Diesel,Individual,Manual,First Owner,18.0 kmpl,1968 CC,113.0 bhp,7.0
Maruti Nexon,2018,217000.0,111314.0,Diesel,Individual,Automatic,First Owner,11.2 kmpl,1968 CC,126.0 bhp,5.0
Maruti A4,2010,44000.0,100162.0,Diesel,Individual,Automatic,First Owner,13.8 kmpl,796 CC,59.3 bhp,7.0
Maruti Swift,2006,40000.0,108554.0,Petrol,Individual,Manual,Second Owner,24.2 kmpl,2179 CC,127.9 bhp,7.0
Audi City,2014,392000.0,104782.0,Petrol,Individual,Manual,Second Owner,14.9 kmpl,2179 CC,155.6 bhp,5.0
Toyota Nexon,2013,136000.0,170418.0,Petrol,Dealer,Manual,First Owner,22.4 kmpl,1248 CC,102.7 bhp,5.0
Maruti A4,2013,118000.0,119639.0,Diesel,Dealer,Manual,First Owner,19.8 kmpl,2179 CC,187.7 bhp,5.0
Ford Rapid,2025,376000.0,13162.0,Diesel,Individual,Manual,Second Owner,18.8 kmpl,1197 CC,107.0 bhp,5.0
Ford Figo,2015,192000.0,120070.0,Petrol,Individual,Automatic,First Owner,23.3 kmpl,2179 CC,189.9 bhp,5.0
Ford Figo,2004,37000.0,129518.0,Petrol,Individual,Manual,First Owner,15.6 kmpl,1498 CC,113.9 bhp,5.0
Hyundai City,2006,40000.0,224161.0,Diesel,Individual,Automatic,First Owner,23.2 kmpl,1498 CC,104.4 bhp,7.0
Honda XUV,2013,130000.0,96461.0,Petrol,Individual,Automatic,First Owner,22.4 kmpl,1248 CC,90.1 bhp,5.0
Maruti Nexon,2021,335000.0,32750.0,CNG,Dealer,Automatic,First Owner,18.3 kmpl,1582 CC,123.0 bhp,7.0
Toyota 320d,2014,250000.0,66117.0,Petrol,Individual,Manual,First Owner,22.2 kmpl,2179 CC,158.9 bhp,7.0
Maruti Figo,2010,38000.0,239865.0,Petrol,Individual,Manual,First Owner,25.6 kmpl,1582 CC,122.4 bhp,5.0
Ford Swift,2016,139000.0,138537.0,Diesel,Individual,Manual,Third Owner,10.8 kmpl,1582 CC,138.7 bhp,5.0
Tata 320d,2008,32000.0,256785.0,Diesel,Dealer,Manual,Third Owner,11.7 kmpl,1197 CC,69.9 bhp,7.0
Honda A4,2021,336000.0,70263.0,Diesel,Individual,Manual,First Owner,24.4 kmpl,1498 CC,89.9 bhp,4.0
Volkswagen City,2021,200000.0,95829.0,Petrol,Dealer,Manual,First Owner,24.2 kmpl,1197 CC,94.5 bhp,5.0
Volkswagen A4,2009,57000.0,251104.0,Petrol,Individual,Manual,First Owner,18.1 kmpl,2179 CC,141.7 bhp,5.0
Hyundai 320d,2006,39000.0,267265.0,Petrol,Individual,Manual,First Owner,14.5 kmpl,2179 CC,169.9 bhp,5.0
Honda Figo,2015,210000.0,92617.0,Petrol,Individual,Manual,First Owner,24.4 kmpl,1968 CC,156.3 bhp,7.0
Toyota Rapid,2009,74000.0,132943.0,Petrol,Individual,Manual,Second Owner,,1968 CC,120.7 bhp,5.0
Tata Swift,2022,246000.0,50423.0,Petrol,Dealer,Manual,First Owner,18.9 kmpl,1248 CC,97.5 bhp,5.0
Ford Swift,2007,52000.0,254493.0,Diesel,Individual,Manual,First Owner,17.7 kmpl,1968 CC,110.1 bhp,5.0
Maruti 320d,2018,178000.0,103410.0,Diesel,Individual,Manual,Second Owner,19.3 kmpl,2179 CC,149.2 bhp,5.0
Toyota XUV,2019,335000.0,74462.0,Petrol,Dealer,Manual,First Owner,19.7 kmpl,1197 CC,83.5 bhp,5.0
Tata Figo,2010,36000.0,89637.0,Petrol,Individual,Manual,Second Owner,16.6 kmpl,796 CC,52.1 bhp,5.0
Toyota City,2012,76000.0,199657.0,CNG,Individual,Manual,First Owner,,1197 CC,86.5 bhp,5.0
Maruti Swift,2021,345000.0,42656.0,Petrol,Individual,Manual,First Owner,12.0 kmpl,2179 CC,183.3 bhp,5.0
Honda XUV,2004,51000.0,237825.0,Diesel,Individual,Automatic,First Owner,10.0 kmpl,,163.7 bhp,7.0
Ford Innova,2021,277000.0,72009.0,Diesel,Individual,Manual,First Owner,17.7 kmpl,1968 CC,111.9 bhp,5.0
Hyundai Swift,2015,119000.0,81711.0,Diesel,Individual,Manual,First Owner,22.5 kmpl,1197 CC,97.0 bhp,5.0
Toyota Innova,2006,49000.0,258107.0,Petrol,Individual,Manual,First Owner,21.0 kmpl,1498 CC,128.7 bhp,5.0
Toyota Innova,2016,185000.0,59750.0,Petrol,Individual,Manual,Third Owner,21.3 kmpl,1197 CC,79.3 bhp,5.0
Toyota Innova,2018,179000.0,108492.0,Diesel,Individual,Manual,First Owner,14.6 kmpl,796 CC,52.2 bhp,5.0
Tata Innova,2016,137000.0,112347.0,Petrol,Individual,Manual,First Owner,12.3 kmpl,,113.0 bhp,5.0
Mahindra 320d,2012,142000.0,200343.0,Petrol,Individual,Automatic,First Owner,11.9 kmpl,2179 CC,189.2 bhp,5.0
Tata City,2023,282000.0,55312.0,Diesel,Individual,Manual,Second Owner,15.1 kmpl,1582 CC,110.4 bhp,5.0
Mahindra 320d,2010,94000.0,146724.0,CNG,Individual,Automatic,First Owner,20.7 kmpl,1582 CC,96.4 bhp,7.0
Tata Figo,2016,170000.0,72902.0,Petrol,Individual,Manual,First Owner,15.4 kmpl,2179 CC,135.5 bhp,7.0
Skoda 320d,2004,21000.0,293002.0,Diesel,Trustmark Dealer,Manual,First Owner,23.4 kmpl,998 CC,57.5 bhp,5.0
Toyota Nexon,2018,267000.0,80073.0,Diesel,Individual,Manual,First Owner,17.8 kmpl,998 CC,72.3 bhp,5.0
Honda Polo,2005,42000.0,114529.0,Diesel,Dealer,Automatic,First Owner,20.7 kmpl,998 CC,85.0 bhp,5.0
Toyota Nexon,2020,436000.0,91792.0,Diesel,Individual,Manual,First Owner,12.3 kmpl,1582 CC,123.5 bhp,5.0
Honda Rapid,2025,436000.0,18926.0,Diesel,Dealer,Manual,First Owner,25.4 kmpl,998 CC,79.0 bhp,5.0
Tata XUV,2018,119000.0,63242.0,Petrol,Individual,Manual,First Owner,25.5 kmpl,796 CC,60.2 bhp,5.0
Volkswagen Nexon,2015,80000.0,127106.0,Petrol,Individual,Manual,Second Owner,12.9 kmpl,998 CC,83.4 bhp,7.0
Mahindra City,2007,48000.0,119313.0,Diesel,Individual,Manual,First Owner,25.7 kmpl,998 CC,88.1 bhp,5.0
Hyundai Nexon,2023,285000.0,62692.0,Petrol,Individual,Manual,First Owner,25.3 kmpl,1248 CC,,5.0
Honda City,2012,93000.0,227835.0,Diesel,Individual,Manual,First Owner,22.7 kmpl,1582 CC,103.9 bhp,4.0
Toyota A4,2016,232000.0,79095.0,Diesel,Individual,Manual,Second Owner,13.6 kmpl,1968 CC,123.4 bhp,5.0
Mahindra Polo,2025,448000.0,32165.0,Petrol,Dealer,Manual,Third Owner,15.1 kmpl,1582 CC,117.9 bhp,5.0
Skoda Nexon,2024,394000.0,38419.0,Petrol,Dealer,Automatic,First Owner,15.1 kmpl,796 CC,64.1 bhp,5.0
Toyota City,2015,331000.0,90398.0,Diesel,Individual,Manual,First Owner,13.4 kmpl,2179 CC,164.6 bhp,5.0
Honda 320d,2013,76000.0,191310.0,Petrol,Individual,Automatic,Second Owner,21.9 kmpl,998 CC,72.4 bhp,5.0
Skoda 320d,2023,403000.0,38159.0,Petrol,Individual,Manual,First Owner,17.3 kmpl,1582 CC,103.1 bhp,5.0
Hyundai 320d,2016,130000.0,159840.0,Petrol,Dealer,Manual,First Owner,,1968 CC,122.1 bhp,5.0
Ford i20,2018,226000.0,62851.0,Diesel,Individual,Manual,Second Owner,22.2 kmpl,2179 CC,171.6 bhp,5.0
Mahindra Rapid,2015,167000.0,136930.0,Diesel,Individual,Manual,Second Owner,20.4 kmpl,2179 CC,146.4 bhp,4.0
Maruti 320d,2010,70000.0,133080.0,Diesel,Individual,Automatic,Second Owner,20.5 kmpl,1498 CC,109.1 bhp,5.0
Volkswagen XUV,2025,515000.0,12561.0,Diesel,Individual,Automatic,Second Owner,24.5 kmpl,1582 CC,112.8 bhp,5.0
Maruti Figo,2025,670000.0,9606.0,Diesel,Individual,Manual,First Owner,13.8 kmpl,2179 CC,176.5 bhp,5.0
Hyundai Figo,2018,237000.0,,Petrol,Dealer,Automatic,First Owner,18.7 kmpl,1582 CC,130.5 bhp,5.0
Maruti Swift,2018,145000.0,50634.0,Diesel,Dealer,Manual,Second Owner,20.5 kmpl,1197 CC,86.6 bhp,5.0
Mahindra Figo,2004,38000.0,,Diesel,Individual,Manual,First Owner,11.7 kmpl,1248 CC,90.1 bhp,4.0
Hyundai XUV,2024,844000.0,33856.0,Diesel,Individual,Automatic,First Owner,10.5 kmpl,2179 CC,127.2 bhp,5.0
Tata City,2009,46000.0,194637.0,Petrol,Individual,Manual,First Owner,14.2 kmpl,1498 CC,122.8 bhp,5.0
Maruti Swift,2009,35000.0,221629.0,Petrol,Individual,Manual,First Owner,11.2 kmpl,1582 CC,136.3 bhp,5.0
Hyundai i20,2012,50000.0,214610.0,Petrol,Individual,Manual,Second Owner,10.4 kmpl,,98.5 bhp,5.0
Honda 320d,2011,62000.0,92859.0,Diesel,Individual,Manual,First Owner,21.8 kmpl,796 CC,54.4 bhp,5.0
Hyundai i20,2004,42000.0,185770.0,Petrol,Dealer,Manual,First Owner,21.7 kmpl,2179 CC,167.5 bhp,5.0
Honda City,2004,23000.0,192086.0,Petrol,Individual,Manual,Second Owner,11.8 kmpl,1248 CC,,5.0
Hyundai Nexon,2010,45000.0,175030.0,Petrol,Individual,Manual,First Owner,23.1 kmpl,998 CC,80.7 bhp,5.0
Honda City,2025,401000.0,24711.0,Petrol,Individual,Automatic,First Owner,20.5 kmpl,796 CC,43.8 bhp,5.0
Volkswagen Figo,2011,58000.0,232379.0,Diesel,Individual,Manual,Second Owner,12.7 kmpl,1197 CC,71.0 bhp,7.0
Ford Innova,2023,316000.0,34497.0,Diesel,Individual,Manual,First Owner,21.7 kmpl,1248 CC,103.1 bhp,5.0
Hyundai Nexon,2025,358000.0,23931.0,Petrol,Individual,Automatic,Second Owner,16.2 kmpl,1248 CC,93.1 bhp,7.0
Skoda Rapid,2018,175000.0,78462.0,Diesel,Individual,Manual,Second Owner,19.2 kmpl,1197 CC,67.9 bhp,5.0
Honda City,2007,43000.0,205967.0,Diesel,Individual,Automatic,First Owner,25.5 kmpl,998 CC,55.4 bhp,5.0
Toyota Rapid,2005,37000.0,289839.0,Petrol,Trustmark Dealer,Automatic,Fourth & Above Owner,24.7 kmpl,1968 CC,136.8 bhp,5.0
Hyundai Figo,2020,406000.0,77140.0, petrol ,Dealer,Automatic,First Owner,18.5 kmpl,2179 CC,146.3 bhp,5.0
Ford i20,2017,104000.0,123464.0,Petrol,Individual,Manual,First Owner,19.2 kmpl,1248 CC,96.9 bhp,5.0
Maruti i20,2012,33000.0,194657.0,Petrol,Individual,Manual,First Owner,,796 CC,49.6 bhp,5.0
Tata Swift,2009,56000.0,186976.0,Petrol,Individual,Automatic,First Owner,21.4 kmpl,1248 CC,86.6 bhp,5.0
Volkswagen A4,2020,258000.0,60108.0,Diesel,Individual,Manual,Second Owner,13.2 kmpl,1582 CC,106.7 bhp,7.0
Maruti Polo,2024,573000.0,15486.0,Diesel,Individual,Manual,First Owner,25.3 kmpl,2179 CC,191.2 bhp,5.0
Hyundai Swift,2007,44000.0,170364.0,Petrol,Individual,Manual,First Owner,20.0 kmpl,1498 CC,101.5 bhp,5.0
Tata i20,2011,70000.0,132812.0,Petrol,Individual,Manual,First Owner,12.4 kmpl,1498 CC,117.8 bhp,5.0
Skoda Swift,2012,143000.0,142970.0,LPG,Individual,Manual,First Owner,10.2 kmpl,2179 CC,193.6 bhp,7.0
Ford i20,2010,95000.0,137458.0,Diesel,Individual,Automatic,First Owner,17.2 kmpl,1968 CC,114.2 bhp,5.0
Maruti Swift,2016,169000.0,60325.0,Petrol,Individual,Manual,First Owner,16.3 kmpl,2179 CC,191.0 bhp,5.0
Maruti Swift,2024,328000.0,23666.0,Diesel,Dealer,Manual,First Owner,13.9 kmpl,796 CC,59.6 bhp,4.0
BMW i20,2022,1036000.0,29402.0,Petrol,Individual,Manual,First Owner,21.7 kmpl,1582 CC,91.5 bhp,5.0
Volkswagen A4,2016,196000.0,61960.0,CNG,Individual,Manual,First Owner,11.9 kmpl,1968 CC,167.1 bhp,5.0
Honda A4,2005,38000.0,241645.0,Petrol,Dealer,Automatic,Second Owner,11.0 kmpl,1968 CC,129.5 bhp,5.0
Tata A4,2015,73000.0,75508.0,Petrol,Individual,Manual,Second Owner,20.7 kmpl,998 CC,74.0 bhp,5.0
Hyundai 320d,2004,22000.0,127643.0,Petrol,Individual,Manual,Second Owner,21.5 kmpl,1248 CC,107.0 bhp,5.0
Tata Figo,2005,22000.0,265306.0,Petrol,Individual,Manual,First Owner,24.6 kmpl,1582 CC,97.4 bhp,5.0
Audi Nexon,2021,759000.0,92593.0,Petrol,Dealer,Manual,Third Owner,17.4 kmpl,1498 CC,131.7 bhp,7.0
Skoda Swift,2020,318000.0,106533.0,Diesel,Trustmark Dealer,Manual,First Owner,11.6 kmpl,1197 CC,71.0 bhp,5.0
Maruti A4,2025,265000.0,19847.0,Diesel,Dealer,Manual,First Owner,24.6 kmpl,796 CC,48.4 bhp,5.0
Tata Innova,2018,148000.0,126456.0,Petrol,Individual,Manual,First Owner,19.2 kmpl,1968 CC,130.9 bhp,7.0
Hyundai Innova,2017,150000.0,84532.0,Petrol,Individual,Manual,First Owner,22.8 kmpl,1582 CC,129.0 bhp,5.0
Ford City,2011,60000.0,214186.0,CNG,Individual,Manual,First Owner,15.5 kmpl,1248 CC,107.0 bhp,5.0
Honda Swift,2008,47000.0,149315.0,Diesel,Individual,Automatic,Second Owner,22.2 kmpl,998 CC,63.9 bhp,7.0
Maruti i20,2006,34000.0,253853.0,Petrol,Individual,Manual,First Owner,,2179 CC,188.3 bhp,7.0
Honda Figo,2004,20000.0,259042.0,Diesel,Individual,Manual,First Owner,12.2 kmpl,796 CC,49.6 bhp,5.0
Mahindra Figo,2012,142000.0,166128.0,Diesel,Individual,Manual,First Owner,10.0 kmpl,2179 CC,174.5 bhp,7.0
Toyota Polo,2006,49000.0,256886.0,Petrol,Individual,Automatic,First Owner,11.5 kmpl,1582 CC,116.5 bhp,5.0
Tata Nexon,2007,31000.0,248954.0,CNG,Individual,Automatic,Second Owner,12.4 kmpl,1582 CC,121.2 bhp,5.0
Toyota Polo,2024,741000.0,15979.0,Diesel,Individual,Automatic,First Owner,23.5 kmpl,1498 CC,125.6 bhp,5.0
Toyota Figo,2014,149000.0,177122.0,Petrol,Individual,Manual,First Owner,15.2 kmpl,1498 CC,122.3 bhp,5.0
Maruti City,2019,148000.0,98232.0,Diesel,Individual,Manual,Second Owner,12.3 kmpl,1248 CC,77.4 bhp,5.0
Ford City,2012,143000.0,121805.0,Diesel,Dealer,Manual,First Owner,20.3 kmpl,1968 CC,154.2 bhp,5.0
Tata Figo,2014,104000.0,95083.0,Petrol,Individual,Automatic,First Owner,16.8 kmpl,1248 CC,79.0 bhp,4.0
Mahindra Swift,2022,499000.0,,Petrol,Individual,Automatic,First Owner,19.5 kmpl,1498 CC,90.9 bhp,5.0
Skoda Figo,2014,93000.0,176869.0,Diesel,Individual,Automatic,Second Owner,11.2 kmpl,998 CC,89.3 bhp,5.0
Ford i20,2024,416000.0,33751.0,Diesel,Individual,Manual,First Owner,11.7 kmpl,1582 CC,124.5 bhp,5.0
Hyundai Swift,2025,376000.0,17914.0,Petrol,Individual,Manual,First Owner,13.5 kmpl,796 CC,64.6 bhp,5.0
Ford XUV,2006,58000.0,135935.0,Petrol,Individual,Automatic,Second Owner,19.6 kmpl,2179 CC,162.9 bhp,5.0
Tata Rapid,2015,50000.0,165977.0,Petrol,Individual,Automatic,Third Owner,15.5 kmpl,796 CC,48.1 bhp,5.0
Toyota 320d,2004,60000.0,169762.0,Diesel,Individual,Manual,Second Owner,22.6 kmpl,2179 CC,156.9 bhp,5.0
Hyundai 320d,2015,95000.0,72012.0,Petrol,Individual,Manual,Third Owner,18.7 kmpl,1197 CC,99.9 bhp,5.0
Tata City,2018,186000.0,66640.0,Petrol,Dealer,Manual,Second Owner,24.1 kmpl,2179 CC,176.5 bhp,
Maruti Swift,2013,81000.0,106454.0,Petrol,Dealer,Manual,First Owner,19.7 kmpl,1498 CC,93.6 bhp,5.0
Maruti Figo,2006,25000.0,299976.0,Diesel,Individual,Manual,First Owner,21.5 kmpl,1498 CC,99.7 bhp,5.0
Toyota Polo,2015,192000.0,141885.0,Diesel,Individual,Automatic,Third Owner,23.9 kmpl,,160.1 bhp,5.0
Maruti A4,2022,310000.0,67770.0,Diesel,Individual,Manual,First Owner,15.1 kmpl,2179 CC,127.3 bhp,5.0
Toyota XUV,2022,343000.0,40177.0,Petrol,Dealer,Manual,First Owner,22.8 kmpl,998 CC,85.0 bhp,7.0
Tata Nexon,2004,19000.0,244023.0,Diesel,Individual,Manual,Second Owner,23.8 kmpl,1197 CC,74.9 bhp,7.0
Ford Swift,2024,560000.0,16875.0,Diesel,Individual,Automatic,First Owner,14.5 kmpl,1498 CC,132.8 bhp,5.0
Volkswagen Figo,2012,46000.0,226715.0,Petrol,Dealer,Manual,Third Owner,15.1 kmpl,1248 CC,91.7 bhp,5.0
BMW City,2022,640000.0,56543.0,Diesel,Individual,Manual,First Owner,15.1 kmpl,796 CC,48.7 bhp,5.0
Mahindra Rapid,2022,497000.0,77136.0,Diesel,Dealer,Manual,First Owner,24.7 kmpl,1968 CC,121.2 bhp,7.0
Honda Innova,2005,49000.0,134942.0,Diesel,Individual,Automatic,First Owner,21.6 kmpl,1197 CC,72.0 bhp,5.0
Maruti XUV,2014,58000.0,170757.0,Petrol,Individual,Manual,Second Owner,13.5 kmpl,1582 CC,131.4 bhp,5.0
Maruti 320d,2018,174000.0,104894.0,Diesel,Individual,Manual,Second Owner,22.7 kmpl,1968 CC,117.8 bhp,7.0
Volkswagen Polo,2007,18000.0,297832.0,Petrol,Individual,Manual,First Owner,11.2 kmpl,796 CC,63.4 bhp,7.0
Maruti 320d,2011,48000.0,225297.0,Diesel,Dealer,Manual,Second Owner,24.0 kmpl,1248 CC,101.2 bhp,4.0
Skoda XUV,2024,381000.0,31698.0,Diesel,Individual,Manual,Second Owner,17.1 kmpl,1248 CC,95.7 bhp,5.0
Tata City,2025,345000.0,11113.0,Diesel,Individual,Manual,First Owner,16.6 kmpl,998 CC,61.3 bhp,5.0
Maruti Polo,2013,76000.0,158103.0,Diesel,Trustmark Dealer,Automatic,First Owner,20.3 kmpl,1248 CC,79.0 bhp,5.0
Honda Innova,2008,56000.0,151100.0,CNG,Dealer,Manual,First Owner,13.4 kmpl,1248 CC,73.5 bhp,5.0
Honda Nexon,2009,58000.0,266931.0,Petrol,Individual,Automatic,First Owner,13.1 kmpl,1498 CC,127.5 bhp,5.0
Maruti Figo,2007,19000.0,241420.0,Diesel,Individual,Manual,Second Owner,10.9 kmpl,796 CC,52.1 bhp,7.0
BMW XUV,2006,96000.0,237654.0,CNG,Individual,Manual,Fourth & Above Owner,17.0 kmpl,1248 CC,108.0 bhp,5.0
Mahindra 320d,2012,61000.0,174294.0,Diesel,Individual,Manual,Fourth & Above Owner,24.3 kmpl,1248 CC,98.8 bhp,5.0
BMW XUV,2020,649000.0,53119.0,Diesel,Individual,Manual,Second Owner,15.0 kmpl,,88.4 bhp,5.0
Hyundai Figo,2020,133000.0,92142.0,Diesel,Dealer,Manual,Second Owner,22.8 kmpl,998 CC,85.5 bhp,7.0
Toyota 320d,2005,50000.0,241502.0,Diesel,Individual,Manual,First Owner,16.7 kmpl,1498 CC,114.1 bhp,5.0
Maruti i20,2021,469000.0,39886.0,Diesel,Individual,Automatic,First Owner,25.9 kmpl,2179 CC,147.8 bhp,4.0
Volkswagen Innova,2017,170000.0,62849.0,Petrol,Individual,Manual,Second Owner,16.2 kmpl,1248 CC,79.7 bhp,7.0
Maruti i20,2014,72000.0,114918.0,Petrol,Dealer,Manual,First Owner,10.5 kmpl,1248 CC,94.3 bhp,5.0
Maruti City,2006,47000.0,146269.0,Diesel,Individual,Manual,First Owner,21.1 kmpl,2179 CC,165.8 bhp,5.0
Volkswagen Nexon,2012,50000.0,,CNG,Individual,Manual,First Owner,12.4 kmpl,796 CC,49.8 bhp,5.0
Mahindra 320d,2005,34000.0,304858.0,Petrol,Individual,Manual,First Owner,12.1 kmpl,1582 CC,137.5 bhp,5.0
Honda City,2020,142000.0,102382.0,Petrol,Individual,Manual,First Owner,19.7 kmpl,796 CC,59.7 bhp,5.0
Toyota XUV,2024,653000.0,26621.0,Petrol,Dealer,Manual,First Owner,17.2 kmpl,1582 CC,132.7 bhp,7.0
Maruti Nexon,2014,60000.0,137296.0,CNG,Individual,Manual,First Owner,22.2 kmpl,796 CC,58.1 bhp,5.0
Tata A4,2020,209000.0,109927.0,Diesel,Individual,Automatic,First Owner,15.0 kmpl,998 CC,81.3 bhp,5.0
Mahindra XUV,2007,54000.0,141294.0,Petrol,Individual,Manual,First Owner,22.4 kmpl,1197 CC,67.4 bhp,
Hyundai Polo,2005,19000.0,,Petrol,Individual,Manual,First Owner,23.3 kmpl,796 CC,45.3 bhp,5.0
Hyundai i20,2014,90000.0,145067.0,Diesel,Dealer,Manual,Second Owner,14.5 kmpl,1498 CC,114.1 bhp,4.0
Mahindra Figo,2011,113000.0,80985.0,Petrol,Individual,Manual,First Owner,13.5 kmpl,2179 CC,188.4 bhp,5.0
Maruti Nexon,2025,512000.0,16323.0,Petrol,Individual,Manual,First Owner,12.1 kmpl,2179 CC,186.3 bhp,5.0
Volkswagen Polo,2020,156000.0,92359.0,Petrol,Individual,Manual,First Owner,24.9 kmpl,1197 CC,70.5 bhp,5.0
Tata Innova,2020,174000.0,33666.0,Petrol,Individual,Manual,First Owner,17.9 kmpl,998 CC,57.8 bhp,5.0
Hyundai City,2019,257000.0,94004.0,CNG,Individual,Automatic,Second Owner,24.7 kmpl,2179 CC,125.8 bhp,5.0
Mahindra i20,2007,66000.0,206150.0,Petrol,Individual,Manual,First Owner,19.4 kmpl,1968 CC,140.3 bhp,5.0
Hyundai A4,2021,218000.0,32498.0,Petrol,Individual,Automatic,First Owner,12.2 kmpl,796 CC,67.0 bhp,5.0
Tata 320d,2025,446000.0,16019.0,Petrol,Individual,Manual,Third Owner,24.3 kmpl,2179 CC,189.1 bhp,5.0
Tata Figo,2021,220000.0,86730.0,Petrol,Individual,Manual,Second Owner,25.8 kmpl,2179 CC,137.3 bhp,7.0
Hyundai Rapid,2017,212000.0,90159.0,Petrol,Individual,Automatic,First Owner,16.4 kmpl,1582 CC,139.4 bhp,5.0
Tata 320d,2018,182000.0,103394.0,Petrol,Individual,Manual,First Owner,24.2 kmpl,1498 CC,99.7 bhp,5.0
Hyundai Swift,2024,340000.0,22878.0,Petrol,Trustmark Dealer,Manual,First Owner,21.7 kmpl,998 CC,63.8 bhp,5.0
Hyundai 320d,2014,145000.0,130590.0,Diesel,Individual,Manual,First Owner,10.9 kmpl,2179 CC,188.3 bhp,5.0
Hyundai XUV,2006,24000.0,250225.0,Petrol,Individual,Manual,First Owner,22.4 kmpl,1197 CC,67.0 bhp,5.0
Tata City,2024,255000.0,29979.0,Petrol,Individual,Manual,First Owner,10.3 kmpl,796 CC,54.4 bhp,5.0
Volkswagen Nexon,2019,151000.0,97731.0,Petrol,Individual,Automatic,Second Owner,14.7 kmpl,1197 CC,66.6 bhp,5.0
Hyundai A4,2007,38000.0,251316.0,Petrol,Dealer,Manual,Second Owner,16.5 kmpl,2179 CC,142.7 bhp,5.0
Volkswagen Figo,2016,70000.0,157989.0,Petrol,Individual,Manual,First Owner,19.8 kmpl,796 CC,59.1 bhp,5.0
Honda Innova,2008,52000.0,196777.0,Diesel,Individual,Manual,Second Owner,18.7 kmpl,1968 CC,154.6 bhp,5.0
Honda i20,2022,204000.0,67794.0,Petrol,Individual,Manual,First Owner,13.4 kmpl,796 CC,71.0 bhp,5.0
Ford XUV,2018,125000.0,95752.0,Petrol,Individual,Manual,First Owner,23.7 kmpl,1197 CC,103.2 bhp,7.0
Hyundai Innova,2013,95000.0,182117.0,Diesel,Dealer,Automatic,First Owner,25.2 kmpl,1248 CC,107.9 bhp,5.0
Maruti City,2006,23000.0,226120.0,Petrol,Individual,Manual,First Owner,18.3 kmpl,1248 CC,77.7 bhp,5.0
Honda i20,2012,110000.0,163651.0,Diesel,Dealer,Manual,First Owner,,1582 CC,136.6 bhp,5.0
Tata i20,2007,58000.0,123991.0,Diesel,Individual,Manual,Third Owner,,2179 CC,180.2 bhp,
Maruti Polo,2012,100000.0,89716.0,Diesel,Individual,Manual,First Owner,17.5 kmpl,1582 CC,125.4 bhp,5.0
Maruti Rapid,2022,301000.0,53291.0,CNG,Individual,Manual,Third Owner,17.8 kmpl,2179 CC,184.4 bhp,5.0
Volkswagen Polo,2009,35000.0,252263.0,Petrol,Individual,Manual,Second Owner,24.1 kmpl,1248 CC,69.8 bhp,7.0
Hyundai Rapid,2015,74000.0,95545.0,Petrol,Dealer,Manual,Third Owner,14.2 kmpl,998 CC,89.8 bhp,4.0
Mahindra XUV,2025,525000.0,16039.0,Diesel,Trustmark Dealer,Manual,Second Owner,17.5 kmpl,1968 CC,169.8 bhp,4.0
Hyundai Rapid,2025,601000.0,23646.0,Diesel,Dealer,Manual,First Owner,14.9 kmpl,1582 CC,132.5 bhp,5.0
Tata City,2008,27000.0,274148.0,Diesel,Individual,Manual,First Owner,12.9 kmpl,998 CC,69.6 bhp,5.0
BMW 320d,2015,371000.0,105847.0,Petrol,Trustmark Dealer,Manual,Third Owner,21.1 kmpl,1968 CC,119.0 bhp,5.0
Volkswagen XUV,2009,59000.0,108282.0,Diesel,Dealer,Automatic,First Owner,19.7 kmpl,796 CC,53.5 bhp,5.0
Mahindra Polo,2015,95000.0,,Petrol,Dealer,Automatic,Second Owner,17.9 kmpl,796 CC,,5.0
Ford i20,2017,175000.0,151121.0,Diesel,Individual,Automatic,First Owner,16.6 kmpl,1248 CC,111.9 bhp,5.0
Tata Polo,2010,49000.0,196183.0,Petrol,Trustmark Dealer,Manual,First Owner,25.5 kmpl,1498 CC,133.1 bhp,5.0
Skoda XUV,2016,163000.0,131753.0,Petrol,Dealer,Manual,First Owner,12.1 kmpl,1582 CC,140.5 bhp,5.0
Mahindra i20,2006,43000.0,161840.0,Petrol,Trustmark Dealer,Manual,First Owner,24.5 kmpl,998 CC,71.7 bhp,5.0
Honda Swift,2008,50000.0,147417.0,Petrol,Individual,Manual,First Owner,15.3 kmpl,1498 CC,109.2 bhp,7.0
Maruti Polo,2023,433000.0,25161.0,Petrol,Individual,Automatic,First Owner,17.6 kmpl,1968 CC,148.9 bhp,5.0
Maruti XUV,2016,83000.0,75849.0,Petrol,Individual,Manual,Second Owner,12.1 kmpl,998 CC,74.9 bhp,5.0
Tata XUV,2014,83000.0,189870.0,Petrol,Individual,Manual,First Owner,16.5 kmpl,1197 CC,92.4 bhp,5.0
Hyundai Rapid,2004,28000.0,241633.0,Diesel,Individual,Manual,First Owner,16.2 kmpl,1498 CC,123.2 bhp,5.0
Tata Figo,2021,354000.0,31904.0,Diesel,Individual,Automatic,First Owner,23.6 kmpl,1498 CC,95.2 bhp,5.0
Skoda Swift,2020,400000.0,75612.0,Diesel,Individual,Manual,First Owner,12.5 kmpl,2179 CC,122.7 bhp,5.0
Maruti Innova,2020,171000.0,44471.0,Diesel,Individual,Manual,First Owner,18.8 kmpl,1248 CC,98.8 bhp,5.0
Volkswagen Swift,2011,77000.0,142665.0,Diesel,Individual,Automatic,First Owner,20.5 kmpl,796 CC,47.0 bhp,7.0
Toyota 320d,2015,212000.0,114173.0,Diesel,Individual,Manual,First Owner,10.9 kmpl,1498 CC,98.3 bhp,5.0
Hyundai 320d,2021,415000.0,65502.0,CNG,Individual,Manual,First Owner,14.2 kmpl,2179 CC,131.8 bhp,5.0
Volkswagen A4,2005,26000.0,162799.0,Petrol,Dealer,Manual,First Owner,25.7 kmpl,1197 CC,87.0 bhp,5.0
Toyota 320d,2008,56000.0,178718.0,Diesel,Dealer,Manual,First Owner,23.9 kmpl,796 CC,45.8 bhp,5.0
Maruti Innova,2021,178000.0,87612.0,Petrol,Individual,Manual,First Owner,11.2 kmpl,998 CC,76.8 bhp,5.0
Tata Figo,2021,210000.0,53817.0,Diesel,Individual,Manual,Second Owner,13.8 kmpl,1197 CC,82.4 bhp,5.0
Mahindra A4,2007,70000.0,182933.0,Diesel,Individual,Automatic,First Owner,19.4 kmpl,1498 CC,83.8 bhp,5.0
BMW Innova,2014,266000.0,113659.0,Petrol,Individual,Manual,First Owner,19.7 kmpl,,60.5 bhp,5.0
Hyundai A4,2018,170000.0,56229.0,Petrol,Dealer,Manual,First Owner,18.2 kmpl,,,5.0
Toyota A4,2024,357000.0,21691.0,Petrol,Individual,Manual,Third Owner,12.7 kmpl,998 CC,62.4 bhp,5.0
Mahindra Polo,2018,213000.0,114926.0,Diesel,Individual,Manual,First Owner,24.2 kmpl,1197 CC,106.0 bhp,5.0
Maruti Nexon,2007,44000.0,238879.0,Diesel,Individual,Manual,Second Owner,21.3 kmpl,2179 CC,162.0 bhp,5.0
Toyota i20,2007,40000.0,289519.0,Petrol,Individual,Manual,First Owner,13.7 kmpl,,85.9 bhp,5.0
Volkswagen City,2012,44000.0,160400.0,Diesel,Individual,Manual,Second Owner,15.7 kmpl,796 CC,56.6 bhp,5.0
Maruti Polo,2025,345000.0,17090.0,Diesel,Individual,Manual,First Owner,14.9 kmpl,998 CC,87.2 bhp,5.0
Ford 320d,2010,101000.0,156140.0,Diesel,Individual,Automatic,First Owner,23.8 kmpl,1968 CC,137.0 bhp,5.0
Skoda XUV,2023,424000.0,25927.0,Diesel,Dealer,Manual,First Owner,23.6 kmpl,1197 CC,86.1 bhp,5.0
Tata A4,2023,255000.0,35251.0,Diesel,Individual,Manual,First Owner,10.7 kmpl,796 CC,49.9 bhp,5.0
Maruti i20,2010,56000.0,114144.0,Petrol,Dealer,Manual,First Owner,13.8 kmpl,1968 CC,166.0 bhp,7.0
Maruti Nexon,2018,236000.0,110880.0,Diesel,Dealer,Manual,First Owner,24.0 kmpl,2179 CC,171.9 bhp,5.0
Mahindra A4,2024,768000.0,31846.0,Petrol,Individual,Automatic,First Owner,25.1 kmpl,2179 CC,125.0 bhp,5.0
Maruti City,2012,54000.0,154963.0,Diesel,Individual,Automatic,Second Owner,14.2 kmpl,796 CC,46.0 bhp,5.0
Hyundai Polo,2020,242000.0,81273.0,Petrol,Individual,Automatic,Third Owner,10.5 kmpl,1498 CC,112.0 bhp,4.0
Honda A4,2024,439000.0,21851.0,Diesel,Individual,Manual,Second Owner,15.5 kmpl,998 CC,87.9 bhp,7.0
Skoda i20,2013,83000.0,130989.0,Petrol,Individual,Manual,Third Owner,12.2 kmpl,1197 CC,81.3 bhp,5.0
Maruti i20,2023,325000.0,45966.0,Diesel,Dealer,Manual,First Owner,18.6 kmpl,1498 CC,94.3 bhp,5.0
BMW 320d,2009,255000.0,203752.0,Petrol,Individual,Automatic,First Owner,23.4 kmpl,1582 CC,127.7 bhp,5.0
Honda City,2015,133000.0,130745.0,Petrol,Individual,Manual,First Owner,24.2 kmpl,1582 CC,132.5 bhp,7.0
BMW Swift,2017,372000.0,107782.0,Petrol,Individual,Manual,First Owner,,1197 CC,70.6 bhp,5.0
Skoda XUV,2025,519000.0,11872.0,Petrol,Trustmark Dealer,Manual,First Owner,19.4 kmpl,1197 CC,70.4 bhp,5.0
Honda City,2009,84000.0,172397.0,Diesel,Individual,Automatic,First Owner,17.1 kmpl,1248 CC,103.3 bhp,5.0
Volkswagen i20,2025,263000.0,13288.0,Petrol,Individual,Manual,Second Owner,13.6 kmpl,998 CC,82.1 bhp,4.0
Tata A4,2007,33000.0,295105.0,Diesel,Dealer,Manual,Fourth & Above Owner,16.8 kmpl,1968 CC,170.2 bhp,5.0
Hyundai City,2005,17000.0,196887.0,Petrol,Individual,Manual,Second Owner,21.7 kmpl,796 CC,70.1 bhp,5.0
Tata Swift,2005,28000.0,223009.0,Diesel,Individual,Manual,Second Owner,12.7 kmpl,1498 CC,105.1 bhp,7.0
Volkswagen Swift,2014,80000.0,128477.0,Petrol,Individual,Manual,First Owner,,796 CC,52.8 bhp,7.0
Toyota A4,2099,247000.0,124967.0,CNG,Individual,Manual,Second Owner,10.7 kmpl,1968 CC,143.4 bhp,7.0
Hyundai Figo,2018,156000.0,95281.0,Diesel,Individual,Manual,Second Owner,10.0 kmpl,1197 CC,69.1 bhp,5.0
Hyundai Nexon,2014,122000.0,164899.0,Diesel,Individual,Manual,Third Owner,14.6 kmpl,2179 CC,131.2 bhp,5.0
Maruti A4,2025,310000.0,13567.0,Petrol,Individual,Manual,Second Owner,11.7 kmpl,1248 CC,100.9 bhp,5.0
Ford Swift,2023,211000.0,35868.0,Petrol,Dealer,Manual,First Owner,19.0 kmpl,796 CC,46.0 bhp,5.0
Maruti Nexon,2015,88000.0,107780.0,Petrol,Individual,Manual,Second Owner,18.1 kmpl,1498 CC,88.6 bhp,5.0
Skoda i20,2017,202000.0,140698.0,Diesel,Individual,Manual,First Owner,22.7 kmpl,1248 CC,100.5 bhp,7.0
Mahindra Rapid,2023,674000.0,26658.0,Diesel,Dealer,Manual,First Owner,10.2 kmpl,1968 CC,158.0 bhp,5.0
Mahindra i20,2025,357000.0,17377.0,Petrol,Individual,Manual,Second Owner,24.5 kmpl,1248 CC,90.8 bhp,
Toyota Rapid,2012,128000.0,122620.0,Diesel,Trustmark Dealer,Manual,First Owner,11.2 kmpl,1197 CC,77.7 bhp,5.0
Ford Figo,2016,82000.0,154633.0,Petrol,Individual,Manual,First Owner,11.0 kmpl,998 CC,57.8 bhp,7.0
Honda Nexon,2006,52000.0,110272.0,Petrol,Individual,Manual,First Owner,18.6 kmpl,1968 CC,113.1 bhp,7.0
Toyota Polo,2011,114000.0,198925.0,Diesel,Individual,Manual,Second Owner,22.4 kmpl,1968 CC,122.4 bhp,5.0
Mahindra Polo,2014,82000.0,180505.0,Petrol,Individual,Manual,First Owner,10.2 kmpl,796 CC,64.0 bhp,5.0
Mahindra i20,2022,333000.0,40643.0,Petrol,Individual,Manual,First Owner,25.4 kmpl,1248 CC,94.9 bhp,5.0
Ford 320d,2019,157000.0,86904.0,Petrol,Individual,Automatic,First Owner,21.3 kmpl,1248 CC,103.4 bhp,7.0
Toyota Swift,2014,141000.0,80776.0,Petrol,Dealer,Manual,First Owner,20.0 kmpl,998 CC,54.9 bhp,5.0
Tata City,2005,58000.0,152200.0,Diesel,Dealer,Automatic,First Owner,22.6 kmpl,2179 CC,175.4 bhp,5.0
Audi Polo,2013,251000.0,204733.0,Diesel,Dealer,Automatic,First Owner,24.9 kmpl,1197 CC,74.9 bhp,5.0
Toyota Figo,2024,488000.0,29462.0,Petrol,Individual,Manual,Second Owner,14.1 kmpl,1248 CC,93.4 bhp,5.0
BMW XUV,2019,991000.0,68135.0,Diesel,Individual,Manual,First Owner,15.4 kmpl,1968 CC,143.0 bhp,5.0
Tata Innova,2021,127000.0,60614.0,Petrol,Individual,Manual,Third Owner,,796 CC,,5.0
Honda XUV,2015,195000.0,92879.0,Petrol,Dealer,Manual,First Owner,22.4 kmpl,2179 CC,194.6 bhp,5.0
Maruti Nexon,2014,63000.0,185041.0,Petrol,Individual,Automatic,Second Owner,20.9 kmpl,1582 CC,106.2 bhp,5.0
Maruti Swift,2008,63000.0,234816.0,Diesel,Individual,Automatic,First Owner,14.7 kmpl,,118.9 bhp,5.0
Tata i20,2012,104000.0,120317.0,Diesel,Individual,Manual,First Owner,17.3 kmpl,1582 CC,141.6 bhp,5.0
Toyota Rapid,2008,56000.0,269612.0,Diesel,Individual,Automatic,Third Owner,11.2 kmpl,1197 CC,72.1 bhp,5.0
Tata 320d,2018,144000.0,104236.0,Diesel,Individual,Manual,First Owner,24.7 kmpl,1498 CC,118.1 bhp,5.0
Maruti Rapid,2024,378000.0,46933.0,Diesel,Individual,Manual,Fourth & Above Owner,13.5 kmpl,1498 CC,105.5 bhp,5.0
Tata i20,2012,67000.0,179041.0,Diesel,Dealer,Manual,Second Owner,24.6 kmpl,1582 CC,,5.0
Mahindra A4,2020,334000.0,79606.0,Petrol,Individual,Automatic,First Owner,23.8 kmpl,1968 CC,116.5 bhp,5.0
Hyundai XUV,2005,26000.0,291625.0,Petrol,Individual,Manual,First Owner,24.8 kmpl,2179 CC,176.6 bhp,5.0
Volkswagen A4,2021,217000.0,39772.0,Petrol,Individual,Automatic,Second Owner,15.8 kmpl,998 CC,67.9 bhp,7.0
Honda Nexon,2012,99000.0,165167.0,Petrol,Individual,Automatic,Third Owner,22.0 kmpl,1968 CC,164.2 bhp,5.0
Hyundai XUV,2011,41000.0,169759.0,Petrol,Dealer,Manual,Second Owner,13.3 kmpl,796 CC,53.1 bhp,5.0
Maruti Figo,2025,352000.0,16305.0,Petrol,Individual,Manual,Second Owner,12.3 kmpl,1582 CC,99.2 bhp,7.0
Hyundai Figo,2020,192000.0,38221.0,Petrol,Individual,Manual,First Owner,19.1 kmpl,796 CC,65.1 bhp,5.0
Hyundai City,2006,27000.0,186519.0,Diesel,Dealer,Manual,Second Owner,15.9 kmpl,1197 CC,78.0 bhp,
Mahindra Rapid,2025,693000.0,17066.0,Petrol,Dealer,Manual,First Owner,18.8 kmpl,1968 CC,167.3 bhp,7.0
Hyundai Polo,2023,642000.0,28007.0,Diesel,Dealer,Manual,First Owner,22.4 kmpl,2179 CC,166.0 bhp,4.0
Honda Nexon,2007,57000.0,177728.0,Petrol,Individual,Manual,First Owner,20.5 kmpl,1968 CC,175.1 bhp,5.0
Honda A4,2004,28000.0,239763.0,Diesel,Individual,Manual,First Owner,21.5 kmpl,1248 CC,84.3 bhp,5.0
Skoda Figo,2018,264000.0,74773.0,Petrol,Individual,Manual,Second Owner,11.5 kmpl,2179 CC,186.3 bhp,5.0
Hyundai Swift,2024,364000.0,37556.0,Petrol,Individual,Manual,First Owner,17.8 kmpl,998 CC,69.5 bhp,7.0
Toyota i20,2022,261000.0,53905.0,Petrol,Individual,Manual,Second Owner,13.9 kmpl,796 CC,69.1 bhp,7.0
Honda Innova,2018,208000.0,100143.0,Diesel,Individual,Manual,First Owner,11.5 kmpl,1248 CC,94.6 bhp,5.0
Mahindra City,2015,119000.0,138373.0,Petrol,Individual,Manual,Fourth & Above Owner,15.7 kmpl,1968 CC,161.9 bhp,5.0
Maruti City,2016,119000.0,109108.0,Diesel,Dealer,Manual,First Owner,12.7 kmpl,1248 CC,92.3 bhp,5.0
Tata Figo,2007,36000.0,208437.0,Petrol,Individual,Manual,First Owner,17.2 kmpl,1498 CC,83.6 bhp,5.0
Maruti Nexon,2011,60000.0,142327.0,Petrol,Individual,Manual,First Owner,17.1 kmpl,1248 CC,103.5 bhp,5.0
Honda 320d,2016,147000.0,145900.0,Petrol,Individual,Manual,Second Owner,11.5 kmpl,1582 CC,87.7 bhp,5.0
Maruti i20,2011,61000.0,148175.0,Petrol,Individual,Manual,First Owner,19.5 kmpl,1248 CC,98.6 bhp,7.0
Toyota Innova,2021,353000.0,56222.0,Petrol,Individual,Manual,Second Owner,20.8 kmpl,1582 CC,106.0 bhp,5.0
Skoda XUV,2004,53000.0,146129.0,Diesel,Individual,Manual,Second Owner,11.9 kmpl,2179 CC,129.0 bhp,5.0
BMW A4,2014,349000.0,191827.0,Petrol,Individual,Manual,Second Owner,24.9 kmpl,2179 CC,151.7 bhp,7.0
Volkswagen Polo,2018,290000.0,66288.0,CNG,Dealer,Automatic,First Owner,21.4 kmpl,1498 CC,98.4 bhp,5.0
Honda City,2010,94000.0,133104.0,Petrol,Individual,Manual,First Owner,24.5 kmpl,2179 CC,182.2 bhp,5.0
Skoda City,2004,20000.0,310990.0,Diesel,Individual,Manual,First Owner,19.4 kmpl,1197 CC,105.2 bhp,4.0
Maruti 320d,2025,461000.0,11812.0,Petrol,Individual,Manual,First Owner,20.5 kmpl,1498 CC,132.6 bhp,5.0
Tata Figo,2009,38000.0,252195.0,Petrol,Dealer,Manual,First Owner,20.6 kmpl,1197 CC,67.6 bhp,4.0
Skoda Polo,2014,115000.0,105412.0,Diesel,Individual,Manual,Third Owner,14.1 kmpl,1582 CC,105.2 bhp,5.0
Maruti Nexon,2017,146000.0,127323.0,Diesel,Individual,Manual,Second Owner,17.3 kmpl,2179 CC,142.6 bhp,7.0
Toyota Nexon,2005,72000.0,177456.0,Diesel,Individual,Manual,First Owner,24.7 kmpl,1498 CC,110.5 bhp,5.0
Maruti 320d,2012,57000.0,148809.0,Petrol,Individual,Manual,First Owner,10.5 kmpl,998 CC,59.8 bhp,5.0
Hyundai Innova,2009,76000.0,149128.0,Petrol,Dealer,Manual,First Owner,24.5 kmpl,1498 CC,118.4 bhp,5.0
Volkswagen i20,2025,409000.0,15584.0,Petrol,Individual,Manual,First Owner,24.4 kmpl,1197 CC,75.0 bhp,7.0
Maruti A4,2025,599000.0,30189.0,Diesel,Individual,Manual,First Owner,18.5 kmpl,2179 CC,163.7 bhp,5.0
Mahindra Rapid,2021,339000.0,48576.0,Petrol,Individual,Manual,First Owner,17.1 kmpl,1968 CC,176.1 bhp,5.0
Hyundai City,2020,256000.0,84027.0,Petrol,Individual,Manual,First Owner,24.3 kmpl,2179 CC,141.6 bhp,5.0
Honda Rapid,2011,99000.0,80514.0,Petrol,Dealer,Manual,First Owner,17.9 kmpl,1968 CC,173.7 bhp,7.0
Maruti Innova,2013,53000.0,81326.0,Petrol,Individual,Manual,Second Owner,10.9 kmpl,1197 CC,84.4 bhp,5.0
Maruti A4,2009,76000.0,147096.0,CNG,Individual,Manual,First Owner,11.1 kmpl,1968 CC,166.1 bhp,5.0
Volkswagen Rapid,2006,32000.0,162522.0,Petrol,Individual,Manual,Second Owner,25.8 kmpl,1197 CC,95.1 bhp,4.0
Maruti Polo,2007,20000.0,261098.0,Diesel,Individual,Manual,First Owner,19.7 kmpl,796 CC,59.6 bhp,7.0
Maruti 320d,2023,362000.0,23983.0,Diesel,Individual,Manual,Second Owner,17.7 kmpl,1582 CC,104.1 bhp,5.0
Ford XUV,2009,81000.0,234561.0,Diesel,Individual,Automatic,First Owner,10.2 kmpl,1968 CC,143.6 bhp,5.0
Audi Figo,2013,267000.0,147774.0,CNG,Individual,Manual,First Owner,12.8 kmpl,,107.7 bhp,5.0
Volkswagen Swift,2008,63000.0,95122.0,Diesel,Dealer,Manual,First Owner,11.7 kmpl,998 CC,89.1 bhp,5.0
Mahindra i20,2018,303000.0,,Petrol,Dealer,Manual,First Owner,16.3 kmpl,1968 CC,136.4 bhp,5.0
Hyundai Nexon,2008,55000.0,155631.0,LPG,Individual,Manual,First Owner,11.0 kmpl,1582 CC,120.1 bhp,5.0
Toyota 320d,2012,106000.0,160584.0,Petrol,Individual,Manual,First Owner,11.0 kmpl,1197 CC,67.7 bhp,7.0
Skoda City,2013,86000.0,133724.0,Petrol,Individual,Manual,First Owner,22.8 kmpl,1197 CC,95.9 bhp,5.0
Mahindra A4,2024,490000.0,38560.0,Petrol,Dealer,Automatic,First Owner,20.7 kmpl,1197 CC,94.1 bhp,7.0
Tata Figo,2006,32000.0,183476.0,LPG,Individual,Manual,First Owner,14.9 kmpl,998 CC,75.3 bhp,7.0
Hyundai A4,2024,502000.0,,Diesel,Individual,Manual,First Owner,11.3 kmpl,1968 CC,121.1 bhp,5.0
Mahindra City,2012,124000.0,190765.0,Diesel,Individual,Manual,First Owner,,1498 CC,91.2 bhp,5.0
Tata 320d,2017,147000.0,145142.0,Petrol,Individual,Automatic,Fourth & Above Owner,18.6 kmpl,1498 CC,102.1 bhp,5.0
Maruti Nexon,2011,80000.0,150141.0,Petrol,Individual,Manual,First Owner,12.8 kmpl,2179 CC,178.4 bhp,5.0
Maruti A4,2009,76000.0,147096.0,CNG,Individual,Manual,First Owner,11.1 kmpl,1968 CC,166.1 bhp,5.0
Tata i20,2009,70000.0,91804.0,Diesel,Individual,Automatic,First Owner,21.2 kmpl,1197 CC,76.7 bhp,5.0
BMW Nexon,2013,235000.0,202325.0,Diesel,Individual,Automatic,First Owner,20.6 kmpl,796 CC,68.2 bhp,5.0
Maruti i20,2024,198000.0,19367.0,Diesel,Dealer,Manual,Second Owner,23.8 kmpl,796 CC,52.1 bhp,5.0
Maruti Figo,2011,63000.0,204179.0,Petrol,Individual,Automatic,First Owner,23.6 kmpl,1968 CC,136.1 bhp,5.0
Hyundai Polo,2005,39000.0,184538.0,Diesel,Individual,Automatic,First Owner,19.9 kmpl,1248 CC,97.2 bhp,5.0
Hyundai Nexon,2015,147000.0,82123.0,Diesel,Dealer,Manual,First Owner,25.8 kmpl,1248 CC,112.0 bhp,5.0
Maruti Rapid,2013,50000.0,162330.0,Diesel,Individual,Manual,Fourth & Above Owner,19.3 kmpl,796 CC,65.4 bhp,5.0
Volkswagen Innova,2004,36000.0,247093.0,Diesel,Individual,Manual,First Owner,10.8 kmpl,1582 CC,,5.0
Maruti A4,2025,305000.0,23116.0,Diesel,Individual,Manual,First Owner,21.3 kmpl,796 CC,57.6 bhp,5.0
Toyota XUV,2007,92000.0,202939.0,Diesel,Individual,Manual,First Owner,24.2 kmpl,2179 CC,189.0 bhp,
Maruti City,2014,82000.0,149768.0,Petrol,Individual,Manual,First Owner,24.0 kmpl,1582 CC,116.1 bhp,5.0
Honda Innova,2022,275000.0,78653.0,Diesel,Individual,Manual,Third Owner,21.4 kmpl,1248 CC,103.4 bhp,5.0
Honda Nexon,2005,28000.0,256598.0,Petrol,Individual,Manual,Second Owner,22.7 kmpl,1498 CC,131.3 bhp,5.0
Hyundai Polo,2007,53000.0,202496.0,Diesel,Individual,Manual,Second Owner,11.0 kmpl,,168.7 bhp,5.0
Mahindra i20,2007,66000.0,154266.0,Diesel,Individual,Manual,First Owner,12.0 kmpl,1582 CC,104.6 bhp,7.0
Toyota City,2013,109000.0,140446.0,CNG,Individual,Manual,First Owner,21.1 kmpl,998 CC,61.0 bhp,7.0
Toyota City,2024,499000.0,19998.0,Diesel,Individual,Manual,First Owner,13.5 kmpl,796 CC,59.4 bhp,5.0
Skoda A4,2016,216000.0,62266.0,Diesel,Individual,Manual,First Owner,19.5 kmpl,1248 CC,103.2 bhp,7.0
Honda A4,2020,149000.0,95173.0,Petrol,Individual,Manual,Third Owner,12.8 kmpl,1498 CC,85.9 bhp,5.0
Tata Rapid,2007,64000.0,189823.0,Petrol,Dealer,Manual,First Owner,11.9 kmpl,1968 CC,171.8 bhp,5.0
Maruti Figo,2019,156000.0,41753.0,Petrol,Individual,Manual,First Owner,15.2 kmpl,1248 CC,109.4 bhp,5.0
Mahindra A4,2020,255000.0,77662.0,Petrol,Individual,Manual,Second Owner,23.6 kmpl,1968 CC,137.9 bhp,5.0
Maruti A4,2010,78000.0,152306.0,Petrol,Individual,Automatic,First Owner,11.7 kmpl,1968 CC,125.7 bhp,5.0
Honda i20,2011,70000.0,207832.0,Diesel,Individual,Manual,Third Owner,17.0 kmpl,1197 CC,,7.0
Honda i20,2013,151000.0,157742.0,Diesel,Individual,Automatic,First Owner,14.4 kmpl,1582 CC,141.4 bhp,5.0
Honda 320d,2012,65000.0,216101.0,Diesel,Individual,Automatic,First Owner,16.1 kmpl,796 CC,63.3 bhp,5.0
Maruti Nexon,2015,172000.0,70999.0,Petrol,Individual,Automatic,First Owner,17.5 kmpl,2179 CC,136.3 bhp,7.0
Hyundai City,2012,61000.0,185684.0,Petrol,Individual,Automatic,First Owner,,796 CC,50.6 bhp,5.0
Tata XUV,2017,89000.0,87052.0,Petrol,Individual,Manual,First Owner,21.0 kmpl,998 CC,81.0 bhp,5.0
Tata Nexon,2009,39000.0,236425.0, petrol ,Individual,Automatic,First Owner,19.6 kmpl,998 CC,77.5 bhp,5.0
Honda Nexon,2023,512000.0,26657.0,Petrol,Individual,Manual,First Owner,22.5 kmpl,2179 CC,181.7 bhp,5.0
Toyota Rapid,2006,27000.0,296196.0,Diesel,Individual,Manual,First Owner,20.0 kmpl,796 CC,51.4 bhp,5.0
Ford 320d,2012,101000.0,111847.0,Diesel,Individual,Manual,First Owner,21.8 kmpl,1968 CC,135.8 bhp,5.0
Mahindra Rapid,2021,253000.0,52644.0,Petrol,Individual,Manual,First Owner,23.8 kmpl,998 CC,64.8 bhp,5.0
Honda Figo,2018,230000.0,105709.0,Diesel,Individual,Automatic,First Owner,24.8 kmpl,1248 CC,79.8 bhp,5.0
Hyundai Swift,2009,63000.0,206877.0,Petrol,Individual,Manual,First Owner,,1968 CC,147.2 bhp,5.0
Ford City,2013,64000.0,199070.0,Petrol,Individual,Automatic,First Owner,10.9 kmpl,998 CC,62.8 bhp,5.0
Toyota XUV,2009,81000.0,181662.0,Petrol,Individual,Manual,First Owner,14.5 kmpl,1582 CC,112.8 bhp,5.0
Maruti A4,2008,28000.0,225929.0,Diesel,Individual,Manual,First Owner,14.7 kmpl,796 CC,50.4 bhp,5.0
Honda Nexon,2025,762000.0,14345.0,Diesel,Individual,Manual,First Owner,10.6 kmpl,1968 CC,121.4 bhp,7.0
Maruti Nexon,2020,184000.0,91318.0,Petrol,Individual,Automatic,Second Owner,12.6 kmpl,1248 CC,98.8 bhp,7.0
Volkswagen Innova,2007,38000.0,166703.0,Diesel,Individual,Manual,First Owner,15.3 kmpl,1197 CC,101.5 bhp,5.0
Toyota Figo,2016,185000.0,149646.0,Diesel,Individual,Automatic,First Owner,11.9 kmpl,1248 CC,99.1 bhp,5.0
Toyota City,2005,56000.0,227100.0,Petrol,Individual,Manual,Second Owner,13.1 kmpl,2179 CC,149.0 bhp,5.0
Maruti Rapid,2011,55000.0,103913.0,Petrol,Individual,Manual,First Owner,23.5 kmpl,998 CC,64.6 bhp,5.0
Maruti Figo,2013,65000.0,70999.0,Petrol,Individual,Manual,First Owner,22.9 kmpl,1248 CC,84.9 bhp,5.0
Skoda i20,2018,257000.0,120756.0,Diesel,Individual,Manual,First Owner,17.7 kmpl,1968 CC,153.2 bhp,5.0
Ford Polo,2025,418000.0,8833.0,Diesel,Dealer,Manual,Second Owner,22.2 kmpl,,108.8 bhp,7.0
Hyundai Polo,2009,55000.0,197045.0,Petrol,Individual,Automatic,Second Owner,16.2 kmpl,1582 CC,101.1 bhp,5.0
Hyundai Figo,2015,103000.0,147040.0,LPG,Individual,Manual,First Owner,13.3 kmpl,1582 CC,96.4 bhp,5.0
Volkswagen Figo,2018,175000.0,101586.0,Petrol,Individual,Manual,First Owner,24.0 kmpl,1498 CC,113.6 bhp,5.0
Ford Swift,2015,120000.0,111290.0,Petrol,Individual,Automatic,First Owner,20.9 kmpl,1248 CC,103.8 bhp,5.0
Volkswagen 320d,2012,75000.0,185681.0,Petrol,Individual,Manual,First Owner,18.8 kmpl,1197 CC,80.8 bhp,5.0
Honda Figo,2022,272000.0,69529.0,Petrol,Individual,Manual,First Owner,18.2 kmpl,998 CC,64.7 bhp,5.0
Volkswagen City,2006,24000.0,311629.0,Petrol,Individual,Manual,First Owner,12.1 kmpl,998 CC,86.0 bhp,5.0
Maruti Figo,2024,246000.0,14863.0,Diesel,Dealer,Manual,Second Owner,19.2 kmpl,796 CC,45.8 bhp,5.0
Audi Rapid,2005,81000.0,189694.0,Diesel,Individual,Manual,Second Owner,21.7 kmpl,796 CC,49.0 bhp,5.0
Audi Nexon,2025,992000.0,22166.0,Petrol,Dealer,Manual,First Owner,23.8 kmpl,998 CC,63.5 bhp,5.0
Toyota XUV,2021,646000.0,42975.0,Diesel,Individual,Manual,First Owner,21.1 kmpl,1582 CC,114.5 bhp,5.0
Honda Swift,2006,44000.0,211952.0,Petrol,Individual,Manual,First Owner,24.0 kmpl,1498 CC,104.8 bhp,5.0
Hyundai i20,2025,414000.0,23373.0,Diesel,Individual,Manual,First Owner,19.6 kmpl,998 CC,78.7 bhp,5.0
Honda Innova,2015,119000.0,71278.0,Petrol,Trustmark Dealer,Manual,Second Owner,22.9 kmpl,1498 CC,117.8 bhp,5.0
Maruti Nexon,2020,136000.0,104598.0,CNG,Individual,Manual,Second Owner,21.9 kmpl,1248 CC,107.2 bhp,5.0
Honda A4,2018,194000.0,69142.0,Diesel,Individual,Manual,Second Owner,13.2 kmpl,1197 CC,98.6 bhp,5.0
Mahindra Swift,2016,131000.0,96216.0,Diesel,Individual,Manual,Third Owner,13.8 kmpl,1197 CC,80.6 bhp,5.0
Honda Nexon,2005,41000.0,228684.0,Diesel,Individual,Manual,First Owner,19.3 kmpl,1498 CC,106.7 bhp,5.0
Tata Nexon,2014,60000.0,142136.0,Petrol,Individual,Manual,Second Owner,12.5 kmpl,1248 CC,87.2 bhp,5.0
Honda Nexon,2024,550000.0,31069.0,Diesel,Individual,Automatic,First Owner,23.6 kmpl,998 CC,57.1 bhp,5.0
Mahindra XUV,2007,29000.0,249236.0,Petrol,Trustmark Dealer,Manual,Second Owner,25.0 kmpl,1248 CC,106.3 bhp,5.0
BMW Nexon,2011,239000.0,205544.0,Petrol,Dealer,Manual,First Owner,18.9 kmpl,1498 CC,117.0 bhp,5.0
Maruti Rapid,2025,485000.0,28155.0,Petrol,Individual,Automatic,First Owner,18.9 kmpl,1582 CC,92.1 bhp,5.0
Volkswagen Polo,2006,41000.0,248691.0,Petrol,Individual,Manual,First Owner,,1968 CC,114.6 bhp,5.0
Maruti 320d,2021,234000.0,79076.0,Petrol,Individual,Manual,Third Owner,20.5 kmpl,2179 CC,177.0 bhp,4.0
Volkswagen A4,2021,367000.0,61465.0,Diesel,Individual,Automatic,First Owner,12.6 kmpl,1968 CC,157.5 bhp,7.0
Hyundai 320d,2004,20000.0,284453.0,Petrol,Individual,Manual,First Owner,12.5 kmpl,1197 CC,89.0 bhp,5.0
Skoda XUV,2010,91000.0,213959.0,Diesel,Individual,Manual,First Owner,24.4 kmpl,1968 CC,132.1 bhp,5.0
Hyundai Innova,2021,292000.0,62889.0,Petrol,Dealer,Automatic,First Owner,21.6 kmpl,1248 CC,84.8 bhp,5.0
Mahindra Polo,2024,279000.0,36574.0,Petrol,Individual,Manual,Second Owner,13.5 kmpl,998 CC,70.2 bhp,5.0
Audi Swift,2009,150000.0,123438.0,Diesel,Individual,Manual,Third Owner,22.1 kmpl,998 CC,86.7 bhp,5.0
Hyundai 320d,2010,94000.0,98544.0,Diesel,Individual,Manual,First Owner,18.5 kmpl,2179 CC,167.3 bhp,5.0
Tata 320d,2015,125000.0,128584.0,Petrol,Trustmark Dealer,Manual,Second Owner,17.0 kmpl,1582 CC,100.1 bhp,
Mahindra City,2009,82000.0,151783.0,Diesel,Individual,Manual,First Owner,20.8 kmpl,1498 CC,123.3 bhp,5.0
Honda i20,2017,118000.0,138320.0,Diesel,Individual,Manual,Second Owner,15.9 kmpl,796 CC,51.1 bhp,5.0
Toyota Swift,2021,340000.0,84693.0,Diesel,Individual,Manual,First Owner,10.7 kmpl,998 CC,62.2 bhp,5.0
Toyota Rapid,2021,373000.0,65501.0,Petrol,Individual,Manual,First Owner,19.9 kmpl,1248 CC,103.7 bhp,7.0
Ford XUV,2022,350000.0,42349.0,Petrol,Individual,Automatic,Fourth & Above Owner,18.8 kmpl,2179 CC,168.4 bhp,5.0
Maruti Nexon,2006,22000.0,312593.0,Petrol,Individual,Manual,Third Owner,23.9 kmpl,1498 CC,114.0 bhp,5.0
Skoda Figo,2007,53000.0,163911.0,Petrol,Individual,Manual,First Owner,13.0 kmpl,1582 CC,93.1 bhp,5.0
Hyundai XUV,2012,91000.0,163259.0,Diesel,Individual,Manual,First Owner,16.1 kmpl,1582 CC,121.8 bhp,5.0
Audi Swift,2004,64000.0,294738.0,Petrol,Dealer,Manual,First Owner,20.2 kmpl,1248 CC,81.0 bhp,5.0
Tata Nexon,2007,42000.0,143018.0,Petrol,Individual,Manual,Second Owner,14.9 kmpl,2179 CC,163.6 bhp,5.0
Maruti 320d,2010,87000.0,175111.0,Diesel,Individual,Manual,First Owner,13.7 kmpl,2179 CC,141.9 bhp,5.0
Toyota City,2018,244000.0,77485.0,Diesel,Individual,Manual,Second Owner,25.5 kmpl,1968 CC,131.0 bhp,7.0
Hyundai Nexon,2015,125000.0,137411.0,Diesel,Individual,Manual,Third Owner,19.5 kmpl,1968 CC,148.6 bhp,7.0
Maruti Rapid,2023,426000.0,30040.0,Diesel,Individual,Automatic,Second Owner,13.1 kmpl,2179 CC,168.4 bhp,4.0
Hyundai i20,2004,26000.0,196222.0,Diesel,Individual,Manual,First Owner,20.5 kmpl,796 CC,44.2 bhp,5.0
Honda Figo,2020,265000.0,85694.0,Diesel,Individual,Manual,Second Owner,,1582 CC,122.0 bhp,5.0
Volkswagen Figo,2018,392000.0,51328.0,CNG,Individual,Automatic,First Owner,17.3 kmpl,2179 CC,195.3 bhp,5.0
Toyota XUV,2016,231000.0,140543.0,Petrol,Dealer,Manual,First Owner,12.4 kmpl,1498 CC,108.9 bhp,5.0
Skoda A4,2007,35000.0,131311.0,Petrol,Dealer,Automatic,First Owner,20.2 kmpl,,69.3 bhp,5.0
Tata Innova,2022,251000.0,75219.0,Diesel,Individual,Manual,First Owner,20.5 kmpl,998 CC,83.1 bhp,5.0
Ford Figo,2021,222000.0,57345.0,Petrol,Individual,Manual,First Owner,10.6 kmpl,1248 CC,88.8 bhp,5.0
Audi Rapid,2017,453000.0,77485.0,Petrol,Dealer,Manual,Second Owner,13.6 kmpl,1582 CC,108.8 bhp,5.0
Toyota Rapid,2012,97000.0,213205.0,Petrol,Dealer,Automatic,Second Owner,19.4 kmpl,1248 CC,100.7 bhp,5.0
Hyundai Rapid,2020,274000.0,105317.0,Diesel,Individual,Manual,Third Owner,24.4 kmpl,2179 CC,160.0 bhp,5.0
Tata Figo,2010,56000.0,90736.0,Diesel,Individual,Manual,Second Owner,16.8 kmpl,1498 CC,94.0 bhp,5.0
Honda A4,2007,29000.0,154451.0,Petrol,Dealer,Manual,Second Owner,24.9 kmpl,998 CC,83.7 bhp,5.0
Honda 320d,2024,594000.0,45235.0,Diesel,Individual,Manual,First Owner,11.8 kmpl,1582 CC,133.5 bhp,5.0
Maruti Polo,2006,27000.0,141498.0,LPG,Individual,Manual,First Owner,19.9 kmpl,1248 CC,79.4 bhp,5.0
BMW Nexon,2018,519000.0,49694.0,Diesel,Individual,Manual,First Owner,19.9 kmpl,1197 CC,70.2 bhp,4.0
Skoda XUV,2007,38000.0,248845.0,Petrol,Individual,Automatic,First Owner,18.6 kmpl,998 CC,76.2 bhp,5.0
Tata Polo,2019,264000.0,89671.0,Diesel,Dealer,Automatic,First Owner,16.2 kmpl,1582 CC,126.9 bhp,5.0
Maruti Polo,2021,193000.0,43139.0,CNG,Individual,Manual,Second Owner,17.4 kmpl,998 CC,75.3 bhp,5.0
Mahindra Rapid,2009,70000.0,118681.0,Petrol,Individual,Manual,Second Owner,20.8 kmpl,2179 CC,136.6 bhp,7.0
Mahindra Swift,2011,34000.0,192076.0,CNG,Individual,Manual,Second Owner,18.8 kmpl,796 CC,53.4 bhp,5.0
Volkswagen Swift,2006,23000.0,260186.0,Diesel,Individual,Manual,First Owner,24.0 kmpl,796 CC,64.4 bhp,5.0
Ford Rapid,2023,320000.0,38604.0,Petrol,Individual,Manual,First Owner,12.8 kmpl,1248 CC,68.9 bhp,7.0
Honda Figo,2021,306000.0,40184.0,Diesel,Individual,Manual,First Owner,14.0 kmpl,998 CC,,7.0
Hyundai Swift,2025,431000.0,8294.0,Petrol,Individual,Manual,Third Owner,,1968 CC,138.8 bhp,5.0
Ford Innova,2019,302000.0,63022.0,Diesel,Individual,Automatic,First Owner,18.6 kmpl,1498 CC,102.4 bhp,5.0
Honda A4,2004,16000.0,339759.0,Diesel,Individual,Manual,First Owner,16.1 kmpl,796 CC,64.7 bhp,5.0
Hyundai i20,2009,31000.0,251580.0,Petrol,Individual,Manual,Second Owner,12.2 kmpl,998 CC,74.1 bhp,5.0
Ford 320d,2023,364000.0,41997.0,Diesel,Individual,Manual,First Owner,17.4 kmpl,1582 CC,111.4 bhp,5.0
Hyundai 320d,2023,241000.0,48687.0,Diesel,Individual,Manual,Second Owner,21.9 kmpl,1197 CC,91.6 bhp,7.0
Hyundai Rapid,2017,109000.0,110571.0,Petrol,Dealer,Manual,First Owner,13.4 kmpl,998 CC,63.5 bhp,7.0
Tata Swift,2013,98000.0,123504.0,Diesel,Dealer,Manual,First Owner,24.4 kmpl,1498 CC,125.2 bhp,4.0
Skoda i20,2007,43000.0,290240.0,Diesel,Individual,Manual,First Owner,25.6 kmpl,1498 CC,102.9 bhp,5.0
Tata 320d,2017,65000.0,136779.0,Petrol,Individual,Manual,Fourth & Above Owner,23.5 kmpl,796 CC,48.6 bhp,5.0
Maruti i20,2022,294000.0,63228.0,Diesel,Individual,Automatic,First Owner,18.3 kmpl,1197 CC,101.9 bhp,5.0
Honda i20,2024,754000.0,17484.0,Diesel,Individual,Manual,First Owner,16.2 kmpl,1968 CC,149.6 bhp,5.0
Skoda Swift,2018,159000.0,112434.0,Petrol,Individual,Manual,Second Owner,16.8 kmpl,1197 CC,85.4 bhp,5.0
Maruti Rapid,2011,43000.0,235989.0,Diesel,Individual,Manual,Third Owner,11.1 kmpl,1968 CC,114.8 bhp,5.0
Tata Figo,2016,137000.0,79360.0,Petrol,Individual,Manual,First Owner,12.6 kmpl,1582 CC,134.1 bhp,5.0
Toyota City,2006,59000.0,171275.0,Petrol,Individual,Manual,First Owner,14.4 kmpl,1968 CC,131.0 bhp,5.0
Hyundai 320d,2011,57000.0,106504.0,Petrol,Individual,Automatic,Third Owner,13.2 kmpl,998 CC,75.3 bhp,5.0
Ford City,2021,280000.0,44022.0,Petrol,Individual,Manual,First Owner,16.7 kmpl,1582 CC,109.4 bhp,7.0
Honda 320d,2013,70000.0,150452.0,Petrol,Individual,Manual,Second Owner,17.5 kmpl,1197 CC,106.3 bhp,5.0
Tata Swift,2014,95000.0,81987.0,Petrol,Individual,Manual,First Owner,25.7 kmpl,1582 CC,123.2 bhp,5.0
Volkswagen Swift,2005,34000.0,304860.0,Diesel,Individual,Manual,First Owner,12.6 kmpl,1248 CC,77.7 bhp,5.0
Tata Innova,2004,20000.0,320804.0,Diesel,Individual,Automatic,First Owner,20.6 kmpl,998 CC,73.4 bhp,5.0
Mahindra A4,2007,43000.0,237508.0,Diesel,Individual,Manual,Second Owner,11.8 kmpl,1582 CC,137.3 bhp,5.0
Volkswagen A4,2022,399000.0,52508.0,Petrol,Individual,Automatic,First Owner,19.2 kmpl,,176.8 bhp,5.0
Toyota A4,2007,71000.0,121978.0,CNG,Individual,Manual,Second Owner,19.5 kmpl,2179 CC,160.7 bhp,7.0
Honda City,2009,67000.0,125560.0,Diesel,Individual,Manual,First Owner,10.6 kmpl,998 CC,80.1 bhp,5.0
Ford Rapid,2011,42000.0,213272.0,LPG,Individual,Manual,First Owner,22.0 kmpl,796 CC,65.8 bhp,4.0
Tata i20,2014,100000.0,191054.0,Diesel,Individual,Manual,Third Owner,14.5 kmpl,2179 CC,190.9 bhp,5.0
Hyundai Innova,2010,44000.0,211996.0,Petrol,Individual,Manual,First Owner,16.7 kmpl,998 CC,57.1 bhp,5.0
Maruti Polo,2014,66000.0,121980.0,Petrol,Individual,Manual,First Owner,16.3 kmpl,998 CC,69.3 bhp,5.0
Maruti Nexon,2010,44000.0,111443.0,Petrol,Individual,Manual,First Owner,,998 CC,60.5 bhp,5.0
Maruti City,2014,91000.0,,Diesel,Individual,Manual,Second Owner,20.6 kmpl,1968 CC,146.8 bhp,
Tata Figo,2025,362000.0,30673.0,CNG,Individual,Manual,First Owner,13.4 kmpl,1197 CC,104.3 bhp,5.0
Skoda Swift,2010,132000.0,137978.0,Petrol,Individual,Automatic,Second Owner,11.5 kmpl,1968 CC,111.6 bhp,5.0
Maruti Innova,2008,52000.0,111077.0,Diesel,Individual,Automatic,First Owner,11.1 kmpl,998 CC,85.8 bhp,5.0
Maruti 320d,2006,26000.0,185050.0,Diesel,Individual,Automatic,First Owner,25.4 kmpl,796 CC,66.5 bhp,5.0
Honda City,2009,67000.0,125560.0,Diesel,Individual,Manual,First Owner,10.6 kmpl,998 CC,80.1 bhp,5.0
Toyota Swift,2019,450000.0,70967.0,Diesel,Dealer,Manual,Second Owner,19.2 kmpl,1968 CC,132.5 bhp,5.0
Mahindra Innova,2013,135000.0,74935.0,Diesel,Individual,Manual,Second Owner,25.6 kmpl,1582 CC,112.9 bhp,5.0
Tata Swift,2019,169000.0,81413.0,Petrol,Individual,Manual,First Owner,17.3 kmpl,1582 CC,87.9 bhp,5.0
Toyota Innova,2024,347000.0,22901.0,Petrol,Individual,Manual,Third Owner,23.2 kmpl,796 CC,46.8 bhp,5.0
Hyundai 320d,2007,19000.0,284336.0,Diesel,Individual,Manual,First Owner,24.4 kmpl,796 CC,53.0 bhp,5.0
Honda 320d,2014,100000.0,140147.0,Diesel,Individual,Manual,First Owner,12.1 kmpl,1248 CC,103.6 bhp,7.0
Hyundai Polo,2023,225000.0,32561.0,Petrol,Dealer,Manual,First Owner,19.3 kmpl,796 CC,62.8 bhp,5.0
Hyundai Polo,2017,141000.0,107304.0,Diesel,Individual,Automatic,Second Owner,15.8 kmpl,1248 CC,106.7 bhp,5.0
Honda Polo,2006,41000.0,164757.0,Petrol,Dealer,Manual,Second Owner,18.0 kmpl,1248 CC,110.1 bhp,5.0
Mahindra City,2004,24000.0,271345.0,Diesel,Individual,Manual,Second Owner,16.6 kmpl,,94.8 bhp,5.0
Volkswagen A4,2009,114000.0,103881.0,Diesel,Individual,Automatic,First Owner,19.1 kmpl,1968 CC,135.6 bhp,5.0
Volkswagen 320d,2016,140000.0,84518.0,Petrol,Individual,Manual,First Owner,12.9 kmpl,1197 CC,83.1 bhp,4.0
Maruti Nexon,2010,37000.0,136604.0,Petrol,Individual,Manual,First Owner,25.8 kmpl,796 CC,54.9 bhp,5.0
Tata A4,2022,245000.0,35196.0,Diesel,Individual,Manual,Second Owner,21.8 kmpl,1197 CC,85.3 bhp,5.0
Maruti i20,2014,84000.0,195784.0,Diesel,Individual,Manual,Second Owner,13.3 kmpl,1968 CC,152.2 bhp,5.0
Audi i20,2014,243000.0,132523.0,Petrol,Individual,Manual,First Owner,24.6 kmpl,998 CC,57.0 bhp,5.0
Honda Nexon,2015,244000.0,71216.0,Petrol,Dealer,Automatic,First Owner,25.5 kmpl,2179 CC,168.7 bhp,5.0
Skoda Nexon,2015,139000.0,134546.0,Diesel,Dealer,Manual,Third Owner,,1498 CC,129.0 bhp,5.0
Maruti Figo,2006,26000.0,222111.0,Diesel,Individual,Manual,First Owner,23.5 kmpl,1248 CC,84.8 bhp,5.0
Ford Figo,2011,52000.0,167900.0,Petrol,Individual,Manual,First Owner,25.5 kmpl,1248 CC,71.8 bhp,5.0
Mahindra A4,2013,66000.0,180657.0,Petrol,Individual,Manual,First Owner,26.0 kmpl,1197 CC,107.4 bhp,5.0
Maruti Nexon,2007,32000.0,176884.0,Petrol,Dealer,Manual,First Owner,13.6 kmpl,1498 CC,102.6 bhp,7.0
Hyundai Rapid,2007,62000.0,131713.0,Diesel,Dealer,Automatic,First Owner,24.3 kmpl,1248 CC,100.5 bhp,7.0
Tata Swift,2025,474000.0,20441.0,Diesel,Dealer,Manual,First Owner,18.6 kmpl,1582 CC,137.1 bhp,5.0
Mahindra Swift,2005,57000.0,234756.0,Diesel,Individual,Automatic,Second Owner,15.2 kmpl,2179 CC,174.0 bhp,5.0
Mahindra i20,2010,73000.0,133621.0,Diesel,Individual,Automatic,Second Owner,17.3 kmpl,1248 CC,94.9 bhp,5.0
Hyundai Rapid,2015,100000.0,149871.0,Petrol,Trustmark Dealer,Manual,First Owner,15.8 kmpl,1197 CC,93.7 bhp,5.0
Volkswagen Figo,2005,32000.0,233646.0,Petrol,Individual,Manual,First Owner,15.2 kmpl,1498 CC,132.1 bhp,
Volkswagen Rapid,2004,40000.0,200552.0,Diesel,Dealer,Manual,Second Owner,12.9 kmpl,2179 CC,144.3 bhp,5.0
Skoda Polo,2024,692000.0,19325.0,Diesel,Individual,Manual,First Owner,10.9 kmpl,1498 CC,117.9 bhp,5.0
Audi City,2017,494000.0,100150.0,Petrol,Individual,Automatic,Second Owner,15.9 kmpl,1582 CC,105.5 bhp,5.0
Maruti XUV,2025,303000.0,13773.0,Petrol,Individual,Manual,Second Owner,20.5 kmpl,998 CC,66.1 bhp,7.0
Honda Innova,2019,278000.0,97773.0,Petrol,Individual,Manual,Second Owner,22.1 kmpl,1968 CC,134.0 bhp,5.0
Hyundai Swift,2019,266000.0,42539.0,Diesel,Individual,Manual,Second Owner,23.2 kmpl,1582 CC,117.4 bhp,5.0
Audi Nexon,2011,300000.0,151941.0,Petrol,Individual,Manual,First Owner,18.2 kmpl,1968 CC,143.1 bhp,5.0
Mahindra Rapid,2018,104000.0,48882.0,CNG,Individual,Manual,Second Owner,22.5 kmpl,796 CC,57.5 bhp,5.0
Mahindra Swift,2023,285000.0,54622.0,Petrol,Individual,Manual,First Owner,11.6 kmpl,998 CC,69.5 bhp,7.0
Hyundai A4,2021,266000.0,84210.0,Petrol,Individual,Automatic,First Owner,,,78.1 bhp,7.0
Volkswagen Figo,2009,85000.0,169773.0,Diesel,Individual,Automatic,First Owner,23.9 kmpl,1498 CC,96.9 bhp,5.0
Volkswagen XUV,2005,21000.0,313353.0,Diesel,Individual,Manual,Second Owner,20.7 kmpl,1197 CC,97.4 bhp,5.0
Toyota City,2015,302000.0,71146.0,Diesel,Individual,Manual,First Owner,21.3 kmpl,2179 CC,140.5 bhp,7.0
Honda Innova,2017,145000.0,58581.0,Petrol,Dealer,Manual,Third Owner,17.3 kmpl,1197 CC,95.2 bhp,5.0
Tata Figo,2020,303000.0,36508.0,Diesel,Individual,Manual,First Owner,18.9 kmpl,2179 CC,183.2 bhp,5.0
Mahindra Figo,2022,501000.0,25139.0, petrol ,Individual,Manual,First Owner,12.2 kmpl,1498 CC,121.8 bhp,5.0
Volkswagen i20,2008,50000.0,155047.0,Petrol,Dealer,Manual,Second Owner,18.0 kmpl,1968 CC,159.8 bhp,5.0
Tata Swift,2005,40000.0,160514.0,Petrol,Individual,Manual,Second Owner,14.2 kmpl,2179 CC,190.5 bhp,5.0
Honda XUV,2014,139000.0,84939.0,Diesel,Individual,Manual,Second Owner,11.5 kmpl,1498 CC,118.2 bhp,5.0
Mahindra Figo,2006,29000.0,241263.0,Petrol,Individual,Manual,Second Owner,11.9 kmpl,1248 CC,106.8 bhp,5.0
Volkswagen Innova,2019,149000.0,79043.0,Petrol,Individual,Manual,First Owner,23.7 kmpl,1248 CC,90.0 bhp,5.0
Maruti i20,2025,649000.0,10845.0,Petrol,Individual,Automatic,First Owner,18.9 kmpl,1968 CC,151.6 bhp,7.0
Hyundai i20,2010,42000.0,147732.0,Diesel,Individual,Manual,Second Owner,19.3 kmpl,796 CC,44.0 bhp,5.0
Tata Swift,2017,163000.0,82883.0,Petrol,Dealer,Manual,First Owner,13.1 kmpl,2179 CC,192.8 bhp,5.0
Skoda Nexon,2014,100000.0,100763.0,Petrol,Individual,Manual,Second Owner,16.3 kmpl,1197 CC,76.7 bhp,5.0
Honda XUV,2023,296000.0,50331.0,Diesel,Individual,Manual,Second Owner,16.4 kmpl,998 CC,89.6 bhp,5.0
Hyundai Swift,2020,390000.0,36768.0,Petrol,Individual,Manual,First Owner,24.6 kmpl,2179 CC,166.9 bhp,7.0
Maruti Nexon,2022,155000.0,61838.0,Diesel,Individual,Manual,First Owner,21.9 kmpl,796 CC,55.8 bhp,5.0
Toyota A4,2016,270000.0,148630.0,Diesel,Individual,Manual,First Owner,,1968 CC,150.7 bhp,5.0
Mahindra A4,2012,107000.0,121607.0,Petrol,Individual,Manual,First Owner,19.3 kmpl,1582 CC,,5.0
Ford Polo,2005,27000.0,302600.0,Petrol,Dealer,Manual,Fourth & Above Owner,22.9 kmpl,2179 CC,192.3 bhp,7.0
BMW i20,2024,2029000.0,16616.0,Diesel,Individual,Automatic,First Owner,11.2 kmpl,1498 CC,117.7 bhp,5.0
Hyundai Nexon,2022,310000.0,77961.0,Petrol,Individual,Manual,First Owner,23.5 kmpl,1248 CC,74.2 bhp,5.0
Honda Swift,2011,114000.0,122631.0,Petrol,Dealer,Automatic,First Owner,22.9 kmpl,2179 CC,163.8 bhp,5.0
Volkswagen i20,2021,357000.0,80065.0,Diesel,Individual,Manual,Second Owner,21.6 kmpl,2179 CC,177.6 bhp,5.0
Hyundai Figo,2005,20000.0,323159.0,Diesel,Individual,Manual,First Owner,17.4 kmpl,998 CC,68.9 bhp,5.0
Mahindra A4,2021,275000.0,57512.0,Petrol,Individual,Manual,First Owner,22.8 kmpl,1197 CC,105.3 bhp,5.0
Volkswagen Figo,2014,83000.0,131614.0,Diesel,Individual,Automatic,Second Owner,24.7 kmpl,998 CC,84.7 bhp,5.0
Toyota A4,2006,29000.0,310522.0,Petrol,Trustmark Dealer,Automatic,Second Owner,19.4 kmpl,1197 CC,102.3 bhp,5.0
Honda Innova,2006,61000.0,182554.0,Petrol,Trustmark Dealer,Manual,First Owner,17.9 kmpl,2179 CC,189.0 bhp,5.0
BMW Rapid,2012,344000.0,146280.0,Diesel,Individual,Manual,First Owner,24.0 kmpl,1498 CC,127.3 bhp,5.0
Volkswagen A4,2009,62000.0,226621.0,Diesel,Individual,Manual,First Owner,20.8 kmpl,1582 CC,110.1 bhp,5.0
Hyundai Swift,2013,67000.0,120760.0,Diesel,Individual,Manual,Fourth & Above Owner,,1248 CC,87.4 bhp,7.0
Ford XUV,2014,68000.0,174266.0,Petrol,Individual,Manual,First Owner,20.7 kmpl,1197 CC,83.4 bhp,7.0
Toyota Innova,2019,418000.0,48595.0,Petrol,Individual,Manual,First Owner,25.0 kmpl,2179 CC,163.8 bhp,4.0
Volkswagen City,2005,33000.0,270655.0,Diesel,Dealer,Manual,First Owner,10.7 kmpl,1968 CC,142.7 bhp,5.0
Mahindra Innova,2016,123000.0,159075.0,Petrol,Individual,Manual,Second Owner,20.6 kmpl,1582 CC,98.8 bhp,5.0
Honda Rapid,2024,592000.0,33812.0,Petrol,Individual,Manual,First Owner,25.8 kmpl,1968 CC,144.9 bhp,5.0
Toyota 320d,2025,661000.0,19318.0,Diesel,Individual,Manual,First Owner,18.3 kmpl,1197 CC,,
Skoda Polo,2022,548000.0,37751.0,Petrol,Individual,Automatic,First Owner,21.1 kmpl,2179 CC,148.6 bhp,5.0
Tata Innova,2020,221000.0,46875.0,Petrol,Individual,Manual,Second Owner,23.2 kmpl,2179 CC,163.4 bhp,5.0
Ford A4,2015,132000.0,135459.0,Petrol,Individual,Automatic,First Owner,20.4 kmpl,1582 CC,93.9 bhp,5.0
Volkswagen XUV,2016,174000.0,88665.0,Diesel,Individual,Manual,First Owner,23.2 kmpl,1498 CC,127.7 bhp,5.0
Skoda 320d,2013,144000.0,196810.0,Diesel,Individual,Manual,Second Owner,24.7 kmpl,2179 CC,170.7 bhp,5.0
Skoda 320d,2017,120000.0,114406.0,Petrol,Individual,Manual,First Owner,19.4 kmpl,796 CC,54.0 bhp,5.0
Hyundai XUV,2020,173000.0,34335.0,Petrol,Individual,Manual,First Owner,17.9 kmpl,796 CC,70.0 bhp,5.0
Toyota City,2017,272000.0,88711.0,Diesel,Individual,Manual,Second Owner,11.4 kmpl,1968 CC,140.2 bhp,5.0
Toyota A4,2024,999000.0,31346.0,Diesel,Dealer,Automatic,First Owner,17.5 kmpl,1582 CC,91.0 bhp,5.0
Honda XUV,2024,313000.0,37206.0,Petrol,Individual,Manual,Fourth & Above Owner,,1498 CC,103.3 bhp,5.0
Hyundai Polo,2014,172000.0,173434.0,Diesel,Individual,Automatic,First Owner,24.7 kmpl,1968 CC,173.9 bhp,5.0
Maruti Polo,2007,21000.0,270280.0,Diesel,Individual,Manual,Second Owner,17.5 kmpl,1197 CC,101.9 bhp,5.0
Honda Innova,2011,54000.0,213822.0,Petrol,Individual,Manual,Second Owner,,1968 CC,169.9 bhp,5.0
Mahindra Nexon,2016,189000.0,159905.0,Petrol,Individual,Manual,First Owner,25.3 kmpl,2179 CC,123.4 bhp,7.0
Toyota 320d,2018,182000.0,119459.0,Diesel,Individual,Manual,Third Owner,12.7 kmpl,1248 CC,80.8 bhp,5.0
Honda Polo,2019,226000.0,64470.0,Petrol,Individual,Manual,First Owner,12.8 kmpl,1248 CC,80.6 bhp,5.0
BMW 320d,2012,280000.0,202562.0,Petrol,Individual,Manual,First Owner,14.1 kmpl,1968 CC,151.5 bhp,5.0
BMW Figo,2011,245000.0,114839.0, petrol ,Individual,Automatic,First Owner,23.0 kmpl,796 CC,57.8 bhp,7.0
Mahindra XUV,2007,45000.0,225271.0,CNG,Individual,Manual,First Owner,17.7 kmpl,1248 CC,74.2 bhp,5.0
Tata Nexon,2005,17000.0,302965.0,Petrol,Individual,Automatic,First Owner,11.3 kmpl,998 CC,60.6 bhp,5.0
Mahindra City,2012,81000.0,134891.0,Diesel,Individual,Manual,First Owner,12.9 kmpl,998 CC,84.0 bhp,5.0
Maruti Figo,2017,78000.0,128119.0,Diesel,Individual,Manual,First Owner,,796 CC,46.6 bhp,5.0
Honda Nexon,2008,43000.0,148914.0,Petrol,Dealer,Manual,Second Owner,17.7 kmpl,1248 CC,108.3 bhp,5.0
Mahindra A4,2022,407000.0,62059.0,Diesel,Individual,Automatic,Second Owner,19.0 kmpl,2179 CC,189.0 bhp,4.0
Hyundai Innova,2016,147000.0,94265.0,Diesel,Dealer,Manual,Second Owner,19.3 kmpl,1498 CC,107.2 bhp,5.0
Ford 320d,2017,171000.0,127256.0,Petrol,Dealer,Manual,First Owner,19.6 kmpl,1498 CC,126.5 bhp,5.0
BMW Rapid,2011,208000.0,146836.0,Petrol,Individual,Manual,First Owner,16.1 kmpl,1498 CC,128.6 bhp,4.0
Audi Rapid,2025,1963000.0,13718.0,Diesel,Individual,Manual,First Owner,22.3 kmpl,1582 CC,118.8 bhp,5.0
Hyundai Figo,2018,140000.0,118653.0,Diesel,Dealer,Manual,First Owner,16.1 kmpl,998 CC,57.6 bhp,5.0
Hyundai A4,2022,269000.0,72943.0,Diesel,Trustmark Dealer,Manual,Second Owner,13.2 kmpl,1248 CC,69.8 bhp,5.0
Skoda Polo,2015,138000.0,117762.0,Diesel,Individual,Automatic,First Owner,22.8 kmpl,1197 CC,81.0 bhp,5.0
Tata 320d,2017,290000.0,54018.0,Petrol,Individual,Automatic,Second Owner,17.4 kmpl,2179 CC,163.0 bhp,5.0
Volkswagen XUV,2015,150000.0,64558.0,CNG,Individual,Manual,First Owner,24.1 kmpl,1498 CC,133.9 bhp,5.0
Toyota Nexon,2008,119000.0,192225.0,Diesel,Individual,Automatic,First Owner,18.3 kmpl,1968 CC,158.6 bhp,7.0
Maruti City,2016,128000.0,98371.0,Diesel,Individual,Manual,First Owner,16.0 kmpl,1248 CC,75.8 bhp,5.0
Maruti Swift,2010,67000.0,129363.0,Petrol,Individual,Automatic,First Owner,16.2 kmpl,1582 CC,128.8 bhp,5.0
Toyota Nexon,2020,360000.0,63657.0,Diesel,Individual,Manual,First Owner,12.7 kmpl,1498 CC,117.4 bhp,5.0
Toyota Rapid,2007,52000.0,242367.0,Petrol,Individual,Manual,First Owner,17.4 kmpl,1582 CC,90.0 bhp,5.0
Mahindra Innova,2010,68000.0,214394.0,Diesel,Dealer,Automatic,Second Owner,12.3 kmpl,1248 CC,96.5 bhp,7.0
Ford Polo,2018,112000.0,48476.0,Petrol,Individual,Manual,Second Owner,19.2 kmpl,796 CC,67.0 bhp,5.0
Maruti Swift,2017,130000.0,88423.0,CNG,Individual,Manual,First Owner,13.3 kmpl,998 CC,71.9 bhp,7.0
Mahindra A4,2017,194000.0,87330.0,Diesel,Individual,Manual,First Owner,11.8 kmpl,1498 CC,111.9 bhp,5.0
Hyundai Figo,2015,196000.0,89954.0,Petrol,Individual,Manual,First Owner,20.2 kmpl,2179 CC,189.7 bhp,5.0
Maruti 320d,2005,30000.0,274792.0,Diesel,Individual,Automatic,First Owner,17.1 kmpl,1498 CC,86.4 bhp,5.0
Tata Swift,2019,183000.0,42029.0,Diesel,Individual,Automatic,First Owner,18.1 kmpl,998 CC,72.1 bhp,5.0
Audi Polo,2018,1047000.0,128344.0,Diesel,Individual,Automatic,First Owner,11.2 kmpl,2179 CC,193.8 bhp,5.0
Hyundai City,2019,238000.0,94516.0,Diesel,Dealer,Manual,Second Owner,23.0 kmpl,2179 CC,168.9 bhp,5.0
BMW 320d,2018,544000.0,108353.0,Petrol,Individual,Manual,First Owner,,1197 CC,70.7 bhp,5.0
Hyundai Swift,2019,127000.0,75383.0,Petrol,Individual,Manual,Second Owner,14.1 kmpl,1248 CC,97.2 bhp,5.0
Mahindra City,2011,63000.0,213264.0,Petrol,Individual,Manual,First Owner,10.1 kmpl,1248 CC,79.7 bhp,5.0
Volkswagen Swift,2015,80000.0,156967.0,Diesel,Individual,Manual,Third Owner,19.9 kmpl,796 CC,59.1 bhp,7.0
Maruti Nexon,2023,283000.0,56754.0,CNG,Individual,Automatic,First Owner,,,62.2 bhp,7.0
Volkswagen 320d,2006,36000.0,118571.0,Diesel,Individual,Manual,First Owner,12.7 kmpl,796 CC,48.3 bhp,5.0
Hyundai XUV,2009,74000.0,170833.0,Diesel,Dealer,Automatic,First Owner,23.5 kmpl,1248 CC,78.6 bhp,
Hyundai 320d,2005,32000.0,301003.0,Petrol,Individual,Manual,First Owner,25.3 kmpl,1968 CC,120.9 bhp,4.0
Skoda Figo,2012,59000.0,152130.0,Petrol,Individual,Manual,Second Owner,15.4 kmpl,796 CC,48.3 bhp,5.0
Skoda Polo,2010,73000.0,183072.0,Diesel,Dealer,Manual,First Owner,20.2 kmpl,1498 CC,103.3 bhp,5.0
BMW 320d,2019,736000.0,120331.0,Petrol,Individual,Manual,First Owner,11.6 kmpl,1968 CC,165.5 bhp,5.0
Tata Swift,2018,117000.0,107125.0,Petrol,Individual,Manual,Second Owner,17.0 kmpl,1582 CC,120.6 bhp,5.0
Tata Nexon,2006,46000.0,192865.0,Diesel,Individual,Manual,First Owner,,1968 CC,163.9 bhp,7.0
Mahindra Innova,2024,337000.0,27086.0,Petrol,Individual,Automatic,Second Owner,24.1 kmpl,796 CC,68.3 bhp,5.0
Tata Polo,2011,40000.0,154847.0,Petrol,Individual,Manual,Second Owner,21.7 kmpl,998 CC,81.7 bhp,5.0
Hyundai i20,2011,75000.0,133869.0,Diesel,Individual,Manual,Second Owner,11.9 kmpl,1498 CC,90.3 bhp,5.0
Maruti Rapid,2023,282000.0,40500.0,Petrol,Individual,Manual,First Owner,14.5 kmpl,1582 CC,105.3 bhp,5.0
Mahindra 320d,2022,421000.0,33295.0,Diesel,Individual,Automatic,First Owner,23.5 kmpl,1498 CC,90.8 bhp,5.0
Hyundai Nexon,2024,337000.0,33206.0,Petrol,Individual,Manual,First Owner,,998 CC,82.9 bhp,5.0
Maruti Rapid,2008,65000.0,220784.0,Diesel,Individual,Automatic,First Owner,24.7 kmpl,1968 CC,133.4 bhp,5.0
Mahindra i20,2015,231000.0,93343.0,Diesel,Individual,Manual,First Owner,15.7 kmpl,2179 CC,153.1 bhp,7.0
Hyundai A4,2004,20000.0,201773.0,Petrol,Individual,Manual,Second Owner,23.8 kmpl,998 CC,68.2 bhp,5.0
Hyundai Polo,2017,164000.0,58612.0,Petrol,Individual,Manual,First Owner,16.8 kmpl,1582 CC,103.6 bhp,5.0
Hyundai Rapid,2014,197000.0,94246.0,Diesel,Individual,Manual,First Owner,24.2 kmpl,2179 CC,169.9 bhp,5.0
Hyundai i20,2004,21000.0,185568.0,Diesel,Dealer,Manual,First Owner,11.2 kmpl,998 CC,84.3 bhp,5.0
Maruti i20,2005,28000.0,213826.0,Petrol,Individual,Manual,First Owner,23.5 kmpl,1968 CC,130.0 bhp,5.0
Volkswagen A4,2024,455000.0,18686.0,Petrol,Individual,Manual,Second Owner,21.1 kmpl,2179 CC,,5.0
Ford City,2005,24000.0,229992.0,Petrol,Individual,Manual,Second Owner,10.5 kmpl,1248 CC,105.1 bhp,7.0
Maruti i20,2008,51000.0,155428.0,Petrol,Individual,Manual,First Owner,23.9 kmpl,1498 CC,115.7 bhp,5.0
Toyota City,2025,837000.0,17079.0,Diesel,Dealer,Manual,Second Owner,21.3 kmpl,1968 CC,171.3 bhp,7.0
Toyota A4,2024,493000.0,23429.0,Petrol,Dealer,Manual,Third Owner,11.7 kmpl,1197 CC,104.2 bhp,7.0
Maruti A4,2004,15000.0,146625.0,Petrol,Individual,Manual,Second Owner,26.0 kmpl,998 CC,70.9 bhp,5.0
Honda A4,2017,182000.0,131363.0,Petrol,Dealer,Automatic,First Owner,26.0 kmpl,1197 CC,95.9 bhp,5.0
BMW A4,2021,607000.0,59003.0,Petrol,Individual,Automatic,First Owner,10.9 kmpl,796 CC,44.1 bhp,5.0
Honda Figo,2017,182000.0,150015.0,Petrol,Dealer,Automatic,First Owner,22.9 kmpl,,120.8 bhp,7.0
Volkswagen City,2012,104000.0,137450.0,Diesel,Individual,Manual,First Owner,11.2 kmpl,1498 CC,106.1 bhp,5.0
Ford Nexon,2013,70000.0,118891.0,Diesel,Individual,Manual,First Owner,19.6 kmpl,998 CC,76.6 bhp,5.0
Volkswagen A4,2008,86000.0,161817.0,Diesel,Individual,Automatic,First Owner,14.6 kmpl,2179 CC,137.2 bhp,
Ford Rapid,2014,70000.0,162772.0,Petrol,Dealer,Manual,Second Owner,14.0 kmpl,1197 CC,96.6 bhp,5.0
Mahindra A4,2018,174000.0,68395.0,Petrol,Individual,Manual,Second Owner,19.6 kmpl,1498 CC,83.6 bhp,
Mahindra Innova,2018,201000.0,127462.0,Petrol,Dealer,Manual,Second Owner,,1968 CC,127.3 bhp,5.0
Maruti Innova,2010,39000.0,245562.0,Diesel,Individual,Manual,Second Owner,25.4 kmpl,1582 CC,91.5 bhp,5.0
Toyota A4,2015,115000.0,112896.0,LPG,Dealer,Manual,Second Owner,25.2 kmpl,1248 CC,98.3 bhp,7.0
Hyundai i20,2022,380000.0,32260.0,Petrol,Individual,Manual,First Owner,17.3 kmpl,2179 CC,160.3 bhp,5.0
Maruti XUV,2019,86000.0,82879.0,Petrol,Individual,Manual,Second Owner,19.6 kmpl,796 CC,62.5 bhp,5.0
Maruti i20,2012,54000.0,208563.0,Petrol,Individual,Manual,Third Owner,21.2 kmpl,1498 CC,134.5 bhp,7.0
Hyundai Polo,2004,27000.0,205845.0,Diesel,Individual,Manual,Third Owner,19.6 kmpl,1968 CC,118.8 bhp,5.0
Maruti Polo,2024,329000.0,29039.0,Diesel,Dealer,Manual,First Owner,23.9 kmpl,1582 CC,94.4 bhp,5.0
Maruti 320d,2023,161000.0,32685.0,Petrol,Individual,Manual,Second Owner,21.7 kmpl,998 CC,61.6 bhp,5.0
Toyota Figo,2019,364000.0,47149.0,Diesel,Individual,Manual,First Owner,17.2 kmpl,1197 CC,81.5 bhp,7.0
Hyundai i20,2020,211000.0,37699.0,Diesel,Individual,Manual,First Owner,11.2 kmpl,796 CC,58.0 bhp,5.0
Toyota Figo,2006,63000.0,158925.0,Petrol,Individual,Automatic,First Owner,19.2 kmpl,1197 CC,84.6 bhp,5.0
Ford Swift,2011,86000.0,78601.0,Petrol,Individual,Manual,First Owner,14.6 kmpl,1248 CC,109.1 bhp,5.0
Skoda Swift,2018,368000.0,72107.0,Diesel,Dealer,Manual,First Owner,19.4 kmpl,2179 CC,189.1 bhp,5.0
Hyundai i20,2020,152000.0,83410.0,Diesel,Individual,Manual,First Owner,24.0 kmpl,796 CC,55.5 bhp,5.0
Audi A4,2019,431000.0,87941.0,Petrol,Individual,Manual,Second Owner,10.5 kmpl,1248 CC,78.0 bhp,7.0
Tata Swift,2018,233000.0,58112.0,Petrol,Dealer,Manual,First Owner,25.9 kmpl,1968 CC,136.0 bhp,5.0
Honda Rapid,2023,485000.0,39789.0,Diesel,Individual,Manual,Second Owner,10.1 kmpl,2179 CC,120.1 bhp,5.0
Maruti Swift,2015,83000.0,100736.0,Petrol,Individual,Manual,Second Owner,11.0 kmpl,1498 CC,128.5 bhp,5.0
Skoda City,2013,113000.0,93937.0,Diesel,Dealer,Automatic,First Owner,19.8 kmpl,796 CC,45.7 bhp,5.0
BMW Swift,2018,665000.0,74748.0,Diesel,Individual,Manual,Second Owner,21.9 kmpl,1582 CC,107.2 bhp,5.0
Maruti Figo,2014,116000.0,162189.0,Petrol,Individual,Manual,First Owner,21.7 kmpl,1968 CC,125.1 bhp,5.0
Tata Polo,2024,444000.0,19125.0,Diesel,Individual,Manual,First Owner,23.2 kmpl,1582 CC,89.3 bhp,5.0
Toyota XUV,2021,530000.0,38572.0,Diesel,Dealer,Manual,First Owner,25.0 kmpl,1498 CC,117.4 bhp,7.0
Volkswagen Nexon,2006,57000.0,162926.0,Diesel,Individual,Automatic,First Owner,19.4 kmpl,1582 CC,89.5 bhp,5.0
Hyundai Swift,2011,54000.0,168606.0,Petrol,Individual,Manual,First Owner,18.3 kmpl,1197 CC,87.6 bhp,5.0
Ford Swift,2023,244000.0,,Petrol,Dealer,Manual,First Owner,17.2 kmpl,998 CC,88.1 bhp,5.0
Honda Innova,2022,353000.0,58209.0,Petrol,Individual,Manual,Second Owner,25.5 kmpl,,179.6 bhp,5.0
Honda City,2006,42000.0,259253.0,Petrol,Individual,Manual,Second Owner,18.7 kmpl,1968 CC,173.4 bhp,7.0
Skoda XUV,2015,108000.0,150321.0,Petrol,Individual,Manual,Third Owner,25.6 kmpl,1197 CC,94.0 bhp,5.0
Skoda A4,2021,496000.0,66589.0,Petrol,Individual,Manual,First Owner,10.1 kmpl,2179 CC,190.0 bhp,5.0
Skoda A4,2014,91000.0,145367.0,Diesel,Individual,Manual,First Owner,12.1 kmpl,998 CC,87.5 bhp,5.0
Toyota Innova,2013,76000.0,99563.0,Petrol,Individual,Manual,Second Owner,24.5 kmpl,796 CC,64.4 bhp,5.0
Volkswagen Rapid,2019,235000.0,86672.0,Diesel,Individual,Manual,First Owner,12.1 kmpl,2179 CC,195.2 bhp,5.0
Ford Nexon,2013,109000.0,166196.0,Petrol,Individual,Manual,First Owner,20.4 kmpl,2179 CC,193.0 bhp,5.0
Maruti Rapid,2022,155000.0,58513.0,Diesel,Individual,Manual,Second Owner,25.4 kmpl,796 CC,71.5 bhp,5.0
Honda Figo,2017,255000.0,73472.0,Petrol,Individual,Manual,First Owner,15.0 kmpl,1968 CC,129.5 bhp,5.0
Skoda A4,2016,95000.0,96740.0,Petrol,Dealer,Manual,First Owner,11.3 kmpl,796 CC,60.3 bhp,5.0
Honda i20,2015,194000.0,72948.0,Diesel,Dealer,Manual,First Owner,24.6 kmpl,1582 CC,95.1 bhp,5.0
BMW A4,2006,74000.0,176730.0,Petrol,Individual,Manual,First Owner,21.9 kmpl,796 CC,53.4 bhp,5.0
Volkswagen Innova,2023,456000.0,64136.0,Petrol,Individual,Manual,First Owner,,2179 CC,183.4 bhp,5.0
Audi Innova,2012,199000.0,158801.0,Petrol,Individual,Manual,First Owner,16.5 kmpl,998 CC,77.5 bhp,5.0
Hyundai Polo,2004,30000.0,232251.0,Petrol,Individual,Manual,First Owner,18.0 kmpl,1498 CC,119.7 bhp,5.0
Tata City,2020,161000.0,82660.0,Petrol,Individual,Manual,Second Owner,17.3 kmpl,1248 CC,108.4 bhp,7.0
Hyundai Swift,2007,80000.0,140167.0,Petrol,Dealer,Automatic,First Owner,23.7 kmpl,2179 CC,128.5 bhp,5.0
Honda City,2012,57000.0,211934.0,CNG,Individual,Manual,First Owner,17.9 kmpl,796 CC,51.2 bhp,5.0
Tata Swift,2024,247000.0,35802.0,Petrol,Individual,Manual,First Owner,13.5 kmpl,796 CC,52.4 bhp,5.0
Hyundai Polo,2021,376000.0,84513.0,Petrol,Dealer,Manual,First Owner,23.8 kmpl,2179 CC,174.3 bhp,7.0
Hyundai Polo,2013,102000.0,196549.0,Diesel,Individual,Manual,First Owner,23.2 kmpl,1498 CC,105.0 bhp,5.0
Tata Polo,2012,81000.0,215097.0,Diesel,Individual,Automatic,First Owner,15.1 kmpl,1248 CC,72.6 bhp,
Maruti A4,2025,393000.0,22357.0,Petrol,Dealer,Manual,First Owner,22.1 kmpl,1498 CC,125.7 bhp,4.0
Mahindra Figo,2019,172000.0,62698.0,Diesel,Individual,Manual,First Owner,16.5 kmpl,796 CC,56.6 bhp,5.0
Maruti City,2011,51000.0,237326.0,Petrol,Individual,Manual,First Owner,12.4 kmpl,1582 CC,88.3 bhp,7.0
Honda Figo,2006,27000.0,144645.0,Petrol,Individual,Manual,Second Owner,10.3 kmpl,796 CC,44.4 bhp,5.0
Hyundai Figo,2018,163000.0,100134.0,Diesel,Individual,Manual,First Owner,25.2 kmpl,1197 CC,96.3 bhp,7.0
Honda 320d,2024,499000.0,37730.0,Diesel,Individual,Manual,First Owner,14.3 kmpl,1498 CC,133.7 bhp,7.0
Skoda Innova,2025,609000.0,14222.0,Petrol,Individual,Manual,Third Owner,24.4 kmpl,2179 CC,151.6 bhp,5.0
Hyundai Swift,2012,78000.0,,Petrol,Individual,Manual,First Owner,19.1 kmpl,1582 CC,88.4 bhp,5.0
Toyota Rapid,2007,37000.0,9999999.0,Diesel,Individual,Manual,First Owner,13.0 kmpl,998 CC,60.4 bhp,5.0
Maruti Innova,2004,19000.0,143303.0,Diesel,Individual,Manual,Second Owner,13.4 kmpl,998 CC,79.7 bhp,5.0
Toyota Nexon,2007,44000.0,265848.0,Diesel,Individual,Manual,First Owner,11.5 kmpl,998 CC,74.6 bhp,
Toyota City,2022,780000.0,60961.0,Petrol,Dealer,Automatic,First Owner,20.7 kmpl,2179 CC,162.0 bhp,5.0
Maruti 320d,2018,139000.0,117232.0,Diesel,Individual,Manual,Third Owner,11.1 kmpl,1582 CC,101.6 bhp,7.0
Maruti Polo,2025,599000.0,33309.0,Petrol,Individual,Automatic,First Owner,23.9 kmpl,2179 CC,124.4 bhp,5.0
Ford i20,2024,500000.0,21261.0,CNG,Dealer,Manual,First Owner,22.4 kmpl,1968 CC,168.6 bhp,7.0
Mahindra Nexon,2007,41000.0,192739.0,Petrol,Dealer,Manual,Third Owner,25.1 kmpl,1498 CC,112.9 bhp,7.0
Volkswagen XUV,2025,416000.0,8588.0,Petrol,Individual,Manual,First Owner,19.7 kmpl,998 CC,57.1 bhp,5.0
Mahindra City,2006,31000.0,280372.0,Diesel,Dealer,Manual,Third Owner,14.3 kmpl,1498 CC,95.1 bhp,5.0
Honda Polo,2011,105000.0,122259.0,Petrol,Individual,Manual,First Owner,20.4 kmpl,1498 CC,103.2 bhp,5.0
Ford i20,2007,37000.0,234598.0,Petrol,Dealer,Manual,First Owner,19.0 kmpl,1582 CC,126.0 bhp,5.0
BMW Figo,2016,426000.0,131121.0,Petrol,Individual,Manual,First Owner,17.9 kmpl,1582 CC,116.7 bhp,5.0
Maruti i20,2008,30000.0,246280.0,Petrol,Individual,Manual,Second Owner,20.3 kmpl,1498 CC,86.8 bhp,5.0
Skoda A4,2019,362000.0,112138.0,Diesel,Individual,Manual,First Owner,23.7 kmpl,2179 CC,121.7 bhp,5.0
Maruti XUV,2020,122000.0,88573.0,Petrol,Individual,Manual,Second Owner,25.5 kmpl,796 CC,61.4 bhp,
Maruti A4,2016,115000.0,151584.0,Diesel,Individual,Manual,First Owner,15.9 kmpl,1498 CC,97.8 bhp,5.0
Skoda Swift,2010,93000.0,198775.0,Petrol,Individual,Manual,First Owner,14.8 kmpl,2179 CC,181.3 bhp,
Honda Swift,2009,56000.0,150106.0,LPG,Individual,Manual,Fourth & Above Owner,22.7 kmpl,1582 CC,95.4 bhp,5.0
Mahindra Swift,2010,50000.0,209835.0,Petrol,Individual,Manual,First Owner,25.8 kmpl,998 CC,61.3 bhp,5.0
Skoda Figo,2018,171000.0,78374.0,Petrol,Individual,Manual,Fourth & Above Owner,21.6 kmpl,1197 CC,94.6 bhp,7.0
Volkswagen Rapid,2007,32000.0,109426.0,Petrol,Dealer,Manual,Second Owner,20.3 kmpl,796 CC,59.9 bhp,4.0
Hyundai 320d,2008,41000.0,270023.0,Diesel,Dealer,Manual,Third Owner,21.3 kmpl,1968 CC,134.0 bhp,5.0
Mahindra XUV,2022,294000.0,42358.0,Petrol,Dealer,Manual,First Owner,12.0 kmpl,998 CC,73.8 bhp,5.0
BMW 320d,2017,436000.0,92473.0,Diesel,Individual,Manual,First Owner,21.0 kmpl,796 CC,64.7 bhp,5.0
Volkswagen Figo,2009,45000.0,175624.0,Diesel,Individual,Automatic,First Owner,21.9 kmpl,796 CC,48.6 bhp,5.0
Tata Figo,2008,110000.0,112661.0,Diesel,Individual,Manual,First Owner,14.1 kmpl,2179 CC,183.9 bhp,5.0
Honda City,2016,149000.0,140717.0,Diesel,Trustmark Dealer,Manual,Third Owner,19.0 kmpl,1582 CC,134.6 bhp,5.0
Ford Swift,2023,296000.0,41066.0,CNG,Individual,Manual,First Owner,18.8 kmpl,1498 CC,111.0 bhp,5.0
BMW Rapid,2020,588000.0,98222.0,Petrol,Individual,Manual,Second Owner,23.5 kmpl,1582 CC,119.2 bhp,7.0
Tata Nexon,2011,67000.0,175806.0,Diesel,Dealer,Manual,First Owner,23.0 kmpl,1582 CC,87.1 bhp,5.0
Maruti XUV,2015,102000.0,160769.0,Diesel,Individual,Manual,First Owner,14.8 kmpl,1248 CC,81.4 bhp,4.0
Skoda Swift,2016,150000.0,81147.0,Petrol,Individual,Manual,First Owner,20.7 kmpl,1197 CC,104.2 bhp,5.0
Ford XUV,2012,82000.0,224131.0,Petrol,Dealer,Manual,First Owner,,1968 CC,153.8 bhp,5.0
Volkswagen 320d,2007,52000.0,108202.0,Diesel,Individual,Manual,First Owner,13.2 kmpl,1197 CC,95.0 bhp,5.0
Hyundai Swift,2011,58000.0,197679.0,Diesel,Individual,Manual,Second Owner,11.2 kmpl,1197 CC,74.3 bhp,5.0
Maruti 320d,2015,57000.0,186934.0,Petrol,Individual,Manual,First Owner,12.4 kmpl,1197 CC,97.0 bhp,5.0
Toyota City,2017,144000.0,72322.0,Diesel,Individual,Manual,Second Owner,10.6 kmpl,998 CC,63.7 bhp,5.0
Maruti Swift,2005,18000.0,239656.0,Petrol,Individual,Automatic,First Owner,25.9 kmpl,796 CC,45.7 bhp,5.0
Audi Polo,2021,890000.0,75289.0,Diesel,Individual,Manual,First Owner,13.4 kmpl,1582 CC,129.3 bhp,5.0
Toyota XUV,2008,60000.0,248830.0,Diesel,Trustmark Dealer,Manual,First Owner,11.2 kmpl,1248 CC,91.4 bhp,4.0
Maruti Figo,2017,186000.0,53315.0,Petrol,Dealer,Manual,First Owner,12.4 kmpl,2179 CC,189.5 bhp,5.0
Ford Swift,2004,22000.0,231040.0,Diesel,Individual,Manual,First Owner,13.1 kmpl,796 CC,64.4 bhp,5.0
Tata Figo,2018,131000.0,101051.0,Petrol,Individual,Manual,Third Owner,14.2 kmpl,1968 CC,158.8 bhp,5.0
Honda Polo,2004,26000.0,343170.0,Petrol,Individual,Manual,First Owner,15.8 kmpl,2179 CC,182.4 bhp,
Maruti Innova,2024,328000.0,19667.0,Diesel,Individual,Automatic,Second Owner,,1197 CC,93.9 bhp,5.0
Hyundai Innova,2017,175000.0,111107.0,Petrol,Individual,Manual,Second Owner,15.8 kmpl,1968 CC,128.6 bhp,4.0
Maruti Figo,2007,52000.0,212842.0,Diesel,Individual,Automatic,First Owner,,1582 CC,113.4 bhp,5.0
Maruti Swift,2013,88000.0,194208.0,Diesel,Individual,Manual,First Owner,14.6 kmpl,1582 CC,104.6 bhp,7.0
Hyundai A4,2004,26000.0,265383.0,Diesel,Dealer,Manual,Third Owner,14.3 kmpl,1582 CC,119.5 bhp,5.0
Hyundai Nexon,2008,48000.0,169420.0,Petrol,Individual,Automatic,Third Owner,21.3 kmpl,998 CC,83.3 bhp,5.0
Toyota Polo,2019,412000.0,61671.0,Diesel,Individual,Manual,First Owner,22.5 kmpl,1582 CC,103.9 bhp,5.0
Toyota Swift,2017,278000.0,63682.0,Diesel,Individual,Manual,First Owner,18.0 kmpl,1498 CC,107.6 bhp,5.0
Mahindra Nexon,2018,248000.0,66223.0,Petrol,Individual,Manual,First Owner,11.1 kmpl,1582 CC,93.7 bhp,5.0
Mahindra Innova,2012,72000.0,226166.0,Petrol,Individual,Automatic,First Owner,,1197 CC,69.0 bhp,5.0
Maruti A4,2023,194000.0,41903.0, petrol ,Individual,Manual,First Owner,16.1 kmpl,796 CC,46.0 bhp,5.0
Audi A4,2009,248000.0,166474.0,Petrol,Individual,Automatic,First Owner,21.0 kmpl,1968 CC,141.1 bhp,5.0
Volkswagen Polo,2017,150000.0,108238.0,Diesel,Individual,Manual,First Owner,21.7 kmpl,1248 CC,77.8 bhp,5.0
Honda XUV,2009,97000.0,151241.0,Diesel,Individual,Manual,First Owner,12.8 kmpl,1968 CC,127.4 bhp,7.0
BMW Swift,2019,671000.0,51105.0,Petrol,Individual,Manual,Third Owner,11.6 kmpl,1582 CC,112.0 bhp,5.0
Hyundai Figo,2006,28000.0,122620.0,Petrol,Individual,Manual,First Owner,20.3 kmpl,796 CC,45.9 bhp,5.0
Maruti Innova,2007,27000.0,194814.0,Diesel,Individual,Manual,First Owner,20.3 kmpl,796 CC,44.9 bhp,5.0
Mahindra XUV,2008,76000.0,170263.0,Diesel,Individual,Manual,First Owner,17.1 kmpl,1582 CC,117.3 bhp,5.0
Tata Rapid,2025,343000.0,9004.0,Petrol,Individual,Manual,Third Owner,12.4 kmpl,1968 CC,129.8 bhp,5.0
BMW 320d,2023,839000.0,35799.0,CNG,Individual,Manual,Second Owner,21.8 kmpl,796 CC,66.6 bhp,5.0
Mahindra Swift,2011,69000.0,169131.0,Petrol,Individual,Manual,First Owner,25.4 kmpl,1197 CC,86.1 bhp,5.0
Skoda A4,2023,628000.0,45223.0,Diesel,Trustmark Dealer,Manual,First Owner,13.0 kmpl,1582 CC,110.1 bhp,5.0
Audi 320d,2010,204000.0,,Petrol,Individual,Manual,First Owner,14.5 kmpl,1248 CC,93.0 bhp,7.0
Tata Swift,2010,56000.0,210913.0,Petrol,Individual,Manual,Second Owner,18.6 kmpl,1582 CC,117.9 bhp,5.0
Skoda Innova,2008,63000.0,289466.0,Diesel,Individual,Manual,First Owner,21.4 kmpl,1498 CC,,5.0
Hyundai Nexon,2011,120000.0,99775.0,Petrol,Individual,Manual,First Owner,12.0 kmpl,2179 CC,161.1 bhp,5.0
Ford i20,2013,63000.0,149865.0,Diesel,Individual,Manual,First Owner,19.0 kmpl,998 CC,55.2 bhp,5.0
Maruti Rapid,2006,41000.0,197068.0,Diesel,Dealer,Manual,First Owner,18.2 kmpl,1968 CC,126.4 bhp,4.0
Hyundai Rapid,2005,17000.0,267763.0,Petrol,Individual,Manual,First Owner,20.1 kmpl,796 CC,60.2 bhp,5.0
Mahindra Figo,2024,418000.0,13665.0,Petrol,Individual,Manual,First Owner,11.0 kmpl,1248 CC,79.1 bhp,5.0
Toyota Figo,2011,93000.0,149369.0,Diesel,Individual,Manual,First Owner,11.9 kmpl,998 CC,83.0 bhp,4.0
Tata i20,2018,134000.0,109536.0,Petrol,Individual,Manual,First Owner,17.8 kmpl,1248 CC,81.6 bhp,5.0
Volkswagen Figo,2022,445000.0,34699.0,Diesel,Individual,Manual,First Owner,18.6 kmpl,1968 CC,162.3 bhp,5.0
Hyundai City,2017,211000.0,71510.0,Diesel,Individual,Automatic,First Owner,23.3 kmpl,1248 CC,83.8 bhp,5.0
Volkswagen Swift,2016,100000.0,111797.0,Diesel,Individual,Manual,Second Owner,18.0 kmpl,998 CC,83.8 bhp,5.0
Hyundai 320d,2022,218000.0,35022.0,Petrol,Individual,Manual,First Owner,17.0 kmpl,796 CC,54.1 bhp,5.0
Tata 320d,2015,135000.0,143086.0,Petrol,Dealer,Manual,First Owner,24.3 kmpl,1498 CC,100.6 bhp,7.0
Honda 320d,2005,14000.0,314399.0,Petrol,Individual,Manual,Second Owner,20.9 kmpl,796 CC,48.2 bhp,5.0
Maruti Nexon,2013,69000.0,186477.0,Diesel,Individual,Manual,First Owner,17.0 kmpl,1197 CC,106.8 bhp,5.0
Volkswagen XUV,2018,209000.0,78113.0,Petrol,Individual,Manual,Second Owner,18.9 kmpl,1968 CC,170.5 bhp,4.0
Toyota 320d,2020,388000.0,89621.0,Diesel,Individual,Manual,First Owner,13.9 kmpl,2179 CC,191.5 bhp,7.0
Tata City,2016,217000.0,94679.0,Diesel,Individual,Manual,First Owner,20.6 kmpl,2179 CC,122.1 bhp,5.0
Hyundai Polo,2020,195000.0,75012.0,CNG,Individual,Automatic,First Owner,25.3 kmpl,796 CC,55.1 bhp,7.0
Maruti Polo,2012,89000.0,84479.0,Petrol,Dealer,Manual,First Owner,14.5 kmpl,2179 CC,151.8 bhp,5.0
Hyundai Figo,2008,66000.0,98132.0,Petrol,Individual,Manual,First Owner,23.2 kmpl,1498 CC,134.8 bhp,5.0
Hyundai City,2023,229000.0,24673.0,Petrol,Dealer,Manual,First Owner,23.9 kmpl,796 CC,47.4 bhp,5.0
Skoda Innova,2019,178000.0,52967.0,Petrol,Trustmark Dealer,Manual,Second Owner,10.9 kmpl,998 CC,76.2 bhp,5.0
Mahindra A4,2005,32000.0,211059.0,Diesel,Dealer,Manual,First Owner,24.3 kmpl,1248 CC,102.4 bhp,5.0
Audi Rapid,2018,475000.0,59350.0,Petrol,Individual,Automatic,First Owner,22.1 kmpl,796 CC,58.5 bhp,5.0
Hyundai A4,2007,46000.0,193237.0,Diesel,Individual,Manual,Second Owner,24.4 kmpl,1582 CC,128.2 bhp,5.0
Mahindra Figo,2021,324000.0,88650.0,Diesel,Individual,Manual,First Owner,11.2 kmpl,1582 CC,129.9 bhp,5.0
Toyota XUV,2024,576000.0,47801.0,Petrol,Individual,Manual,First Owner,16.8 kmpl,1248 CC,,5.0
Hyundai Polo,2004,28000.0,281468.0,Diesel,Individual,Manual,First Owner,17.1 kmpl,1248 CC,89.7 bhp,5.0
Hyundai i20,2025,609000.0,16707.0,Petrol,Individual,Automatic,First Owner,20.0 kmpl,1582 CC,105.9 bhp,5.0
Maruti 320d,2008,41000.0,160771.0,Diesel,Individual,Manual,First Owner,24.8 kmpl,1248 CC,103.1 bhp,7.0
Mahindra Polo,2018,309000.0,107090.0,Diesel,Dealer,Manual,First Owner,15.8 kmpl,1968 CC,116.7 bhp,5.0
Toyota 320d,2010,84000.0,241379.0,Diesel,Individual,Manual,First Owner,19.9 kmpl,,131.1 bhp,5.0
Hyundai i20,2006,38000.0,134355.0,Petrol,Individual,Automatic,Third Owner,12.1 kmpl,1582 CC,104.3 bhp,5.0
Mahindra Polo,2019,302000.0,45300.0,Diesel,Individual,Manual,Second Owner,12.1 kmpl,1968 CC,159.3 bhp,
Hyundai Polo,2022,202000.0,69968.0,Diesel,Individual,Manual,First Owner,19.1 kmpl,796 CC,50.3 bhp,5.0
Hyundai Swift,2014,83000.0,174804.0,Diesel,Individual,Manual,Second Owner,18.3 kmpl,1498 CC,123.9 bhp,5.0
Toyota A4,2014,178000.0,89483.0,Petrol,Individual,Automatic,Second Owner,17.4 kmpl,1498 CC,95.6 bhp,5.0
Hyundai 320d,2013,76000.0,172732.0,Diesel,Individual,Manual,Second Owner,,1197 CC,94.9 bhp,5.0
Toyota Polo,2013,173000.0,117684.0,Petrol,Individual,Manual,First Owner,11.3 kmpl,1582 CC,98.4 bhp,5.0
Volkswagen Nexon,2017,259000.0,74931.0,Petrol,Dealer,Manual,First Owner,22.0 kmpl,1968 CC,176.9 bhp,5.0
Tata XUV,2025,280000.0,28993.0,Petrol,Individual,Manual,Second Owner,21.9 kmpl,1197 CC,81.0 bhp,5.0
Hyundai Rapid,2011,73000.0,190359.0,Diesel,Individual,Manual,Third Owner,22.9 kmpl,2179 CC,148.2 bhp,7.0
Tata 320d,2025,304000.0,16787.0,Petrol,Individual,Manual,Fourth & Above Owner,20.0 kmpl,1248 CC,77.6 bhp,7.0
Ford Polo,2010,56000.0,138461.0,Petrol,Individual,Automatic,First Owner,11.1 kmpl,1248 CC,74.7 bhp,5.0
Honda A4,2023,383000.0,42478.0,Diesel,Individual,Manual,First Owner,19.0 kmpl,1248 CC,108.6 bhp,5.0
BMW Nexon,2012,173000.0,216293.0,Petrol,Individual,Manual,First Owner,21.9 kmpl,1248 CC,86.4 bhp,5.0
BMW City,2014,169000.0,159757.0,Petrol,Individual,Manual,Fourth & Above Owner,21.4 kmpl,1197 CC,98.7 bhp,5.0
Toyota 320d,2022,297000.0,43617.0,Diesel,Individual,Manual,First Owner,13.6 kmpl,796 CC,55.0 bhp,5.0
Honda Polo,2016,202000.0,118816.0,Petrol,Individual,Automatic,First Owner,24.6 kmpl,,118.9 bhp,7.0
Tata 320d,2016,87000.0,129569.0,Petrol,Individual,Manual,First Owner,10.7 kmpl,1197 CC,94.4 bhp,5.0
Mahindra Figo,2021,338000.0,54790.0,Diesel,Individual,Manual,First Owner,22.2 kmpl,998 CC,72.8 bhp,5.0
Ford Swift,2024,430000.0,21345.0,Diesel,Individual,Manual,Second Owner,11.0 kmpl,1968 CC,171.0 bhp,5.0
Maruti 320d,2012,51000.0,212109.0,Diesel,Individual,Automatic,First Owner,,796 CC,47.6 bhp,7.0
Honda 320d,2013,76000.0,201902.0,Petrol,Individual,Automatic,First Owner,21.7 kmpl,1248 CC,79.8 bhp,5.0
Hyundai Figo,2009,28000.0,171074.0,Petrol,Trustmark Dealer,Manual,Second Owner,20.3 kmpl,796 CC,64.0 bhp,
Toyota Innova,2020,339000.0,95563.0,Diesel,Individual,Manual,First Owner,15.8 kmpl,1498 CC,126.1 bhp,5.0
Maruti Innova,2011,67000.0,185567.0,Petrol,Individual,Manual,Second Owner,22.7 kmpl,1968 CC,141.1 bhp,5.0
Toyota Figo,2022,572000.0,73799.0,Diesel,Individual,Manual,First Owner,18.3 kmpl,2179 CC,,5.0
Toyota Innova,2004,24000.0,278719.0,Diesel,Dealer,Automatic,Second Owner,10.5 kmpl,796 CC,51.8 bhp,5.0
Hyundai Swift,2019,263000.0,47847.0,Petrol,Trustmark Dealer,Manual,First Owner,17.9 kmpl,1582 CC,90.6 bhp,5.0
Volkswagen Swift,2006,30000.0,199225.0,Diesel,Dealer,Manual,First Owner,19.0 kmpl,796 CC,68.4 bhp,4.0
Mahindra Polo,2025,403000.0,18641.0,CNG,Individual,Manual,First Owner,21.9 kmpl,1197 CC,83.0 bhp,5.0
Volkswagen Nexon,2016,101000.0,168698.0,CNG,Individual,Automatic,Second Owner,16.2 kmpl,998 CC,80.5 bhp,5.0
Hyundai City,2004,31000.0,176088.0,Petrol,Individual,Automatic,First Owner,14.0 kmpl,1248 CC,76.7 bhp,5.0
Toyota Swift,2007,35000.0,268278.0,Petrol,Individual,Manual,First Owner,19.9 kmpl,796 CC,59.6 bhp,5.0
Hyundai City,2016,130000.0,104834.0,Diesel,Individual,Manual,First Owner,16.3 kmpl,1248 CC,90.2 bhp,5.0
Hyundai Rapid,2006,31000.0,307548.0,Petrol,Individual,Manual,First Owner,10.4 kmpl,1582 CC,98.8 bhp,5.0
Honda XUV,2013,82000.0,94047.0,Petrol,Individual,Manual,First Owner,11.4 kmpl,1197 CC,99.6 bhp,5.0
Mahindra i20,2022,574000.0,57293.0,Diesel,Individual,Manual,First Owner,23.3 kmpl,2179 CC,152.9 bhp,7.0
Hyundai Polo,2024,342000.0,46780.0,Petrol,Dealer,Automatic,First Owner,15.0 kmpl,796 CC,49.0 bhp,5.0
Skoda Polo,2017,174000.0,83034.0,Petrol,Individual,Manual,Fourth & Above Owner,18.2 kmpl,1248 CC,99.0 bhp,5.0
Hyundai Figo,2022,324000.0,54633.0,Petrol,Individual,Automatic,First Owner,11.0 kmpl,1197 CC,100.3 bhp,7.0
Ford Rapid,2021,142000.0,81948.0,Diesel,Dealer,Manual,Second Owner,17.7 kmpl,1197 CC,106.7 bhp,5.0
Mahindra XUV,2014,220000.0,164820.0,Diesel,Individual,Manual,First Owner,22.7 kmpl,1968 CC,147.4 bhp,7.0
Tata Swift,2015,109000.0,166419.0,Petrol,Individual,Manual,First Owner,15.1 kmpl,1498 CC,82.4 bhp,5.0
Ford Innova,2020,221000.0,84734.0,Diesel,Individual,Manual,First Owner,20.0 kmpl,1582 CC,127.1 bhp,5.0
Hyundai XUV,2013,95000.0,84269.0,Petrol,Individual,Automatic,First Owner,15.0 kmpl,1197 CC,78.2 bhp,5.0
Honda 320d,2015,152000.0,85483.0,Petrol,Dealer,Manual,First Owner,15.2 kmpl,1582 CC,119.8 bhp,5.0
Tata City,2007,34000.0,125310.0,Petrol,Individual,Manual,Second Owner,25.3 kmpl,1498 CC,95.1 bhp,5.0
Tata Rapid,2024,470000.0,43436.0,Diesel,Individual,Manual,Third Owner,17.3 kmpl,2179 CC,195.6 bhp,5.0
Toyota A4,2025,639000.0,15904.0,Diesel,Trustmark Dealer,Manual,First Owner,12.1 kmpl,1197 CC,91.5 bhp,5.0
Maruti Innova,2023,302000.0,33848.0,Petrol,Individual,Manual,Second Owner,12.1 kmpl,1968 CC,129.0 bhp,4.0
BMW Innova,2020,576000.0,99259.0,Diesel,Individual,Automatic,Second Owner,18.1 kmpl,796 CC,49.8 bhp,5.0
Tata Figo,2019,258000.0,83231.0,Diesel,Individual,Manual,First Owner,19.1 kmpl,2179 CC,124.4 bhp,7.0
Tata Rapid,2004,35000.0,153133.0,Petrol,Individual,Manual,First Owner,,2179 CC,185.8 bhp,5.0
Hyundai A4,2008,67000.0,126406.0,Diesel,Individual,Manual,First Owner,10.4 kmpl,1498 CC,123.6 bhp,5.0
Maruti Polo,2011,85000.0,132646.0,Diesel,Individual,Manual,Third Owner,,1968 CC,138.6 bhp,5.0
Hyundai Polo,2016,73000.0,99985.0,Petrol,Individual,Manual,First Owner,18.3 kmpl,998 CC,88.2 bhp,5.0
Hyundai Polo,2013,55000.0,101745.0,Diesel,Individual,Manual,Second Owner,22.3 kmpl,796 CC,59.8 bhp,5.0
Toyota Innova,2025,513000.0,15618.0,Diesel,Individual,Manual,Second Owner,20.1 kmpl,1248 CC,91.2 bhp,5.0
Mahindra 320d,2011,138000.0,82754.0,Diesel,Individual,Manual,First Owner,19.5 kmpl,2179 CC,187.1 bhp,5.0
Skoda Swift,2016,152000.0,152597.0,Petrol,Dealer,Automatic,Second Owner,20.4 kmpl,1582 CC,90.2 bhp,5.0
Tata XUV,2007,29000.0,149327.0,Petrol,Individual,Manual,Second Owner,18.3 kmpl,1498 CC,82.8 bhp,5.0
Hyundai Nexon,2016,72000.0,162355.0,Petrol,Individual,Manual,Third Owner,24.3 kmpl,796 CC,61.7 bhp,5.0
Honda A4,2013,82000.0,171976.0,Diesel,Individual,Manual,Second Owner,12.7 kmpl,1498 CC,107.3 bhp,7.0
Hyundai i20,2009,40000.0,230641.0,Diesel,Individual,Manual,First Owner,19.1 kmpl,1197 CC,78.2 bhp,5.0
Toyota Innova,2005,67000.0,123028.0,Petrol,Individual,Automatic,First Owner,24.8 kmpl,1498 CC,101.6 bhp,5.0
Maruti Swift,2011,56000.0,117294.0,Diesel,Dealer,Manual,Second Owner,23.0 kmpl,1498 CC,125.3 bhp,5.0
Maruti Rapid,2023,310000.0,60611.0,Diesel,Individual,Manual,Third Owner,26.0 kmpl,1248 CC,91.2 bhp,7.0
Hyundai Polo,2007,45000.0,244826.0,Diesel,Individual,Automatic,First Owner,14.7 kmpl,796 CC,60.4 bhp,5.0
Hyundai 320d,2013,83000.0,182559.0,Petrol,Dealer,Manual,Second Owner,22.6 kmpl,1968 CC,125.2 bhp,5.0
Maruti Nexon,2017,172000.0,87200.0,Petrol,Individual,Automatic,First Owner,25.9 kmpl,1582 CC,97.2 bhp,5.0
Hyundai Figo,2016,108000.0,121815.0,Diesel,Dealer,Manual,First Owner,21.6 kmpl,998 CC,64.7 bhp,5.0
Maruti City,2004,38000.0,149838.0,Petrol,Individual,Manual,First Owner,13.6 kmpl,1498 CC,93.3 bhp,5.0
BMW Polo,2023,1138000.0,44679.0,Petrol,Individual,Manual,First Owner,19.0 kmpl,1498 CC,124.8 bhp,4.0
Hyundai XUV,2025,500000.0,27083.0,Petrol,Individual,Manual,First Owner,18.3 kmpl,1582 CC,136.6 bhp,7.0
Honda XUV,2014,235000.0,115795.0,Diesel,Dealer,Automatic,First Owner,17.1 kmpl,2179 CC,131.2 bhp,
Honda i20,2009,72000.0,163585.0,Petrol,Trustmark Dealer,Manual,First Owner,25.6 kmpl,2179 CC,188.9 bhp,5.0
Tata i20,2006,47000.0,146874.0,Petrol,Individual,Automatic,First Owner,11.1 kmpl,1968 CC,109.6 bhp,5.0
Tata City,2014,129000.0,124937.0,Diesel,Individual,Automatic,Second Owner,24.7 kmpl,1498 CC,97.0 bhp,5.0
Toyota Nexon,2018,319000.0,91450.0,Petrol,Individual,Manual,First Owner,12.6 kmpl,2179 CC,131.6 bhp,7.0
Tata Figo,2024,269000.0,23457.0,Diesel,Individual,Manual,First Owner,12.4 kmpl,796 CC,44.4 bhp,5.0
BMW Innova,2008,84000.0,,Diesel,Individual,Manual,Third Owner,10.8 kmpl,796 CC,63.6 bhp,5.0
Skoda City,2019,238000.0,102579.0,Diesel,Individual,Manual,Third Owner,11.9 kmpl,,91.2 bhp,7.0
Audi 320d,2019,545000.0,96832.0,Diesel,Individual,Manual,Fourth & Above Owner,19.6 kmpl,1498 CC,90.0 bhp,5.0
Maruti Innova,2007,19000.0,164758.0,Petrol,Individual,Manual,Second Owner,13.9 kmpl,796 CC,44.9 bhp,5.0
Maruti Figo,2012,75000.0,196859.0,Petrol,Trustmark Dealer,Manual,First Owner,22.1 kmpl,1968 CC,127.8 bhp,5.0
BMW City,2018,531000.0,84622.0,Diesel,Individual,Manual,First Owner,21.6 kmpl,,59.5 bhp,5.0
Mahindra City,2005,37000.0,274181.0,Diesel,Individual,Manual,Second Owner,16.5 kmpl,2179 CC,138.8 bhp,5.0
Tata Swift,2004,16000.0,271961.0,Diesel,Individual,Manual,Second Owner,20.1 kmpl,998 CC,89.6 bhp,5.0
Ford Swift,2004,9000.0,308621.0,Petrol,Individual,Manual,Third Owner,10.9 kmpl,796 CC,69.2 bhp,5.0
Maruti Swift,2018,92000.0,,Petrol,Trustmark Dealer,Manual,First Owner,13.9 kmpl,998 CC,,7.0
Toyota A4,2013,142000.0,98789.0,Petrol,Individual,Manual,First Owner,13.1 kmpl,1248 CC,85.3 bhp,5.0
Maruti Innova,2006,16000.0,,Petrol,Individual,Manual,Second Owner,14.9 kmpl,796 CC,63.1 bhp,5.0
Volkswagen Polo,2011,86000.0,232251.0,Diesel,Individual,Manual,First Owner,14.7 kmpl,2179 CC,146.8 bhp,5.0
Ford A4,2023,372000.0,24497.0,Diesel,Individual,Manual,First Owner,13.7 kmpl,1498 CC,91.4 bhp,5.0
BMW XUV,2016,315000.0,127366.0,Petrol,Trustmark Dealer,Manual,First Owner,25.5 kmpl,998 CC,86.6 bhp,5.0
Hyundai Polo,2011,83000.0,93430.0, petrol ,Individual,Manual,First Owner,24.7 kmpl,1498 CC,92.6 bhp,7.0
Hyundai Rapid,2018,141000.0,77462.0,Petrol,Individual,Manual,First Owner,11.7 kmpl,998 CC,58.4 bhp,5.0
Tata Innova,2006,22000.0,252900.0,Diesel,Individual,Manual,First Owner,14.4 kmpl,796 CC,46.8 bhp,5.0
Maruti XUV,2025,342000.0,28660.0,Diesel,Individual,Manual,Second Owner,13.9 kmpl,1248 CC,106.1 bhp,5.0
Volkswagen City,2014,90000.0,144989.0,Petrol,Dealer,Manual,First Owner,13.1 kmpl,1248 CC,94.2 bhp,5.0
Toyota 320d,2007,54000.0,137621.0,Diesel,Individual,Manual,First Owner,14.4 kmpl,796 CC,70.7 bhp,5.0
Hyundai XUV,2020,348000.0,41190.0,Diesel,Individual,Manual,First Owner,11.4 kmpl,1582 CC,95.2 bhp,5.0
Hyundai Innova,2007,38000.0,190760.0,Petrol,Individual,Manual,First Owner,22.8 kmpl,1197 CC,80.2 bhp,5.0
Toyota 320d,2022,338000.0,40457.0,Petrol,Individual,Manual,First Owner,11.2 kmpl,998 CC,89.4 bhp,5.0
Ford City,2014,117000.0,103689.0,Diesel,Individual,Automatic,Second Owner,16.7 kmpl,1582 CC,129.0 bhp,5.0
Mahindra Innova,2016,125000.0,126766.0,Petrol,Individual,Manual,First Owner,13.4 kmpl,1197 CC,100.3 bhp,5.0
Toyota i20,2014,117000.0,97351.0,Petrol,Individual,Manual,First Owner,23.1 kmpl,796 CC,54.8 bhp,5.0
BMW Polo,2005,122000.0,191415.0,Diesel,Dealer,Automatic,Second Owner,,1197 CC,71.3 bhp,5.0
Mahindra Innova,2018,196000.0,78382.0,Diesel,Individual,Manual,Second Owner,24.0 kmpl,1582 CC,133.3 bhp,4.0
Maruti Swift,2006,21000.0,127940.0,Petrol,Individual,Manual,First Owner,10.3 kmpl,796 CC,71.4 bhp,5.0
Hyundai Innova,2007,42000.0,260552.0,Diesel,Individual,Manual,Third Owner,20.3 kmpl,2179 CC,182.8 bhp,5.0
Volkswagen Nexon,2019,240000.0,,Diesel,Dealer,Manual,First Owner,25.4 kmpl,1498 CC,117.9 bhp,5.0
Mahindra Swift,2014,106000.0,135171.0,Petrol,Trustmark Dealer,Manual,First Owner,15.1 kmpl,1582 CC,113.3 bhp,5.0
Honda Innova,2011,142000.0,121867.0,Diesel,Dealer,Manual,First Owner,22.6 kmpl,1968 CC,164.2 bhp,
Ford Swift,2006,33000.0,206234.0,Diesel,Dealer,Manual,First Owner,22.7 kmpl,1248 CC,93.0 bhp,5.0
Hyundai 320d,2014,138000.0,84157.0,Petrol,Individual,Manual,First Owner,21.1 kmpl,2179 CC,186.0 bhp,7.0
Mahindra A4,2015,139000.0,70439.0,Petrol,Individual,Manual,Fourth & Above Owner,12.2 kmpl,1968 CC,143.9 bhp,5.0
Maruti A4,2012,58000.0,214296.0,Diesel,Individual,Manual,First Owner,16.0 kmpl,1197 CC,75.9 bhp,5.0
Toyota XUV,2021,593000.0,,Petrol,Dealer,Manual,First Owner,14.4 kmpl,,124.9 bhp,
Tata Polo,2019,174000.0,63826.0,Petrol,Dealer,Automatic,Second Owner,20.6 kmpl,1248 CC,84.6 bhp,5.0
Hyundai i20,2019,186000.0,113773.0,Petrol,Individual,Manual,Second Owner,23.4 kmpl,2179 CC,183.8 bhp,5.0
Hyundai A4,2005,21000.0,235645.0,Diesel,Individual,Manual,First Owner,15.1 kmpl,1248 CC,105.2 bhp,7.0
Skoda Swift,2009,71000.0,258737.0,Petrol,Individual,Manual,First Owner,14.2 kmpl,1968 CC,115.8 bhp,5.0
Toyota A4,2015,232000.0,99051.0,Petrol,Individual,Manual,First Owner,22.9 kmpl,2179 CC,173.3 bhp,5.0
Volkswagen Nexon,2022,241000.0,41717.0,Diesel,Individual,Manual,First Owner,10.6 kmpl,796 CC,46.5 bhp,5.0
Toyota Figo,2005,55000.0,163984.0,Petrol,Individual,Manual,First Owner,14.4 kmpl,1498 CC,131.5 bhp,5.0
Hyundai Nexon,2020,224000.0,77751.0,Diesel,Dealer,Manual,Second Owner,12.9 kmpl,1582 CC,102.2 bhp,5.0
Tata Swift,2017,197000.0,70003.0,Petrol,Individual,Manual,First Owner,19.6 kmpl,1968 CC,150.3 bhp,5.0
Skoda Figo,2015,176000.0,106371.0,Diesel,Individual,Automatic,Second Owner,22.9 kmpl,998 CC,72.6 bhp,5.0
Maruti City,2017,132000.0,91037.0,Petrol,Individual,Manual,First Owner,25.6 kmpl,1582 CC,116.5 bhp,7.0
Maruti Polo,2020,157000.0,60975.0,Diesel,Individual,Manual,First Owner,23.6 kmpl,796 CC,48.3 bhp,5.0
Volkswagen Swift,2021,370000.0,47509.0,LPG,Dealer,Manual,First Owner,17.3 kmpl,1968 CC,144.9 bhp,5.0
Mahindra Polo,2010,60000.0,161299.0,Diesel,Individual,Manual,First Owner,19.2 kmpl,1197 CC,106.6 bhp,7.0
Skoda Figo,2009,37000.0,181129.0,Petrol,Individual,Manual,First Owner,16.9 kmpl,796 CC,45.3 bhp,5.0
BMW A4,2015,485000.0,125247.0,Petrol,Individual,Manual,First Owner,18.3 kmpl,1968 CC,171.6 bhp,7.0
Hyundai Nexon,2012,69000.0,206506.0,Diesel,Individual,Manual,First Owner,13.6 kmpl,,69.9 bhp,5.0
Hyundai Rapid,2012,73000.0,204950.0,Diesel,Individual,Automatic,Second Owner,14.2 kmpl,998 CC,59.5 bhp,5.0
Mahindra Swift,2005,45000.0,117649.0,Diesel,Dealer,Manual,Second Owner,,1498 CC,93.3 bhp,4.0
Hyundai Rapid,2024,213000.0,32132.0,Petrol,Dealer,Manual,First Owner,17.3 kmpl,796 CC,53.1 bhp,5.0
Toyota Polo,2012,195000.0,167602.0,Diesel,Individual,Automatic,First Owner,19.8 kmpl,1582 CC,131.0 bhp,7.0
Ford Nexon,2014,86000.0,75921.0,Petrol,Individual,Manual,First Owner,19.1 kmpl,1248 CC,103.9 bhp,5.0
Mahindra XUV,2018,268000.0,121313.0,Diesel,Individual,Manual,First Owner,17.5 kmpl,1968 CC,131.7 bhp,5.0
Audi Polo,2017,259000.0,104080.0,Petrol,Individual,Manual,Second Owner,17.4 kmpl,998 CC,76.9 bhp,5.0
Mahindra A4,2010,123000.0,95943.0,Petrol,Individual,Manual,First Owner,24.5 kmpl,2179 CC,170.2 bhp,5.0
Volkswagen Polo,2017,103000.0,148425.0,Diesel,Individual,Manual,Second Owner,10.4 kmpl,998 CC,,5.0
Mahindra Nexon,2010,64000.0,248719.0,Diesel,Individual,Automatic,First Owner,21.4 kmpl,998 CC,85.8 bhp,5.0
BMW XUV,2017,456000.0,108616.0,Diesel,Individual,Manual,Third Owner,15.1 kmpl,1582 CC,95.1 bhp,
Maruti Nexon,2018,160000.0,118620.0,Diesel,Individual,Manual,First Owner,18.9 kmpl,1498 CC,95.7 bhp,5.0
Maruti City,2008,22000.0,262912.0,Petrol,Individual,Manual,Second Owner,21.4 kmpl,1248 CC,101.3 bhp,5.0
Mahindra A4,2015,153000.0,125833.0,CNG,Individual,Manual,First Owner,12.2 kmpl,1968 CC,130.0 bhp,7.0
Hyundai Nexon,2021,402000.0,44790.0,Diesel,Individual,Manual,First Owner,13.3 kmpl,1582 CC,128.8 bhp,5.0
Maruti XUV,2005,23000.0,270035.0,Petrol,Dealer,Manual,Second Owner,20.7 kmpl,1968 CC,158.7 bhp,4.0
Toyota Rapid,2022,460000.0,33095.0,Petrol,Individual,Manual,First Owner,21.2 kmpl,1498 CC,84.0 bhp,5.0
BMW Polo,2019,1067000.0,39582.0,Petrol,Individual,Manual,First Owner,24.2 kmpl,1968 CC,136.7 bhp,7.0
Maruti i20,2023,235000.0,50189.0,Diesel,Individual,Manual,First Owner,16.5 kmpl,998 CC,78.7 bhp,5.0
Mahindra City,2006,52000.0,295828.0,Petrol,Individual,Automatic,First Owner,24.9 kmpl,1968 CC,161.3 bhp,5.0
Mahindra Rapid,2022,594000.0,28658.0,Diesel,Individual,Automatic,First Owner,18.1 kmpl,2179 CC,192.3 bhp,7.0
Hyundai Innova,2023,315000.0,37569.0,Diesel,Individual,Manual,First Owner,21.0 kmpl,998 CC,74.8 bhp,5.0
Ford Figo,2024,547000.0,45732.0,Diesel,Individual,Manual,First Owner,22.4 kmpl,1968 CC,145.5 bhp,5.0
Tata Swift,2012,33000.0,203468.0,Petrol,Individual,Manual,Third Owner,24.1 kmpl,796 CC,70.3 bhp,5.0
Maruti A4,2009,52000.0,180568.0,Diesel,Individual,Automatic,First Owner,,1582 CC,93.1 bhp,7.0
Skoda Swift,2015,129000.0,95106.0,Diesel,Individual,Manual,Second Owner,18.7 kmpl,1582 CC,126.9 bhp,5.0
Maruti 320d,2007,32000.0,211228.0,Petrol,Individual,Manual,First Owner,18.4 kmpl,1498 CC,129.7 bhp,4.0
Honda Nexon,2018,276000.0,89897.0,Petrol,Trustmark Dealer,Automatic,First Owner,21.8 kmpl,1968 CC,151.2 bhp,5.0
Hyundai Polo,2018,109000.0,78528.0,Petrol,Individual,Manual,Third Owner,16.5 kmpl,796 CC,64.1 bhp,5.0
Hyundai City,2011,110000.0,81275.0,Diesel,Individual,Manual,First Owner,12.3 kmpl,1968 CC,157.6 bhp,5.0
Mahindra Rapid,2023,816000.0,57974.0,Diesel,Individual,Automatic,First Owner,25.0 kmpl,2179 CC,133.8 bhp,
Mahindra i20,2008,28000.0,268065.0,Petrol,Individual,Manual,Second Owner,15.0 kmpl,1197 CC,96.6 bhp,5.0
Hyundai Polo,2006,45000.0,213326.0,Diesel,Individual,Manual,Second Owner,20.5 kmpl,2179 CC,131.0 bhp,5.0
Toyota Swift,2006,50000.0,202278.0,Petrol,Individual,Manual,Second Owner,13.3 kmpl,1582 CC,105.7 bhp,5.0
Honda 320d,2010,78000.0,150871.0,CNG,Individual,Manual,First Owner,18.1 kmpl,1582 CC,99.9 bhp,
Toyota City,2011,80000.0,146608.0,Petrol,Individual,Manual,Third Owner,16.1 kmpl,1582 CC,136.8 bhp,7.0
Mahindra Polo,2023,545000.0,37464.0,Diesel,Individual,Automatic,Third Owner,22.7 kmpl,1968 CC,127.0 bhp,5.0
Maruti i20,2019,124000.0,113676.0,Petrol,Individual,Manual,First Owner,23.5 kmpl,998 CC,61.3 bhp,5.0
Hyundai 320d,2009,30000.0,,Diesel,Individual,Manual,Second Owner,,998 CC,60.8 bhp,5.0
Ford i20,2010,40000.0,183312.0,Petrol,Individual,Manual,First Owner,25.8 kmpl,,59.7 bhp,5.0
Hyundai Figo,2020,242000.0,103862.0,Diesel,Trustmark Dealer,Manual,First Owner,23.0 kmpl,1582 CC,104.9 bhp,5.0
Tata XUV,2005,30000.0,247945.0,Diesel,Individual,Manual,Second Owner,25.5 kmpl,1968 CC,109.3 bhp,5.0
Honda Polo,2021,366000.0,80015.0,Diesel,Individual,Manual,First Owner,19.8 kmpl,1968 CC,166.2 bhp,5.0
Ford Nexon,2008,32000.0,185896.0,Petrol,Individual,Manual,Third Owner,19.8 kmpl,1197 CC,79.4 bhp,5.0
Maruti i20,2020,145000.0,93985.0,Petrol,Dealer,Manual,First Owner,15.3 kmpl,998 CC,89.3 bhp,7.0
Hyundai Figo,2007,55000.0,177566.0,Petrol,Individual,Automatic,First Owner,15.9 kmpl,2179 CC,191.3 bhp,5.0
Toyota XUV,2017,213000.0,152732.0,Diesel,Individual,Manual,First Owner,12.1 kmpl,,128.8 bhp,5.0
Volkswagen 320d,2020,303000.0,47707.0,Diesel,Individual,Manual,First Owner,17.3 kmpl,1582 CC,88.0 bhp,5.0
Hyundai i20,2021,265000.0,55473.0,Diesel,Individual,Manual,Second Owner,24.3 kmpl,1582 CC,89.4 bhp,5.0
Tata A4,2004,21000.0,249006.0,Diesel,Individual,Manual,Second Owner,10.7 kmpl,1498 CC,96.9 bhp,5.0
Hyundai Swift,2023,361000.0,44523.0,Diesel,Individual,Manual,First Owner,26.0 kmpl,1248 CC,90.5 bhp,5.0
Hyundai Swift,2022,198000.0,67208.0,Diesel,Individual,Manual,First Owner,19.0 kmpl,796 CC,48.7 bhp,5.0
Maruti Innova,2009,36000.0,196988.0,Petrol,Individual,Manual,First Owner,15.0 kmpl,1582 CC,124.6 bhp,7.0
Honda City,2022,457000.0,64265.0,Diesel,Individual,Manual,Second Owner,14.1 kmpl,2179 CC,127.2 bhp,7.0
Hyundai XUV,2025,587000.0,23461.0,Diesel,Dealer,Manual,First Owner,13.5 kmpl,1498 CC,117.3 bhp,7.0
Maruti 320d,2019,185000.0,108336.0,Diesel,Individual,Manual,First Owner,15.5 kmpl,1197 CC,90.3 bhp,5.0
Tata Figo,2018,152000.0,109993.0,Petrol,Individual,Manual,First Owner,21.1 kmpl,1248 CC,96.5 bhp,5.0
Hyundai Innova,2015,139000.0,64125.0,Petrol,Individual,Manual,First Owner,24.3 kmpl,1582 CC,134.0 bhp,5.0
Honda XUV,2018,221000.0,107682.0,Petrol,Individual,Manual,First Owner,15.0 kmpl,1498 CC,85.1 bhp,5.0
Toyota Swift,2023,573000.0,26777.0,Diesel,Individual,Manual,Third Owner,21.1 kmpl,1582 CC,135.6 bhp,5.0
Mahindra XUV,2009,90000.0,91351.0,Diesel,Individual,Manual,First Owner,19.9 kmpl,1248 CC,77.0 bhp,7.0
Honda A4,2016,162000.0,72340.0,Petrol,Individual,Manual,First Owner,20.4 kmpl,1582 CC,120.4 bhp,5.0
BMW Swift,2017,881000.0,53529.0,Diesel,Individual,Automatic,Second Owner,24.0 kmpl,2179 CC,144.2 bhp,5.0
Hyundai Swift,2017,190000.0,149833.0,Petrol,Dealer,Manual,First Owner,21.7 kmpl,2179 CC,146.5 bhp,5.0
Tata Figo,2023,281000.0,57399.0,Petrol,Individual,Manual,First Owner,23.6 kmpl,1248 CC,74.8 bhp,5.0
Skoda 320d,2018,137000.0,56014.0,CNG,Individual,Manual,First Owner,23.3 kmpl,796 CC,51.3 bhp,4.0
Mahindra Swift,2007,53000.0,,Petrol,Trustmark Dealer,Manual,First Owner,15.3 kmpl,1248 CC,92.7 bhp,5.0
Tata Rapid,2020,354000.0,55812.0,Diesel,Individual,Manual,First Owner,10.1 kmpl,1968 CC,127.8 bhp,5.0
Maruti Rapid,2017,183000.0,56515.0,Diesel,Individual,Manual,First Owner,20.2 kmpl,1968 CC,136.1 bhp,4.0
Ford i20,2023,315000.0,33969.0,Diesel,Individual,Manual,Second Owner,23.1 kmpl,1248 CC,99.1 bhp,5.0
Volkswagen Innova,2020,292000.0,53408.0,Petrol,Individual,Manual,First Owner,12.4 kmpl,,130.0 bhp,5.0
Mahindra 320d,2008,53000.0,188245.0,Diesel,Individual,Manual,First Owner,14.6 kmpl,1197 CC,73.4 bhp,5.0
Tata Innova,2014,93000.0,166731.0,Diesel,Dealer,Manual,First Owner,,1197 CC,100.4 bhp,5.0
Maruti Nexon,2011,75000.0,98795.0,Petrol,Individual,Automatic,Second Owner,25.5 kmpl,1968 CC,154.0 bhp,5.0
Skoda Polo,2013,134000.0,108389.0,Petrol,Individual,Manual,First Owner,19.0 kmpl,1498 CC,124.5 bhp,5.0
Honda Swift,2019,278000.0,43933.0,Diesel,Individual,Automatic,Second Owner,12.0 kmpl,1498 CC,133.9 bhp,5.0
Hyundai Polo,2008,55000.0,206771.0,Petrol,Individual,Manual,Second Owner,23.2 kmpl,2179 CC,135.3 bhp,7.0
Mahindra A4,2019,183000.0,120333.0,Diesel,Individual,Manual,First Owner,19.7 kmpl,998 CC,62.5 bhp,5.0
Maruti i20,2009,36000.0,212387.0,Petrol,Individual,Manual,Second Owner,10.9 kmpl,1498 CC,115.1 bhp,5.0
Audi Rapid,2009,259000.0,216975.0,Diesel,Individual,Manual,First Owner,20.2 kmpl,2179 CC,157.9 bhp,7.0
Hyundai Rapid,2018,130000.0,86168.0,Petrol,Individual,Manual,First Owner,15.3 kmpl,1248 CC,72.1 bhp,7.0
Honda Nexon,2005,35000.0,166608.0,Diesel,Individual,Manual,Second Owner,13.8 kmpl,1197 CC,82.9 bhp,4.0
Ford Swift,2016,172000.0,67891.0,Diesel,Individual,Automatic,First Owner,10.0 kmpl,1248 CC,102.2 bhp,7.0
Maruti i20,2019,124000.0,54291.0,Petrol,Individual,Automatic,First Owner,13.3 kmpl,796 CC,52.6 bhp,5.0
Hyundai Rapid,2021,186000.0,66189.0,Diesel,Individual,Manual,Second Owner,11.5 kmpl,796 CC,69.8 bhp,7.0
Maruti Swift,2006,31000.0,139382.0,Petrol,Dealer,Manual,First Owner,13.0 kmpl,1248 CC,107.4 bhp,5.0
Mahindra Swift,2019,295000.0,77605.0,Diesel,Individual,Manual,First Owner,22.4 kmpl,2179 CC,148.3 bhp,5.0
Volkswagen Polo,2019,167000.0,96601.0,Diesel,Individual,Manual,First Owner,16.4 kmpl,998 CC,78.7 bhp,5.0
Hyundai 320d,2008,57000.0,,Diesel,Dealer,Automatic,First Owner,16.5 kmpl,998 CC,55.8 bhp,7.0
Maruti XUV,2024,264000.0,34423.0,Petrol,Individual,Manual,Second Owner,18.7 kmpl,1248 CC,88.4 bhp,5.0
Hyundai 320d,2005,20000.0,325264.0,LPG,Dealer,Manual,Second Owner,25.7 kmpl,1498 CC,,5.0
Maruti Innova,2014,118000.0,131000.0,Petrol,Individual,Automatic,First Owner,19.3 kmpl,1968 CC,113.4 bhp,5.0
Honda XUV,2012,60000.0,221519.0,Petrol,Individual,Manual,Second Owner,17.7 kmpl,1197 CC,66.3 bhp,5.0
Maruti Polo,2020,219000.0,65941.0,Diesel,Individual,Automatic,Second Owner,19.2 kmpl,1582 CC,130.5 bhp,7.0
Honda Innova,2018,430000.0,92541.0,Diesel,Individual,Automatic,First Owner,13.3 kmpl,2179 CC,175.7 bhp,5.0
Honda i20,2005,34000.0,329799.0, petrol ,Individual,Manual,First Owner,16.9 kmpl,1968 CC,145.0 bhp,5.0
Maruti Polo,2012,83000.0,128537.0,Petrol,Individual,Manual,First Owner,12.4 kmpl,1498 CC,112.1 bhp,5.0
Honda A4,2014,201000.0,85962.0,Diesel,Individual,Automatic,First Owner,11.1 kmpl,1498 CC,122.9 bhp,5.0
Ford Polo,2008,41000.0,210935.0,Petrol,Individual,Manual,Second Owner,17.4 kmpl,1968 CC,111.7 bhp,
Hyundai Nexon,2020,195000.0,97973.0,Petrol,Individual,Manual,First Owner,13.9 kmpl,1248 CC,83.1 bhp,5.0
Mahindra XUV,2004,25000.0,269526.0,Petrol,Individual,Manual,First Owner,24.2 kmpl,1248 CC,94.3 bhp,5.0
Toyota 320d,2018,242000.0,117164.0,Petrol,Individual,Manual,First Owner,16.8 kmpl,1582 CC,121.7 bhp,5.0
Hyundai Swift,2020,260000.0,65108.0,Petrol,Individual,Manual,First Owner,11.8 kmpl,1968 CC,176.6 bhp,5.0
Mahindra Swift,2010,164000.0,87861.0,Diesel,Individual,Automatic,First Owner,17.5 kmpl,2179 CC,146.3 bhp,5.0
Maruti Polo,2011,67000.0,158820.0,Diesel,Individual,Manual,Second Owner,13.9 kmpl,1498 CC,94.5 bhp,5.0
Hyundai A4,2010,45000.0,187602.0,Diesel,Individual,Manual,Second Owner,22.1 kmpl,1248 CC,100.9 bhp,7.0
Tata Figo,2011,49000.0,234143.0,Petrol,Individual,Manual,First Owner,15.2 kmpl,1582 CC,94.4 bhp,5.0
Honda Rapid,2023,280000.0,25683.0,Petrol,Individual,Manual,Third Owner,14.2 kmpl,1248 CC,100.8 bhp,4.0
BMW City,2022,1059000.0,49270.0,Diesel,Individual,Manual,First Owner,25.9 kmpl,1197 CC,87.1 bhp,5.0
Tata Figo,2015,140000.0,161309.0,Diesel,Individual,Manual,First Owner,25.2 kmpl,2179 CC,174.3 bhp,
Mahindra Nexon,2007,36000.0,210601.0,Diesel,Individual,Manual,Second Owner,21.5 kmpl,796 CC,56.0 bhp,5.0
Hyundai Swift,2017,122000.0,78508.0,Diesel,Individual,Manual,First Owner,10.3 kmpl,796 CC,69.9 bhp,5.0
Ford i20,2018,181000.0,94292.0,Petrol,Dealer,Automatic,Second Owner,19.2 kmpl,1582 CC,103.0 bhp,5.0
BMW i20,2010,270000.0,110999.0,Diesel,Individual,Manual,First Owner,18.2 kmpl,1582 CC,139.8 bhp,5.0
Mahindra i20,2005,42000.0,203005.0,Diesel,Individual,Manual,First Owner,25.0 kmpl,1498 CC,102.7 bhp,5.0
Tata City,2007,33000.0,265650.0,Diesel,Trustmark Dealer,Manual,Second Owner,14.1 kmpl,2179 CC,189.2 bhp,5.0
Hyundai Polo,2023,451000.0,36239.0,Petrol,Individual,Automatic,Second Owner,17.0 kmpl,2179 CC,120.3 bhp,5.0
Honda 320d,2020,227000.0,83724.0,Petrol,Individual,Manual,First Owner,22.4 kmpl,1498 CC,121.7 bhp,5.0
Volkswagen 320d,2019,290000.0,107537.0,Petrol,Individual,Automatic,First Owner,10.8 kmpl,2179 CC,194.4 bhp,5.0
Maruti Figo,2004,32000.0,232517.0,Diesel,Individual,Manual,First Owner,21.8 kmpl,1968 CC,122.9 bhp,5.0
Mahindra 320d,2020,189000.0,74059.0,Petrol,Individual,Manual,First Owner,11.2 kmpl,796 CC,45.5 bhp,5.0
Maruti A4,2020,124000.0,68227.0,Petrol,Individual,Manual,First Owner,20.5 kmpl,796 CC,49.5 bhp,5.0
Maruti Swift,2023,306000.0,40694.0,Petrol,Individual,Automatic,First Owner,14.8 kmpl,1582 CC,106.4 bhp,7.0
Maruti Figo,2021,169000.0,59814.0,Petrol,Individual,Manual,First Owner,16.1 kmpl,796 CC,43.9 bhp,5.0
Maruti Polo,2016,84000.0,147487.0,Petrol,Trustmark Dealer,Manual,First Owner,16.3 kmpl,1498 CC,106.2 bhp,5.0
Maruti Swift,2016,185000.0,83907.0,Petrol,Individual,Manual,First Owner,21.9 kmpl,2179 CC,190.7 bhp,7.0
Maruti Rapid,2018,240000.0,76197.0,Petrol,Individual,Manual,First Owner,16.4 kmpl,2179 CC,154.6 bhp,5.0
Tata Rapid,2006,29000.0,285800.0,Diesel,Individual,Manual,First Owner,14.4 kmpl,,82.8 bhp,7.0
Hyundai Figo,2005,38000.0,287141.0,Petrol,Individual,Automatic,First Owner,12.0 kmpl,1582 CC,133.8 bhp,5.0
Maruti Rapid,2014,75000.0,186807.0,Diesel,Individual,Automatic,Second Owner,16.2 kmpl,1248 CC,86.7 bhp,5.0
Hyundai XUV,2006,59000.0,156373.0,Petrol,Individual,Manual,Second Owner,22.0 kmpl,2179 CC,169.9 bhp,5.0
Mahindra Swift,2020,261000.0,38458.0,Petrol,Individual,Manual,First Owner,25.3 kmpl,1248 CC,111.6 bhp,5.0
Honda Nexon,2010,67000.0,126054.0,Petrol,Individual,Manual,First Owner,25.0 kmpl,1197 CC,80.3 bhp,7.0
Skoda Figo,2004,33000.0,166475.0,Petrol,Individual,Manual,First Owner,,1197 CC,92.3 bhp,5.0
Ford Nexon,2006,17000.0,303474.0,Diesel,Individual,Manual,Second Owner,16.5 kmpl,1248 CC,104.1 bhp,5.0
Maruti Innova,2011,72000.0,132224.0,Diesel,Dealer,Manual,Third Owner,14.5 kmpl,,106.7 bhp,5.0
Honda Swift,2020,212000.0,100894.0,Diesel,Individual,Automatic,First Owner,25.1 kmpl,796 CC,61.6 bhp,5.0
Tata Innova,2006,33000.0,164414.0,Petrol,Individual,Automatic,Second Owner,24.8 kmpl,1248 CC,104.4 bhp,5.0
Hyundai Swift,2025,303000.0,24403.0,Petrol,Individual,Manual,First Owner,19.9 kmpl,796 CC,56.1 bhp,5.0
Hyundai Swift,2007,34000.0,225951.0,Diesel,Dealer,Manual,Second Owner,19.7 kmpl,1248 CC,103.2 bhp,5.0
Honda City,2005,31000.0,305065.0,Diesel,Individual,Manual,Second Owner,14.7 kmpl,1582 CC,123.8 bhp,7.0
Skoda Figo,2007,56000.0,285277.0,Diesel,Individual,Manual,First Owner,11.1 kmpl,1968 CC,121.9 bhp,5.0
Volkswagen i20,2016,107000.0,137569.0,Petrol,Individual,Manual,First Owner,18.6 kmpl,1248 CC,103.1 bhp,7.0
Volkswagen 320d,2025,543000.0,9383.0,Diesel,Trustmark Dealer,Automatic,First Owner,18.8 kmpl,1248 CC,105.8 bhp,5.0
Hyundai A4,2015,98000.0,182704.0,Diesel,Individual,Manual,First Owner,11.1 kmpl,998 CC,68.3 bhp,5.0
Hyundai Innova,2012,72000.0,171776.0,Diesel,Individual,Manual,First Owner,12.2 kmpl,1498 CC,129.9 bhp,5.0
Hyundai Nexon,2022,172000.0,41230.0,Diesel,Individual,Manual,Third Owner,12.4 kmpl,796 CC,53.3 bhp,5.0
Maruti XUV,2024,580000.0,29421.0,Petrol,Trustmark Dealer,Manual,First Owner,12.8 kmpl,1968 CC,122.5 bhp,5.0
Toyota Nexon,2006,66000.0,181412.0,Diesel,Individual,Manual,First Owner,25.2 kmpl,1498 CC,100.8 bhp,4.0
Toyota i20,2024,620000.0,43487.0,Petrol,Dealer,Automatic,First Owner,15.3 kmpl,1248 CC,99.5 bhp,5.0
Maruti Figo,2011,75000.0,96367.0,Petrol,Individual,Manual,First Owner,17.2 kmpl,1582 CC,127.6 bhp,5.0
Honda A4,2009,57000.0,125909.0,Petrol,Individual,Manual,First Owner,11.5 kmpl,998 CC,63.6 bhp,7.0
Hyundai Nexon,2004,19000.0,157553.0,Petrol,Individual,Manual,First Owner,21.7 kmpl,796 CC,51.4 bhp,5.0
Toyota Polo,2022,500000.0,32463.0,Diesel,Individual,Automatic,Second Owner,15.4 kmpl,1582 CC,126.3 bhp,5.0
Tata City,2023,512000.0,18817.0,Diesel,Individual,Automatic,First Owner,24.1 kmpl,1582 CC,107.9 bhp,
Mahindra Innova,2020,222000.0,63092.0,Diesel,Individual,Manual,Fourth & Above Owner,26.0 kmpl,1197 CC,105.5 bhp,5.0
Hyundai Swift,2017,101000.0,149639.0,Petrol,Individual,Manual,First Owner,13.0 kmpl,796 CC,59.7 bhp,7.0
Tata 320d,2024,399000.0,14918.0,Diesel,Individual,Manual,First Owner,10.4 kmpl,1582 CC,,7.0
Ford XUV,2015,78000.0,,Petrol,Individual,Manual,Third Owner,21.4 kmpl,1197 CC,86.9 bhp,7.0
BMW Rapid,2024,1139000.0,20799.0,Petrol,Individual,Automatic,Third Owner,12.7 kmpl,796 CC,69.7 bhp,5.0
BMW Rapid,2021,1007000.0,60993.0,Petrol,Individual,Manual,First Owner,21.2 kmpl,1582 CC,132.5 bhp,7.0
Tata 320d,2012,84000.0,155922.0,Petrol,Dealer,Automatic,First Owner,,1498 CC,133.7 bhp,5.0
Hyundai Swift,2019,167000.0,101583.0,Petrol,Individual,Manual,First Owner,25.4 kmpl,1197 CC,96.5 bhp,5.0
Toyota XUV,2004,37000.0,176003.0,Petrol,Individual,Manual,First Owner,10.9 kmpl,1498 CC,126.3 bhp,5.0
Honda A4,2024,409000.0,14051.0,Diesel,Individual,Manual,First Owner,23.1 kmpl,1248 CC,72.7 bhp,7.0
Toyota Swift,2024,875000.0,,Diesel,Individual,Manual,First Owner,25.0 kmpl,2179 CC,143.0 bhp,5.0
Honda 320d,2016,185000.0,89694.0,Diesel,Individual,Manual,First Owner,15.6 kmpl,1582 CC,,5.0
Skoda Innova,2012,80000.0,216801.0,Petrol,Individual,Manual,First Owner,20.3 kmpl,1498 CC,86.8 bhp,5.0
Hyundai Swift,2014,107000.0,80440.0,Petrol,Individual,Automatic,First Owner,13.2 kmpl,1248 CC,87.9 bhp,5.0
Tata Swift,2006,14000.0,279633.0,Diesel,Individual,Manual,Second Owner,24.3 kmpl,796 CC,55.4 bhp,5.0
Volkswagen 320d,2023,306000.0,59894.0,CNG,Individual,Manual,First Owner,22.5 kmpl,1248 CC,76.9 bhp,
Hyundai XUV,2017,247000.0,150435.0,Petrol,Individual,Automatic,First Owner,11.5 kmpl,2179 CC,142.4 bhp,5.0
Skoda A4,2005,33000.0,248256.0,Diesel,Individual,Manual,Second Owner,17.3 kmpl,1582 CC,94.4 bhp,5.0
Tata 320d,2020,248000.0,84257.0,Diesel,Individual,Automatic,First Owner,19.1 kmpl,1197 CC,89.9 bhp,5.0
Hyundai i20,2005,30000.0,303401.0,Petrol,Individual,Automatic,First Owner,21.5 kmpl,1197 CC,86.6 bhp,5.0
Ford Innova,2019,224000.0,49391.0,Petrol,Individual,Manual,Second Owner,14.7 kmpl,1968 CC,110.8 bhp,5.0
BMW Innova,2016,256000.0,103533.0,Petrol,Individual,Manual,First Owner,16.7 kmpl,796 CC,59.7 bhp,5.0
Toyota Rapid,2018,156000.0,57609.0,Petrol,Individual,Manual,Third Owner,13.8 kmpl,796 CC,67.4 bhp,5.0
Hyundai Swift,2004,57000.0,189311.0,Diesel,Individual,Automatic,First Owner,19.5 kmpl,2179 CC,136.9 bhp,5.0
Volkswagen XUV,2020,236000.0,53775.0,Diesel,Individual,Manual,Third Owner,23.4 kmpl,,94.0 bhp,5.0
Audi i20,2010,274000.0,156469.0,Petrol,Individual,Manual,First Owner,24.2 kmpl,2179 CC,154.1 bhp,7.0
Maruti Nexon,2011,68000.0,147321.0,Diesel,Individual,Automatic,First Owner,11.9 kmpl,,69.0 bhp,7.0
Hyundai Rapid,2013,76000.0,118010.0,Diesel,Individual,Manual,Second Owner,19.7 kmpl,1248 CC,106.8 bhp,5.0
BMW Rapid,2013,234000.0,152935.0,Petrol,Individual,Manual,First Owner,10.8 kmpl,998 CC,55.9 bhp,5.0
Honda Nexon,2009,36000.0,207936.0,Petrol,Individual,Manual,First Owner,19.3 kmpl,796 CC,61.8 bhp,5.0
Hyundai Polo,2009,62000.0,92590.0,Petrol,Individual,Manual,First Owner,24.5 kmpl,1498 CC,127.3 bhp,
Volkswagen Innova,2008,66000.0,136022.0,Petrol,Individual,Manual,First Owner,14.9 kmpl,2179 CC,171.8 bhp,5.0
Skoda Polo,2020,167000.0,,Petrol,Individual,Manual,First Owner,,998 CC,75.1 bhp,7.0
Toyota Swift,2006,52000.0,261312.0,Petrol,Individual,Manual,First Owner,13.9 kmpl,1197 CC,68.9 bhp,5.0
Volkswagen Figo,2008,51000.0,103835.0,Petrol,Individual,Manual,First Owner,15.8 kmpl,1197 CC,98.1 bhp,7.0
Maruti Polo,2024,276000.0,33520.0,Diesel,Individual,Manual,First Owner,13.9 kmpl,998 CC,85.5 bhp,5.0
BMW XUV,2022,1131000.0,64204.0,Petrol,Individual,Manual,First Owner,17.0 kmpl,1498 CC,133.6 bhp,7.0
BMW Nexon,2015,524000.0,139434.0,Petrol,Individual,Manual,First Owner,14.6 kmpl,2179 CC,130.7 bhp,5.0
Hyundai Rapid,2022,300000.0,53434.0,Diesel,Dealer,Manual,First Owner,,1498 CC,110.2 bhp,5.0
Maruti A4,2021,268000.0,52398.0,Petrol,Individual,Manual,First Owner,15.3 kmpl,2179 CC,135.0 bhp,5.0
Toyota City,2012,107000.0,186709.0,Petrol,Individual,Manual,First Owner,22.1 kmpl,998 CC,72.1 bhp,5.0
Honda Rapid,2011,94000.0,167524.0,Diesel,Individual,Manual,First Owner,23.5 kmpl,1582 CC,124.9 bhp,5.0
Ford City,2016,97000.0,111887.0,Diesel,Individual,Manual,First Owner,12.5 kmpl,1248 CC,108.2 bhp,5.0
Maruti A4,2012,32000.0,167690.0,Diesel,Individual,Manual,Second Owner,18.8 kmpl,796 CC,48.7 bhp,5.0
Tata Polo,2019,211000.0,84693.0,Diesel,Individual,Automatic,First Owner,17.9 kmpl,1197 CC,80.5 bhp,5.0
Skoda Figo,2017,294000.0,98695.0,Diesel,Individual,Manual,First Owner,22.9 kmpl,2179 CC,141.1 bhp,5.0
Ford Swift,2023,294000.0,37311.0,Diesel,Individual,Automatic,First Owner,18.3 kmpl,796 CC,53.0 bhp,5.0
Tata XUV,2008,27000.0,222329.0,Petrol,Individual,Manual,First Owner,20.1 kmpl,998 CC,84.7 bhp,5.0
Maruti City,2021,258000.0,32306.0,CNG,Individual,Manual,Second Owner,10.1 kmpl,1968 CC,172.3 bhp,5.0
Hyundai A4,2019,225000.0,54011.0,Petrol,Individual,Manual,First Owner,21.3 kmpl,1582 CC,141.9 bhp,5.0
Toyota Polo,2008,78000.0,105116.0,Petrol,Individual,Manual,First Owner,17.3 kmpl,1498 CC,117.0 bhp,5.0
Tata Polo,2014,68000.0,164350.0,Petrol,Trustmark Dealer,Manual,Third Owner,19.4 kmpl,1248 CC,70.3 bhp,5.0
BMW Rapid,2020,851000.0,60624.0,Diesel,Individual,Manual,First Owner,12.8 kmpl,1498 CC,120.1 bhp,5.0
Tata 320d,2020,283000.0,60084.0,Petrol,Individual,Manual,First Owner,,2179 CC,130.6 bhp,5.0
Volkswagen A4,2009,38000.0,222300.0,Petrol,Individual,Manual,First Owner,25.0 kmpl,1197 CC,81.3 bhp,5.0
Volkswagen 320d,2006,46000.0,166230.0,Petrol,Individual,Manual,First Owner,11.8 kmpl,1582 CC,89.0 bhp,7.0
Hyundai i20,2017,162000.0,120893.0,Diesel,Individual,Automatic,Fourth & Above Owner,25.4 kmpl,1197 CC,107.5 bhp,5.0
Mahindra Polo,2021,396000.0,67181.0,Diesel,Individual,Automatic,First Owner,18.0 kmpl,1197 CC,98.4 bhp,7.0
Toyota Swift,2025,790000.0,14480.0,Petrol,Individual,Manual,First Owner,,2179 CC,161.5 bhp,7.0
Mahindra 320d,2019,133000.0,76097.0,Petrol,Dealer,Manual,First Owner,19.6 kmpl,796 CC,49.2 bhp,7.0
Maruti 320d,2009,49000.0,179327.0,Diesel,Individual,Manual,Second Owner,24.9 kmpl,1582 CC,123.8 bhp,7.0
Honda Nexon,2022,506000.0,32352.0,Diesel,Trustmark Dealer,Manual,First Owner,20.8 kmpl,,152.4 bhp,5.0
Maruti XUV,2013,51000.0,156004.0,Diesel,Individual,Manual,First Owner,22.7 kmpl,796 CC,54.9 bhp,4.0
Ford Swift,2015,98000.0,167365.0,Petrol,Dealer,Manual,First Owner,22.5 kmpl,1582 CC,104.2 bhp,5.0
Mahindra A4,2015,104000.0,100688.0,Diesel,Individual,Manual,Second Owner,18.3 kmpl,998 CC,63.1 bhp,7.0
Hyundai XUV,2018,189000.0,114178.0,Diesel,Dealer,Manual,First Owner,10.1 kmpl,1498 CC,126.4 bhp,5.0
Maruti 320d,2011,56000.0,239400.0,Petrol,Individual,Manual,Second Owner,17.0 kmpl,2179 CC,129.1 bhp,5.0
Maruti XUV,2018,116000.0,51490.0,Petrol,Individual,Manual,Second Owner,13.7 kmpl,1498 CC,105.2 bhp,5.0
Hyundai Figo,2008,40000.0,237477.0,LPG,Individual,Manual,First Owner,20.3 kmpl,,84.4 bhp,5.0
Honda City,2004,28000.0,283706.0,Petrol,Individual,Manual,Third Owner,25.4 kmpl,1968 CC,115.1 bhp,5.0
Toyota Swift,2011,53000.0,101992.0,Petrol,Individual,Manual,Second Owner,11.6 kmpl,796 CC,54.4 bhp,5.0
Maruti Nexon,2018,141000.0,129448.0,Diesel,Individual,Manual,Second Owner,20.3 kmpl,2179 CC,122.2 bhp,5.0
Hyundai A4,2012,90000.0,183008.0,Diesel,Individual,Manual,First Owner,20.7 kmpl,1968 CC,164.7 bhp,5.0
Toyota XUV,2021,259000.0,65424.0,Petrol,Individual,Manual,First Owner,13.0 kmpl,796 CC,53.5 bhp,5.0
Honda City,2022,246000.0,59773.0,Petrol,Trustmark Dealer,Manual,First Owner,12.1 kmpl,1248 CC,100.2 bhp,5.0
Volkswagen Polo,2012,122000.0,112440.0,Diesel,Individual,Manual,Second Owner,10.3 kmpl,2179 CC,180.0 bhp,5.0
Hyundai Rapid,2004,15000.0,342513.0,Petrol,Individual,Manual,Second Owner,21.1 kmpl,1968 CC,122.4 bhp,5.0
Toyota Innova,2016,222000.0,140233.0,Petrol,Individual,Manual,Second Owner,,1968 CC,153.7 bhp,5.0
Toyota Swift,2008,45000.0,142683.0,Petrol,Individual,Manual,Second Owner,16.8 kmpl,796 CC,69.7 bhp,5.0
Maruti Nexon,2007,28000.0,240126.0,Diesel,Trustmark Dealer,Manual,First Owner,11.0 kmpl,998 CC,89.3 bhp,4.0
Hyundai i20,2010,45000.0,230377.0,Petrol,Individual,Automatic,First Owner,25.0 kmpl,998 CC,89.0 bhp,5.0
Honda i20,2010,66000.0,212261.0,Petrol,Individual,Manual,First Owner,10.4 kmpl,1968 CC,154.6 bhp,7.0
Ford Nexon,2018,248000.0,91795.0,Petrol,Dealer,Manual,First Owner,16.7 kmpl,1968 CC,138.9 bhp,7.0
Skoda A4,2011,101000.0,213837.0,Diesel,Individual,Manual,Second Owner,22.0 kmpl,1968 CC,109.6 bhp,5.0
Hyundai i20,2016,97000.0,60099.0,Petrol,Individual,Automatic,Second Owner,13.5 kmpl,796 CC,57.9 bhp,5.0
Ford i20,2004,22000.0,168161.0,Diesel,Individual,Manual,Third Owner,19.0 kmpl,998 CC,70.7 bhp,4.0
Maruti City,2010,60000.0,188846.0,Diesel,Individual,Manual,First Owner,18.3 kmpl,1498 CC,106.6 bhp,5.0
Toyota A4,2019,422000.0,111173.0,Diesel,Individual,Manual,First Owner,19.9 kmpl,,191.4 bhp,5.0
Tata A4,2004,46000.0,168206.0,Petrol,Dealer,Automatic,First Owner,15.9 kmpl,2179 CC,176.8 bhp,4.0
Hyundai XUV,2018,283000.0,135256.0,Diesel,Dealer,Automatic,First Owner,16.3 kmpl,1498 CC,133.5 bhp,5.0
Skoda City,2014,89000.0,72629.0,Petrol,Dealer,Manual,Second Owner,23.1 kmpl,998 CC,56.7 bhp,5.0
Skoda City,2025,468000.0,10215.0,Diesel,Trustmark Dealer,Manual,Second Owner,18.7 kmpl,1498 CC,101.0 bhp,5.0
Mahindra A4,2010,86000.0,90941.0,Diesel,Individual,Manual,First Owner,20.2 kmpl,1248 CC,78.8 bhp,5.0
Volkswagen Figo,2018,164000.0,64533.0,Petrol,Individual,Manual,First Owner,18.5 kmpl,1248 CC,102.5 bhp,5.0
BMW Rapid,2007,121000.0,221674.0,Petrol,Individual,Manual,Second Owner,15.6 kmpl,1968 CC,158.3 bhp,5.0
Hyundai City,2025,583000.0,19828.0,Diesel,Individual,Manual,First Owner,14.3 kmpl,2179 CC,123.4 bhp,4.0
Toyota 320d,2021,291000.0,50056.0,Petrol,Individual,Manual,First Owner,,1197 CC,106.9 bhp,5.0
Hyundai A4,2010,83000.0,147705.0,Diesel,Dealer,Manual,First Owner,12.4 kmpl,1582 CC,116.7 bhp,5.0
Volkswagen Innova,2014,95000.0,132739.0,Diesel,Individual,Manual,First Owner,19.6 kmpl,998 CC,69.9 bhp,5.0
Hyundai Innova,2021,205000.0,88762.0,Diesel,Individual,Manual,First Owner,12.9 kmpl,796 CC,55.6 bhp,7.0
Volkswagen XUV,2006,32000.0,154771.0,Petrol,Individual,Manual,First Owner,23.7 kmpl,998 CC,88.2 bhp,5.0
Hyundai XUV,2020,181000.0,48474.0,Diesel,Individual,Manual,First Owner,10.3 kmpl,,44.1 bhp,5.0
Mahindra Figo,2008,81000.0,194634.0,Diesel,Trustmark Dealer,Automatic,First Owner,20.7 kmpl,1498 CC,101.4 bhp,5.0
Hyundai XUV,2017,182000.0,100690.0,Diesel,Dealer,Manual,First Owner,17.5 kmpl,,139.5 bhp,7.0
Ford Innova,2011,50000.0,142792.0,Diesel,Individual,Manual,Second Owner,19.2 kmpl,998 CC,87.7 bhp,5.0
Hyundai Innova,2025,634000.0,11092.0,Diesel,Individual,Manual,First Owner,11.9 kmpl,1968 CC,131.6 bhp,5.0
Hyundai i20,2025,437000.0,24586.0,Petrol,Dealer,Manual,Third Owner,18.2 kmpl,1582 CC,114.3 bhp,5.0
Volkswagen Polo,2023,367000.0,52694.0,Diesel,Individual,Manual,Second Owner,17.2 kmpl,1498 CC,128.4 bhp,5.0
Maruti City,2009,50000.0,265324.0,Diesel,Individual,Manual,Second Owner,16.0 kmpl,2179 CC,171.4 bhp,5.0
Ford Nexon,2019,232000.0,72221.0,Diesel,Individual,Manual,First Owner,17.3 kmpl,1968 CC,165.4 bhp,5.0
Hyundai Innova,2024,570000.0,42765.0,Petrol,Individual,Automatic,Second Owner,21.8 kmpl,2179 CC,133.0 bhp,5.0
Honda City,2023,292000.0,45516.0,Petrol,Individual,Manual,Second Owner,25.9 kmpl,1197 CC,93.8 bhp,5.0
Honda City,2025,242000.0,15385.0,Petrol,Individual,Manual,Second Owner,10.4 kmpl,796 CC,70.7 bhp,7.0
Hyundai City,2008,82000.0,162241.0,Diesel,Individual,Automatic,First Owner,13.7 kmpl,2179 CC,130.5 bhp,5.0
Maruti Figo,2014,69000.0,100372.0,Petrol,Individual,Automatic,First Owner,17.3 kmpl,796 CC,60.7 bhp,5.0
Honda i20,2005,31000.0,219837.0,Diesel,Individual,Automatic,First Owner,14.7 kmpl,,70.7 bhp,5.0
Hyundai A4,2019,214000.0,102434.0,Diesel,Individual,Manual,First Owner,19.5 kmpl,,99.5 bhp,4.0
Mahindra A4,2007,57000.0,278522.0,Petrol,Individual,Manual,Second Owner,15.0 kmpl,2179 CC,122.0 bhp,5.0
Tata XUV,2022,357000.0,57203.0,Diesel,Individual,Manual,First Owner,16.1 kmpl,1968 CC,136.5 bhp,
Skoda Swift,2010,108000.0,244231.0,Diesel,Individual,Automatic,First Owner,24.8 kmpl,2179 CC,150.6 bhp,5.0
Hyundai Polo,2023,421000.0,41518.0,Petrol,Individual,Automatic,First Owner,14.0 kmpl,1582 CC,109.6 bhp,7.0
Hyundai XUV,2009,68000.0,225029.0,Petrol,Individual,Manual,First Owner,11.4 kmpl,1968 CC,159.6 bhp,5.0
BMW Innova,2024,1247000.0,21988.0,Petrol,Individual,Manual,First Owner,16.1 kmpl,1498 CC,123.4 bhp,5.0
Maruti XUV,2014,129000.0,91350.0,Petrol,Dealer,Manual,First Owner,12.0 kmpl,1968 CC,153.8 bhp,7.0
Honda XUV,2022,340000.0,62802.0,Petrol,Individual,Manual,First Owner,14.3 kmpl,1498 CC,88.6 bhp,4.0
Volkswagen Figo,2013,90000.0,128300.0,Diesel,Individual,Manual,Second Owner,18.6 kmpl,1498 CC,90.5 bhp,4.0
Skoda Innova,2004,22000.0,312828.0,Petrol,Individual,Manual,First Owner,14.3 kmpl,1248 CC,86.9 bhp,7.0
Ford Swift,2006,31000.0,271308.0,LPG,Individual,Manual,First Owner,25.2 kmpl,1248 CC,70.2 bhp,5.0
Toyota Swift,2012,131000.0,173146.0,Petrol,Individual,Automatic,First Owner,11.6 kmpl,1248 CC,79.8 bhp,7.0
Tata Swift,2017,134000.0,102910.0,Petrol,Individual,Manual,First Owner,10.8 kmpl,1498 CC,104.5 bhp,5.0
Mahindra Nexon,2018,207000.0,124083.0,Diesel,Trustmark Dealer,Manual,Second Owner,23.5 kmpl,1498 CC,121.8 bhp,5.0
Tata Swift,2005,20000.0,267886.0,Diesel,Individual,Manual,First Owner,11.4 kmpl,796 CC,47.8 bhp,5.0
BMW Figo,2024,1063000.0,22031.0,Diesel,Dealer,Manual,First Owner,11.2 kmpl,998 CC,79.4 bhp,4.0
Maruti Nexon,2009,29000.0,233620.0,Petrol,Individual,Manual,First Owner,20.5 kmpl,1197 CC,80.0 bhp,5.0
Skoda Swift,2011,61000.0,180906.0,Diesel,Dealer,Manual,First Owner,20.8 kmpl,796 CC,69.1 bhp,4.0
Ford City,2012,56000.0,94453.0,Petrol,Individual,Manual,Third Owner,10.6 kmpl,1498 CC,109.0 bhp,5.0
Mahindra A4,2025,546000.0,15182.0,Petrol,Individual,Manual,First Owner,15.1 kmpl,1498 CC,89.5 bhp,5.0
Tata A4,2016,195000.0,55411.0,Diesel,Individual,Manual,First Owner,14.3 kmpl,1968 CC,111.9 bhp,4.0
BMW 320d,2012,229000.0,200571.0,Petrol,Individual,Manual,Second Owner,25.7 kmpl,1968 CC,109.3 bhp,7.0
Hyundai Innova,2005,22000.0,289704.0,Diesel,Individual,Manual,First Owner,,1248 CC,106.3 bhp,5.0
Volkswagen Swift,2004,27000.0,,Diesel,Individual,Automatic,First Owner,11.0 kmpl,998 CC,80.3 bhp,5.0
Volkswagen i20,2011,121000.0,131892.0,Petrol,Individual,Manual,First Owner,23.0 kmpl,2179 CC,135.5 bhp,5.0
Hyundai City,2011,92000.0,105288.0,Diesel,Individual,Manual,First Owner,18.2 kmpl,1582 CC,111.6 bhp,5.0
Hyundai XUV,2008,37000.0,228135.0,Diesel,Individual,Automatic,Second Owner,18.3 kmpl,998 CC,76.7 bhp,5.0
Toyota Nexon,2011,84000.0,94914.0,Diesel,Individual,Manual,Second Owner,14.9 kmpl,1248 CC,73.3 bhp,5.0
Honda 320d,2011,78000.0,116168.0,Petrol,Individual,Manual,First Owner,11.4 kmpl,998 CC,82.0 bhp,5.0
Skoda 320d,2024,419000.0,,Petrol,Individual,Manual,First Owner,15.5 kmpl,1582 CC,125.8 bhp,5.0
Volkswagen Figo,2019,242000.0,97944.0,Petrol,Individual,Manual,First Owner,23.6 kmpl,1968 CC,112.9 bhp,5.0
Mahindra XUV,2022,396000.0,46569.0,Diesel,Individual,Manual,First Owner,20.6 kmpl,1197 CC,85.4 bhp,5.0
Hyundai Innova,2006,41000.0,184030.0,Petrol,Individual,Manual,First Owner,12.9 kmpl,1498 CC,116.2 bhp,5.0
Ford Figo,2014,134000.0,113740.0,Diesel,Individual,Manual,First Owner,24.7 kmpl,1968 CC,166.2 bhp,5.0
Tata Innova,2018,210000.0,71512.0,Diesel,Individual,Automatic,First Owner,22.1 kmpl,1248 CC,80.0 bhp,5.0
Hyundai i20,2013,88000.0,156635.0,Diesel,Dealer,Manual,First Owner,19.2 kmpl,1498 CC,113.1 bhp,5.0
Tata i20,2015,128000.0,124772.0,Diesel,Individual,Automatic,First Owner,22.7 kmpl,1248 CC,94.2 bhp,5.0
Maruti A4,2021,208000.0,64299.0,Diesel,Dealer,Manual,First Owner,18.3 kmpl,1498 CC,88.1 bhp,5.0
Toyota Polo,2021,345000.0,45515.0,Petrol,Individual,Manual,First Owner,21.5 kmpl,1248 CC,81.1 bhp,5.0
Maruti i20,2017,145000.0,116426.0,Diesel,Individual,Automatic,First Owner,22.5 kmpl,1197 CC,68.4 bhp,5.0
Volkswagen i20,2017,151000.0,61574.0,Diesel,Individual,Manual,First Owner,12.6 kmpl,1248 CC,102.2 bhp,5.0
Maruti City,2020,272000.0,82310.0,Diesel,Individual,Manual,First Owner,11.6 kmpl,2179 CC,141.3 bhp,5.0
BMW Nexon,2011,198000.0,196352.0,Petrol,Dealer,Manual,Second Owner,20.6 kmpl,1248 CC,87.4 bhp,5.0
Hyundai i20,2007,42000.0,121543.0,LPG,Individual,Manual,Second Owner,21.2 kmpl,1197 CC,80.3 bhp,5.0
Hyundai i20,2014,79000.0,,Petrol,Individual,Manual,First Owner,17.7 kmpl,1197 CC,107.3 bhp,5.0
Hyundai City,2021,266000.0,46623.0,Petrol,Individual,Manual,Second Owner,21.6 kmpl,1582 CC,91.7 bhp,5.0
Maruti Polo,2024,567000.0,27668.0,Diesel,Individual,Automatic,First Owner,16.1 kmpl,1582 CC,131.6 bhp,5.0
Maruti Figo,2017,132000.0,55338.0,Petrol,Individual,Manual,Second Owner,14.9 kmpl,1968 CC,114.3 bhp,5.0
Honda 320d,2012,67000.0,210572.0,Petrol,Dealer,Manual,First Owner,21.5 kmpl,1248 CC,87.1 bhp,5.0
Hyundai Polo,2007,38000.0,244894.0,Petrol,Individual,Manual,First Owner,14.9 kmpl,1248 CC,100.9 bhp,5.0
Hyundai XUV,2020,149000.0,41815.0,Petrol,Individual,Manual,First Owner,21.9 kmpl,796 CC,54.6 bhp,5.0
Toyota Nexon,2018,477000.0,124035.0,Diesel,Individual,Manual,First Owner,12.5 kmpl,2179 CC,162.4 bhp,5.0
Honda Nexon,2009,84000.0,101318.0,Diesel,Dealer,Manual,Fourth & Above Owner,12.1 kmpl,1968 CC,167.3 bhp,5.0
Maruti Swift,2020,282000.0,70222.0,Diesel,Individual,Manual,First Owner,18.8 kmpl,1498 CC,90.6 bhp,5.0
Hyundai Rapid,2019,131000.0,113931.0,Diesel,Individual,Manual,First Owner,10.4 kmpl,796 CC,62.8 bhp,5.0
Honda XUV,2024,494000.0,,Diesel,Dealer,Manual,Second Owner,19.8 kmpl,1498 CC,116.9 bhp,5.0
Hyundai City,2006,23000.0,287701.0,Petrol,Individual,Manual,First Owner,23.9 kmpl,1197 CC,76.4 bhp,5.0
Honda Nexon,2005,33000.0,117883.0,Petrol,Individual,Manual,Third Owner,20.5 kmpl,1582 CC,99.0 bhp,5.0
Ford City,2009,34000.0,215753.0,Petrol,Individual,Manual,Second Owner,18.2 kmpl,1498 CC,105.5 bhp,5.0
Mahindra 320d,2024,279000.0,34788.0,Petrol,Dealer,Manual,Third Owner,,998 CC,78.6 bhp,5.0
Honda i20,2014,138000.0,135962.0,Petrol,Dealer,Manual,First Owner,11.5 kmpl,1968 CC,159.3 bhp,5.0
Volkswagen XUV,2017,267000.0,56774.0,Diesel,Individual,Automatic,First Owner,14.8 kmpl,1498 CC,110.0 bhp,5.0
Ford Swift,2022,372000.0,51800.0,Diesel,Individual,Manual,Fourth & Above Owner,24.3 kmpl,1968 CC,128.5 bhp,5.0
Mahindra 320d,2025,505000.0,21526.0,Diesel,Individual,Manual,Second Owner,,1582 CC,126.9 bhp,5.0
Maruti Swift,2023,335000.0,36821.0,Petrol,Individual,Manual,First Owner,19.0 kmpl,,100.8 bhp,4.0
Toyota A4,2004,34000.0,141702.0,Petrol,Dealer,Manual,Second Owner,25.0 kmpl,1197 CC,100.9 bhp,5.0
Hyundai i20,2008,87000.0,159729.0,Diesel,Individual,Manual,First Owner,15.6 kmpl,2179 CC,189.8 bhp,5.0
Tata Swift,2018,105000.0,96979.0,Petrol,Individual,Manual,Third Owner,19.8 kmpl,1248 CC,76.7 bhp,5.0
Maruti Polo,2018,161000.0,126912.0,Petrol,Individual,Manual,First Owner,13.2 kmpl,1582 CC,106.9 bhp,7.0
Mahindra Rapid,2013,115000.0,154802.0,Diesel,Individual,Manual,Second Owner,23.6 kmpl,1582 CC,91.2 bhp,5.0
Hyundai A4,2009,42000.0,204225.0,Diesel,Trustmark Dealer,Manual,First Owner,24.9 kmpl,796 CC,59.6 bhp,5.0
Hyundai Swift,2004,16000.0,347694.0,Petrol,Individual,Manual,Third Owner,15.8 kmpl,1197 CC,78.4 bhp,5.0
Mahindra City,2020,230000.0,39869.0,CNG,Individual,Automatic,First Owner,19.0 kmpl,796 CC,60.7 bhp,5.0
Honda Innova,2005,51000.0,215605.0,Petrol,Individual,Manual,First Owner,18.1 kmpl,1968 CC,165.5 bhp,7.0
Skoda i20,2018,142000.0,62553.0,Petrol,Dealer,Manual,First Owner,16.3 kmpl,,67.7 bhp,5.0
Honda Innova,2010,95000.0,96132.0,Diesel,Individual,Manual,First Owner,24.9 kmpl,1968 CC,168.8 bhp,5.0
Maruti Swift,2014,87000.0,127750.0,Petrol,Individual,Manual,First Owner,17.3 kmpl,1582 CC,133.2 bhp,4.0
Tata Polo,2006,25000.0,294248.0,Petrol,Individual,Manual,First Owner,,1498 CC,125.0 bhp,5.0
Volkswagen Swift,2025,605000.0,18884.0,Diesel,Dealer,Automatic,First Owner,,998 CC,62.1 bhp,4.0
Hyundai XUV,2020,234000.0,61000.0,Diesel,Individual,Manual,First Owner,13.0 kmpl,1248 CC,101.1 bhp,5.0
Skoda XUV,2019,287000.0,86050.0,Diesel,Individual,Automatic,First Owner,16.1 kmpl,1197 CC,98.6 bhp,5.0
Volkswagen Innova,2012,57000.0,172735.0,Petrol,Individual,Manual,Second Owner,11.9 kmpl,998 CC,69.2 bhp,5.0
Maruti A4,2014,91000.0,172266.0,Petrol,Individual,Manual,First Owner,15.8 kmpl,1968 CC,120.9 bhp,7.0
Honda Figo,2019,214000.0,92820.0,Diesel,Individual,Automatic,First Owner,16.0 kmpl,1197 CC,83.5 bhp,5.0
Maruti Swift,2004,22000.0,280546.0,CNG,Individual,Manual,First Owner,12.4 kmpl,1582 CC,92.3 bhp,4.0
Mahindra Polo,2019,252000.0,41150.0,Diesel,Individual,Manual,First Owner,15.8 kmpl,1197 CC,80.3 bhp,5.0
Tata Figo,2015,119000.0,128498.0,Petrol,Individual,Manual,First Owner,21.8 kmpl,1197 CC,84.5 bhp,7.0
Volkswagen Nexon,2011,93000.0,152681.0,Petrol,Dealer,Automatic,Second Owner,17.0 kmpl,2179 CC,135.2 bhp,5.0
Hyundai i20,2018,197000.0,69523.0,Petrol,Dealer,Automatic,Fourth & Above Owner,14.5 kmpl,1582 CC,109.0 bhp,5.0
Hyundai A4,2019,120000.0,78080.0,Petrol,Individual,Manual,First Owner,14.6 kmpl,796 CC,51.0 bhp,5.0
Mahindra Innova,2022,422000.0,57611.0,Diesel,Individual,Manual,First Owner,22.6 kmpl,1498 CC,83.0 bhp,7.0
Mahindra i20,2023,609000.0,30686.0,Diesel,Individual,Manual,First Owner,15.3 kmpl,1968 CC,149.1 bhp,
Audi Polo,2009,159000.0,144157.0,Petrol,Dealer,Manual,First Owner,17.9 kmpl,1197 CC,68.4 bhp,
Hyundai XUV,2017,115000.0,133219.0,Diesel,Dealer,Automatic,Third Owner,21.3 kmpl,,50.2 bhp,7.0
Ford i20,2005,26000.0,313829.0,Petrol,Individual,Manual,First Owner,16.0 kmpl,,124.4 bhp,5.0
Tata 320d,2007,52000.0,142474.0,Diesel,Dealer,Manual,First Owner,25.4 kmpl,1197 CC,96.3 bhp,5.0
Hyundai 320d,2007,28000.0,162062.0,Petrol,Individual,Manual,Fourth & Above Owner,11.5 kmpl,796 CC,53.1 bhp,4.0
Maruti 320d,2020,215000.0,78749.0,Petrol,Individual,Manual,First Owner,18.6 kmpl,1968 CC,131.2 bhp,5.0
Maruti Polo,2009,29000.0,139554.0,Petrol,Individual,Manual,First Owner,14.6 kmpl,796 CC,53.4 bhp,
Maruti Polo,2017,217000.0,125427.0,Petrol,Individual,Automatic,First Owner,20.6 kmpl,1968 CC,127.3 bhp,5.0
Maruti i20,2025,244000.0,14174.0,Petrol,Dealer,Manual,Second Owner,12.4 kmpl,1248 CC,79.5 bhp,5.0
Hyundai Swift,2012,78000.0,,Petrol,Individual,Manual,First Owner,19.1 kmpl,1582 CC,88.4 bhp,5.0
Maruti XUV,2005,32000.0,276666.0,Petrol,Individual,Automatic,First Owner,18.3 kmpl,1582 CC,101.7 bhp,5.0
Volkswagen Rapid,2006,39000.0,205508.0,Petrol,Individual,Automatic,First Owner,17.6 kmpl,1197 CC,104.3 bhp,5.0
Honda City,2004,42000.0,225810.0,Petrol,Individual,Automatic,First Owner,15.2 kmpl,1498 CC,88.3 bhp,5.0
Maruti Innova,2004,27000.0,140392.0,Diesel,Individual,Manual,First Owner,20.1 kmpl,1248 CC,99.5 bhp,5.0
Hyundai XUV,2008,40000.0,272866.0,Diesel,Individual,Manual,First Owner,22.7 kmpl,1968 CC,153.9 bhp,5.0
Tata 320d,2020,132000.0,56926.0,Petrol,Dealer,Manual,First Owner,25.5 kmpl,998 CC,80.4 bhp,5.0
Toyota A4,2021,422000.0,,Petrol,Individual,Manual,Third Owner,14.4 kmpl,2179 CC,120.8 bhp,5.0
Toyota 320d,2011,98000.0,126842.0,Petrol,Individual,Manual,Second Owner,22.3 kmpl,2179 CC,153.9 bhp,4.0
Audi Nexon,2006,75000.0,255889.0,Petrol,Individual,Manual,First Owner,10.1 kmpl,1197 CC,72.7 bhp,5.0
Hyundai Figo,2010,85000.0,146559.0,Diesel,Individual,Manual,Third Owner,17.4 kmpl,1968 CC,161.7 bhp,5.0
Hyundai Polo,2014,106000.0,142200.0,Diesel,Individual,Manual,First Owner,17.8 kmpl,1248 CC,101.3 bhp,5.0
Volkswagen Swift,2005,28000.0,296818.0,Petrol,Individual,Manual,First Owner,20.2 kmpl,1582 CC,110.5 bhp,7.0
Maruti Polo,2004,41000.0,147087.0,Diesel,Individual,Manual,First Owner,23.6 kmpl,2179 CC,164.7 bhp,5.0
Hyundai i20,2022,399000.0,42277.0,Diesel,Individual,Automatic,First Owner,23.3 kmpl,998 CC,74.5 bhp,5.0
Honda Figo,2025,564000.0,17732.0,Diesel,Individual,Manual,First Owner,19.6 kmpl,1582 CC,117.6 bhp,5.0
Maruti A4,2016,130000.0,101683.0,Diesel,Dealer,Automatic,Second Owner,14.3 kmpl,,56.5 bhp,5.0
Hyundai XUV,2022,484000.0,41091.0,Petrol,Individual,Automatic,First Owner,14.6 kmpl,2179 CC,124.1 bhp,5.0
Toyota 320d,2023,633000.0,41950.0,Diesel,Individual,Manual,First Owner,21.6 kmpl,1582 CC,126.5 bhp,5.0
Maruti City,2024,438000.0,17192.0,Petrol,Dealer,Manual,First Owner,12.0 kmpl,2179 CC,174.4 bhp,5.0
Tata Rapid,2015,158000.0,173698.0,Diesel,Individual,Manual,First Owner,19.2 kmpl,2179 CC,152.6 bhp,5.0
Maruti Nexon,2023,341000.0,45081.0,CNG,Individual,Manual,First Owner,18.7 kmpl,2179 CC,131.7 bhp,5.0
Hyundai City,2012,66000.0,177441.0,Petrol,Dealer,Manual,First Owner,19.1 kmpl,998 CC,65.8 bhp,5.0
Maruti Swift,2004,21000.0,176982.0,Petrol,Individual,Manual,First Owner,,1197 CC,102.6 bhp,5.0
Hyundai Nexon,2023,531000.0,22209.0,Petrol,Individual,Automatic,Third Owner,22.5 kmpl,2179 CC,123.5 bhp,5.0
Maruti Rapid,2010,72000.0,246555.0,Diesel,Individual,Automatic,First Owner,16.7 kmpl,1582 CC,103.1 bhp,5.0
Ford Figo,2004,38000.0,187076.0,Diesel,Individual,Manual,First Owner,15.1 kmpl,1968 CC,130.4 bhp,5.0
BMW Figo,2011,203000.0,114117.0,Petrol,Individual,Manual,First Owner,22.3 kmpl,1248 CC,104.0 bhp,5.0
Volkswagen Innova,2007,36000.0,250235.0,Petrol,Individual,Automatic,Second Owner,15.2 kmpl,1498 CC,112.9 bhp,5.0
Ford Rapid,2016,126000.0,70567.0,CNG,Individual,Manual,Second Owner,17.2 kmpl,1498 CC,127.2 bhp,5.0
Honda Swift,2018,221000.0,59341.0,Petrol,Individual,Manual,First Owner,25.9 kmpl,1498 CC,88.0 bhp,5.0
Maruti XUV,2010,42000.0,229976.0,Petrol,Dealer,Manual,Second Owner,24.0 kmpl,1582 CC,95.7 bhp,5.0
Honda 320d,2019,254000.0,57608.0,Diesel,Individual,Manual,First Owner,19.8 kmpl,998 CC,88.2 bhp,5.0
Volkswagen Rapid,2013,82000.0,174521.0,Diesel,Individual,Manual,First Owner,,1197 CC,77.3 bhp,5.0
Ford XUV,2004,19000.0,150184.0,Petrol,Individual,Manual,First Owner,24.5 kmpl,796 CC,61.8 bhp,5.0
Maruti i20,2024,405000.0,35711.0,Diesel,Individual,Manual,First Owner,23.9 kmpl,1498 CC,132.5 bhp,5.0
Tata Nexon,2016,110000.0,55029.0,Petrol,Individual,Manual,First Owner,19.3 kmpl,1197 CC,74.3 bhp,5.0
Maruti City,2005,31000.0,114831.0,Petrol,Individual,Automatic,First Owner,13.0 kmpl,796 CC,66.8 bhp,5.0
Volkswagen i20,2021,204000.0,59701.0,Diesel,Dealer,Manual,First Owner,17.6 kmpl,796 CC,66.1 bhp,5.0
Maruti Figo,2007,38000.0,115689.0,Diesel,Individual,Manual,First Owner,17.5 kmpl,1248 CC,72.9 bhp,5.0
Skoda i20,2013,132000.0,191944.0,Diesel,Individual,Automatic,First Owner,13.0 kmpl,1197 CC,96.8 bhp,7.0
Ford Polo,2013,84000.0,167930.0,Petrol,Individual,Manual,First Owner,24.2 kmpl,1582 CC,112.5 bhp,7.0
Mahindra Swift,2022,382000.0,52159.0,Diesel,Individual,Manual,First Owner,12.9 kmpl,1197 CC,72.2 bhp,5.0
Volkswagen Rapid,2017,196000.0,78004.0,Diesel,Individual,Manual,First Owner,14.6 kmpl,1498 CC,83.9 bhp,5.0
Hyundai Rapid,2025,594000.0,12871.0,Diesel,Trustmark Dealer,Manual,First Owner,10.6 kmpl,1582 CC,87.2 bhp,5.0
Tata Figo,2022,277000.0,57604.0,Diesel,Individual,Manual,Second Owner,10.6 kmpl,1582 CC,112.2 bhp,7.0
Skoda Rapid,2011,83000.0,227973.0,Petrol,Individual,Manual,First Owner,12.7 kmpl,1498 CC,84.5 bhp,5.0
Mahindra i20,2010,76000.0,128838.0,Petrol,Individual,Manual,First Owner,25.5 kmpl,1248 CC,101.6 bhp,5.0
Toyota Rapid,2010,96000.0,109960.0,Diesel,Individual,Manual,First Owner,16.8 kmpl,1498 CC,111.2 bhp,5.0
Hyundai Rapid,2016,205000.0,75867.0,Petrol,Trustmark Dealer,Manual,First Owner,21.6 kmpl,2179 CC,194.1 bhp,5.0
Honda Figo,2020,284000.0,106195.0,CNG,Individual,Manual,First Owner,15.0 kmpl,2179 CC,165.4 bhp,4.0
Maruti Nexon,2017,86000.0,117236.0,Petrol,Dealer,Automatic,Fourth & Above Owner,25.6 kmpl,1248 CC,98.7 bhp,5.0
Maruti i20,2012,90000.0,94686.0,Diesel,Individual,Manual,First Owner,11.9 kmpl,1498 CC,97.7 bhp,5.0
Ford Innova,2014,72000.0,151230.0,Petrol,Individual,Manual,First Owner,23.8 kmpl,998 CC,82.7 bhp,4.0
Maruti XUV,2015,120000.0,174401.0,Diesel,Individual,Manual,Third Owner,23.3 kmpl,2179 CC,186.1 bhp,5.0
Toyota A4,2024,709000.0,20239.0,Petrol,Individual,Manual,First Owner,10.2 kmpl,1498 CC,114.5 bhp,5.0
Maruti Innova,2008,22000.0,197223.0,Petrol,Individual,Manual,First Owner,24.5 kmpl,796 CC,59.3 bhp,7.0
Mahindra i20,2008,63000.0,137147.0,Petrol,Individual,Manual,First Owner,26.0 kmpl,1197 CC,72.8 bhp,5.0
Maruti Rapid,2008,22000.0,262221.0,Petrol,Individual,Manual,Second Owner,10.7 kmpl,998 CC,83.8 bhp,5.0
Honda A4,2010,74000.0,227207.0,Diesel,Individual,Automatic,First Owner,11.7 kmpl,998 CC,62.5 bhp,5.0
Maruti 320d,2011,80000.0,211607.0,Diesel,Individual,Automatic,First Owner,20.0 kmpl,1582 CC,117.2 bhp,5.0
Ford Swift,2013,75000.0,97997.0,Petrol,Individual,Manual,Second Owner,16.4 kmpl,1248 CC,109.0 bhp,5.0
Volkswagen Swift,2017,156000.0,55193.0,Petrol,Individual,Manual,First Owner,21.4 kmpl,998 CC,75.2 bhp,5.0
Ford Polo,2010,68000.0,113640.0,Petrol,Individual,Manual,First Owner,14.1 kmpl,1248 CC,97.5 bhp,7.0
Honda Nexon,2099,21000.0,294485.0,Petrol,Individual,Manual,First Owner,20.0 kmpl,796 CC,69.2 bhp,7.0
Maruti Innova,2006,27000.0,245258.0,Petrol,Individual,Automatic,Third Owner,,1197 CC,72.6 bhp,5.0
Toyota i20,2005,29000.0,239756.0,Petrol,Individual,Manual,First Owner,,998 CC,89.8 bhp,7.0
Toyota i20,2024,479000.0,21218.0,Petrol,Individual,Manual,First Owner,13.1 kmpl,1498 CC,127.0 bhp,5.0
Maruti Polo,2019,199000.0,84501.0,Diesel,Individual,Automatic,Second Owner,13.7 kmpl,1582 CC,94.9 bhp,5.0
Honda XUV,2008,45000.0,159532.0,Petrol,Dealer,Manual,First Owner,19.1 kmpl,1197 CC,103.8 bhp,7.0
Hyundai 320d,2025,366000.0,12644.0,Petrol,Individual,Manual,First Owner,21.3 kmpl,1248 CC,107.1 bhp,5.0
Honda XUV,2008,44000.0,231983.0,Diesel,Individual,Manual,First Owner,10.9 kmpl,1197 CC,77.9 bhp,5.0
Toyota Innova,2012,82000.0,210609.0,Diesel,Individual,Manual,Second Owner,20.2 kmpl,1197 CC,95.8 bhp,5.0
Skoda City,2016,155000.0,99018.0,Diesel,Individual,Manual,Second Owner,15.2 kmpl,1197 CC,98.9 bhp,5.0
Hyundai Rapid,2004,13000.0,271914.0,Petrol,Individual,Manual,Second Owner,12.7 kmpl,796 CC,70.4 bhp,5.0
Hyundai Innova,2008,33000.0,135082.0,Petrol,Individual,Manual,Third Owner,23.4 kmpl,998 CC,79.0 bhp,5.0
Honda i20,2023,544000.0,39402.0,Diesel,Individual,Manual,First Owner,25.3 kmpl,1968 CC,130.7 bhp,5.0
Maruti A4,2013,97000.0,107383.0,LPG,Individual,Manual,First Owner,14.0 kmpl,1582 CC,116.0 bhp,5.0
Mahindra 320d,2013,147000.0,133429.0,Diesel,Individual,Automatic,First Owner,10.3 kmpl,1582 CC,101.9 bhp,5.0
Tata City,2018,130000.0,76603.0,Diesel,Individual,Manual,First Owner,25.0 kmpl,998 CC,83.9 bhp,5.0
Maruti Figo,2007,60000.0,109082.0,Petrol,Dealer,Automatic,First Owner,11.6 kmpl,1968 CC,143.5 bhp,5.0
Ford 320d,2010,75000.0,182633.0,Petrol,Individual,Manual,First Owner,25.7 kmpl,2179 CC,172.8 bhp,5.0
Hyundai Swift,2018,134000.0,137177.0,Petrol,Individual,Automatic,Second Owner,11.2 kmpl,1197 CC,96.9 bhp,5.0
Mahindra i20,2020,181000.0,71240.0,Diesel,Individual,Manual,First Owner,20.0 kmpl,998 CC,83.3 bhp,5.0
Maruti Nexon,2004,20000.0,233789.0,Diesel,Individual,Manual,Third Owner,13.0 kmpl,1498 CC,86.0 bhp,4.0
Toyota Innova,2022,763000.0,28102.0,Diesel,Individual,Automatic,First Owner,22.6 kmpl,1968 CC,120.4 bhp,5.0
Honda Polo,2022,485000.0,35080.0,Petrol,Individual,Automatic,First Owner,20.0 kmpl,2179 CC,160.0 bhp,5.0
Skoda Figo,2005,40000.0,122925.0,Diesel,Individual,Manual,First Owner,10.6 kmpl,1248 CC,74.2 bhp,5.0
Hyundai Polo,2017,115000.0,73718.0,Petrol,Individual,Manual,Second Owner,20.4 kmpl,1498 CC,103.9 bhp,5.0
Skoda Rapid,2013,104000.0,181765.0,Petrol,Individual,Automatic,First Owner,10.0 kmpl,1498 CC,121.8 bhp,5.0
Hyundai City,2019,259000.0,106314.0,Diesel,Dealer,Manual,First Owner,15.7 kmpl,1582 CC,98.3 bhp,5.0
Volkswagen City,2013,106000.0,179790.0,Petrol,Individual,Automatic,First Owner,19.4 kmpl,1498 CC,96.2 bhp,5.0
Honda Nexon,2021,423000.0,31762.0,Petrol,Individual,Manual,Second Owner,18.7 kmpl,1968 CC,154.5 bhp,5.0
Volkswagen Innova,2020,273000.0,63983.0,Petrol,Individual,Automatic,First Owner,11.8 kmpl,1197 CC,94.5 bhp,5.0
Hyundai 320d,2019,207000.0,108453.0,Diesel,Individual,Manual,First Owner,17.5 kmpl,1248 CC,96.2 bhp,5.0
Hyundai Swift,2019,149000.0,107399.0,Petrol,Individual,Manual,Second Owner,10.3 kmpl,1968 CC,173.4 bhp,5.0
Maruti Nexon,2017,196000.0,119124.0,Diesel,Individual,Manual,First Owner,21.7 kmpl,1498 CC,88.3 bhp,5.0
Ford i20,2006,36000.0,284613.0,LPG,Individual,Automatic,First Owner,22.4 kmpl,1968 CC,124.3 bhp,5.0
Ford i20,2008,32000.0,192440.0,Petrol,Dealer,Manual,Second Owner,15.4 kmpl,1197 CC,82.3 bhp,5.0
Audi Rapid,2016,405000.0,81993.0,Petrol,Individual,Automatic,First Owner,22.3 kmpl,998 CC,72.5 bhp,5.0
Toyota Swift,2014,125000.0,117034.0,Diesel,Individual,Manual,First Owner,20.7 kmpl,1197 CC,74.8 bhp,5.0
Skoda i20,2014,100000.0,74752.0,Petrol,Individual,Manual,Third Owner,18.3 kmpl,1197 CC,82.7 bhp,5.0
Tata XUV,2010,50000.0,159204.0,Petrol,Individual,Manual,Second Owner,22.3 kmpl,1498 CC,122.2 bhp,5.0
Tata Rapid,2013,67000.0,168638.0,Petrol,Dealer,Manual,First Owner,14.2 kmpl,1197 CC,102.4 bhp,5.0
Mahindra Nexon,2004,50000.0,125983.0,Diesel,Individual,Manual,First Owner,,1582 CC,125.1 bhp,5.0
Toyota City,2006,40000.0,251719.0,Diesel,Individual,Manual,First Owner,21.5 kmpl,998 CC,71.4 bhp,5.0
Hyundai A4,2006,41000.0,112454.0,Petrol,Individual,Manual,First Owner,14.7 kmpl,1498 CC,121.8 bhp,5.0
Mahindra i20,2004,22000.0,160341.0,Petrol,Individual,Manual,Second Owner,10.1 kmpl,1498 CC,101.0 bhp,5.0
Volkswagen Innova,2018,154000.0,,Petrol,Individual,Manual,First Owner,11.3 kmpl,1197 CC,100.9 bhp,5.0
Maruti i20,2016,102000.0,94650.0,CNG,Individual,Automatic,First Owner,12.1 kmpl,796 CC,54.4 bhp,5.0
Hyundai A4,2018,208000.0,125187.0,Diesel,Individual,Manual,First Owner,25.1 kmpl,1498 CC,118.8 bhp,5.0
Volkswagen XUV,2017,221000.0,96492.0,Petrol,Individual,Automatic,First Owner,22.0 kmpl,1582 CC,116.0 bhp,5.0
Maruti Innova,2015,106000.0,169370.0,Diesel,Individual,Manual,First Owner,19.5 kmpl,1248 CC,99.8 bhp,7.0
Honda Nexon,2017,163000.0,87586.0,Diesel,Individual,Manual,First Owner,14.6 kmpl,1197 CC,97.6 bhp,7.0
Maruti City,2021,178000.0,,Diesel,Individual,Automatic,First Owner,19.4 kmpl,998 CC,70.8 bhp,5.0
Hyundai Nexon,2010,43000.0,,Diesel,Individual,Manual,First Owner,24.5 kmpl,1197 CC,78.2 bhp,5.0
Honda Rapid,2008,39000.0,215519.0,Petrol,Individual,Manual,Second Owner,23.6 kmpl,1498 CC,121.7 bhp,5.0
Ford City,2006,45000.0,151173.0,Diesel,Individual,Manual,Second Owner,12.1 kmpl,1582 CC,126.6 bhp,5.0
Mahindra A4,2024,377000.0,27757.0,Diesel,Dealer,Manual,First Owner,23.5 kmpl,796 CC,70.9 bhp,5.0
Volkswagen 320d,2005,19000.0,251558.0,Petrol,Individual,Manual,First Owner,14.2 kmpl,796 CC,51.9 bhp,5.0
Skoda Figo,2024,392000.0,23119.0,Diesel,Individual,Manual,First Owner,25.9 kmpl,998 CC,56.8 bhp,4.0
Volkswagen XUV,2017,200000.0,77228.0,CNG,Individual,Automatic,First Owner,25.9 kmpl,1498 CC,106.5 bhp,4.0
Hyundai Nexon,2004,20000.0,188679.0,Petrol,Individual,Manual,Second Owner,24.2 kmpl,1197 CC,79.4 bhp,5.0
Hyundai Rapid,2022,257000.0,73450.0,Diesel,Individual,Manual,Second Owner,17.7 kmpl,1197 CC,91.1 bhp,5.0
Skoda Rapid,2015,139000.0,96125.0,Diesel,Individual,Manual,First Owner,24.7 kmpl,1248 CC,83.1 bhp,5.0
Ford XUV,2011,70000.0,101849.0,Diesel,Individual,Manual,Second Owner,24.8 kmpl,1498 CC,119.5 bhp,5.0
Skoda Nexon,2016,129000.0,105897.0,Petrol,Individual,Manual,Second Owner,13.2 kmpl,1197 CC,72.2 bhp,5.0
Maruti i20,2005,31000.0,109800.0,Petrol,Individual,Manual,First Owner,24.4 kmpl,1197 CC,83.3 bhp,5.0
Maruti i20,2010,75000.0,225704.0,Petrol,Dealer,Automatic,First Owner,23.7 kmpl,1968 CC,132.2 bhp,7.0
Toyota Swift,2009,49000.0,170034.0,Petrol,Dealer,Manual,Third Owner,10.3 kmpl,998 CC,87.4 bhp,
Hyundai Rapid,2006,52000.0,168635.0,Diesel,Individual,Manual,First Owner,18.8 kmpl,1582 CC,140.0 bhp,5.0
Hyundai 320d,2020,325000.0,48644.0,Petrol,Trustmark Dealer,Automatic,First Owner,11.2 kmpl,1968 CC,175.9 bhp,5.0
Mahindra Polo,2025,542000.0,11929.0,Petrol,Individual,Manual,First Owner,16.5 kmpl,1197 CC,89.6 bhp,
Mahindra Nexon,2015,183000.0,132239.0,Diesel,Individual,Automatic,First Owner,24.6 kmpl,1197 CC,74.6 bhp,5.0
Honda Polo,2006,30000.0,256729.0,Diesel,Individual,Manual,Second Owner,15.0 kmpl,998 CC,77.0 bhp,5.0
Volkswagen 320d,2006,23000.0,238194.0,Petrol,Individual,Manual,First Owner,22.2 kmpl,998 CC,,5.0
Mahindra i20,2021,246000.0,45406.0,Diesel,Individual,Manual,Second Owner,12.3 kmpl,1248 CC,76.9 bhp,5.0
Honda 320d,2011,46000.0,185356.0,Petrol,Individual,Manual,First Owner,11.6 kmpl,796 CC,61.0 bhp,5.0
Maruti 320d,2008,42000.0,275110.0,Petrol,Individual,Manual,First Owner,19.2 kmpl,1968 CC,125.4 bhp,7.0
Ford 320d,2012,127000.0,80636.0,Petrol,Dealer,Automatic,Second Owner,20.6 kmpl,1968 CC,158.5 bhp,5.0
Hyundai Nexon,2015,130000.0,113657.0,Petrol,Individual,Automatic,First Owner,10.3 kmpl,998 CC,61.4 bhp,7.0
Maruti Rapid,2025,304000.0,9520.0,Petrol,Individual,Manual,First Owner,25.0 kmpl,998 CC,56.0 bhp,5.0
Mahindra Nexon,2006,42000.0,105644.0,Petrol,Individual,Manual,First Owner,12.6 kmpl,1248 CC,73.6 bhp,5.0
Maruti Figo,2018,190000.0,124076.0,Petrol,Individual,Manual,First Owner,23.9 kmpl,1582 CC,125.5 bhp,5.0
Toyota Polo,2005,32000.0,231928.0,Petrol,Individual,Manual,First Owner,25.6 kmpl,998 CC,84.8 bhp,5.0
Maruti Polo,2008,34000.0,241304.0,Petrol,Individual,Automatic,First Owner,22.5 kmpl,1197 CC,106.2 bhp,5.0
Toyota A4,2014,183000.0,170216.0,Diesel,Individual,Manual,Third Owner,16.0 kmpl,2179 CC,155.6 bhp,5.0
Skoda Polo,2019,305000.0,82285.0,Petrol,Individual,Automatic,Second Owner,14.0 kmpl,2179 CC,161.3 bhp,5.0
Honda Innova,2022,338000.0,47038.0,Petrol,Individual,Manual,First Owner,16.1 kmpl,1582 CC,90.9 bhp,5.0
Toyota XUV,2020,300000.0,79046.0,Petrol,Individual,Manual,First Owner,13.5 kmpl,1248 CC,77.8 bhp,5.0
Hyundai i20,2007,33000.0,177076.0,Petrol,Individual,Manual,First Owner,15.9 kmpl,796 CC,59.9 bhp,5.0
Honda XUV,2019,197000.0,54043.0,Petrol,Individual,Automatic,Fourth & Above Owner,18.5 kmpl,998 CC,85.5 bhp,5.0
Hyundai Innova,2004,34000.0,201141.0,Petrol,Individual,Manual,First Owner,24.5 kmpl,1968 CC,159.7 bhp,5.0
Toyota Nexon,2014,171000.0,164179.0,Petrol,Individual,Manual,Third Owner,11.9 kmpl,2179 CC,164.2 bhp,5.0
Tata 320d,2024,332000.0,23484.0,Petrol,Individual,Automatic,First Owner,11.5 kmpl,1197 CC,69.6 bhp,5.0
Maruti Rapid,2011,73000.0,166843.0,Diesel,Individual,Automatic,First Owner,13.4 kmpl,1197 CC,100.3 bhp,5.0
Maruti i20,2005,22000.0,216568.0,Petrol,Individual,Manual,First Owner,12.7 kmpl,998 CC,73.6 bhp,5.0
Hyundai Swift,2024,295000.0,31688.0,Petrol,Individual,Manual,First Owner,16.0 kmpl,1197 CC,101.6 bhp,5.0
Mahindra Polo,2025,473000.0,16632.0,Diesel,Dealer,Manual,First Owner,21.9 kmpl,1248 CC,82.6 bhp,5.0
Ford A4,2009,60000.0,151848.0,CNG,Individual,Manual,First Owner,23.7 kmpl,1968 CC,165.1 bhp,7.0
Tata A4,2006,29000.0,120089.0,Petrol,Individual,Automatic,Second Owner,25.6 kmpl,1248 CC,88.1 bhp,5.0
Ford 320d,2004,23000.0,132943.0,Petrol,Individual,Manual,Third Owner,18.2 kmpl,1248 CC,73.1 bhp,5.0
Toyota A4,2010,84000.0,153897.0,Petrol,Individual,Manual,First Owner,11.1 kmpl,998 CC,,7.0
Mahindra XUV,2018,268000.0,50057.0,Diesel,Dealer,Manual,First Owner,22.6 kmpl,1248 CC,74.4 bhp,5.0
Tata i20,2021,135000.0,53343.0,Petrol,Individual,Manual,First Owner,18.0 kmpl,796 CC,67.4 bhp,5.0
Mahindra Figo,2018,144000.0,117566.0,Diesel,Individual,Manual,First Owner,17.1 kmpl,998 CC,81.7 bhp,5.0
Honda A4,2007,27000.0,118731.0,Petrol,Individual,Manual,Second Owner,21.7 kmpl,796 CC,51.6 bhp,
Maruti Innova,2012,41000.0,95572.0,Petrol,Dealer,Manual,Fourth & Above Owner,23.2 kmpl,998 CC,72.7 bhp,5.0
Maruti Innova,2005,29000.0,212469.0,Diesel,Individual,Automatic,Second Owner,15.6 kmpl,1582 CC,89.9 bhp,5.0
Hyundai Polo,2018,89000.0,126796.0,Petrol,Individual,Manual,Second Owner,21.5 kmpl,998 CC,85.2 bhp,5.0
Maruti XUV,2025,204000.0,15037.0,Petrol,Dealer,Manual,Second Owner,18.2 kmpl,796 CC,46.3 bhp,5.0
Maruti A4,2009,31000.0,162332.0,Petrol,Individual,Manual,First Owner,20.7 kmpl,998 CC,62.7 bhp,5.0
Maruti Polo,2019,186000.0,42148.0,Petrol,Individual,Manual,First Owner,20.2 kmpl,1582 CC,96.8 bhp,5.0
Mahindra Polo,2018,115000.0,87258.0,Petrol,Dealer,Manual,Fourth & Above Owner,13.4 kmpl,998 CC,70.8 bhp,5.0
Honda Rapid,2012,112000.0,192001.0,Diesel,Individual,Manual,First Owner,24.3 kmpl,1498 CC,90.2 bhp,7.0
Skoda Polo,2010,86000.0,93903.0,Petrol,Individual,Manual,First Owner,23.1 kmpl,1582 CC,96.0 bhp,5.0
Honda XUV,2018,245000.0,57487.0,Diesel,Individual,Manual,First Owner,25.2 kmpl,1197 CC,84.6 bhp,5.0
Maruti City,2009,43000.0,191523.0,CNG,Individual,Manual,First Owner,15.3 kmpl,1498 CC,122.7 bhp,5.0
Volkswagen A4,2019,216000.0,112967.0,Diesel,Trustmark Dealer,Automatic,Second Owner,16.5 kmpl,1498 CC,86.3 bhp,5.0
Hyundai Rapid,2009,74000.0,104953.0,Diesel,Individual,Manual,First Owner,24.1 kmpl,1968 CC,117.3 bhp,5.0
Maruti i20,2008,28000.0,111042.0,Petrol,Dealer,Manual,First Owner,23.8 kmpl,796 CC,56.7 bhp,7.0
Honda XUV,2005,29000.0,211865.0,Petrol,Dealer,Manual,Third Owner,25.0 kmpl,1248 CC,107.0 bhp,5.0
Volkswagen Figo,2011,79000.0,195551.0,Diesel,Dealer,Manual,First Owner,13.5 kmpl,1197 CC,80.6 bhp,5.0
Ford Polo,2005,48000.0,137684.0,Diesel,Individual,Manual,First Owner,13.7 kmpl,1582 CC,109.3 bhp,5.0
Audi Figo,2006,101000.0,203592.0,Diesel,Individual,Automatic,Second Owner,12.8 kmpl,998 CC,72.4 bhp,5.0
Maruti Figo,2012,59000.0,120097.0,Diesel,Dealer,Manual,Second Owner,14.5 kmpl,1498 CC,85.1 bhp,5.0
Mahindra City,2008,63000.0,122070.0,Diesel,Dealer,Manual,First Owner,19.6 kmpl,998 CC,81.8 bhp,5.0
Mahindra Figo,2018,290000.0,105606.0,Diesel,Individual,Manual,First Owner,13.3 kmpl,2179 CC,129.9 bhp,5.0
Audi Polo,2018,692000.0,85955.0,Diesel,Individual,Manual,First Owner,25.7 kmpl,2179 CC,137.4 bhp,5.0
Hyundai Polo,2004,18000.0,273591.0,Petrol,Individual,Automatic,Second Owner,11.6 kmpl,998 CC,87.6 bhp,7.0
Honda Swift,2009,68000.0,168248.0,CNG,Dealer,Manual,First Owner,22.7 kmpl,2179 CC,150.7 bhp,5.0
Tata A4,2011,48000.0,106057.0,Petrol,Individual,Manual,Third Owner,11.3 kmpl,998 CC,68.8 bhp,5.0
Skoda Innova,2012,93000.0,210170.0,Diesel,Individual,Automatic,First Owner,18.4 kmpl,1197 CC,77.1 bhp,5.0
Toyota XUV,2013,107000.0,92976.0,Diesel,Individual,Manual,First Owner,25.8 kmpl,796 CC,62.0 bhp,5.0
Maruti City,2008,55000.0,226308.0,Petrol,Individual,Manual,First Owner,24.0 kmpl,1968 CC,110.0 bhp,5.0
Volkswagen City,2024,525000.0,20045.0,Petrol,Trustmark Dealer,Automatic,First Owner,21.3 kmpl,1498 CC,105.5 bhp,5.0
Maruti City,2015,113000.0,78767.0,Petrol,Dealer,Manual,First Owner,24.3 kmpl,1968 CC,151.1 bhp,7.0
Honda Innova,2018,169000.0,100603.0,Petrol,Individual,Automatic,First Owner,13.8 kmpl,,84.4 bhp,5.0
Honda City,2004,24000.0,149868.0,Diesel,Individual,Manual,Second Owner,18.1 kmpl,796 CC,53.8 bhp,5.0
Tata City,2014,80000.0,,Diesel,Dealer,Manual,First Owner,11.7 kmpl,1248 CC,77.9 bhp,5.0
Mahindra XUV,2023,467000.0,39913.0,Diesel,Individual,Manual,First Owner,16.5 kmpl,1582 CC,134.9 bhp,7.0
Mahindra A4,2024,377000.0,36770.0,Diesel,Individual,Manual,Third Owner,16.0 kmpl,998 CC,,7.0
Ford Figo,2008,39000.0,153800.0,CNG,Individual,Manual,First Owner,25.0 kmpl,998 CC,59.0 bhp,
Tata XUV,2016,68000.0,111208.0,Petrol,Dealer,Manual,Second Owner,22.2 kmpl,796 CC,51.3 bhp,7.0
Ford A4,2007,38000.0,246031.0,Petrol,Individual,Manual,First Owner,22.6 kmpl,2179 CC,177.5 bhp,5.0
Maruti A4,2025,407000.0,25777.0,Diesel,Individual,Manual,Second Owner,25.9 kmpl,1582 CC,87.5 bhp,5.0
Maruti XUV,2011,37000.0,173565.0,Diesel,Individual,Manual,First Owner,22.9 kmpl,796 CC,57.2 bhp,5.0
Skoda Innova,2014,148000.0,194850.0,Petrol,Individual,Manual,First Owner,,2179 CC,151.0 bhp,5.0
Tata Polo,2008,56000.0,179989.0,Diesel,Individual,Manual,First Owner,11.8 kmpl,1582 CC,103.3 bhp,
Hyundai City,2016,95000.0,156446.0,Petrol,Individual,Manual,Second Owner,21.4 kmpl,1582 CC,133.9 bhp,5.0
Mahindra Swift,2004,36000.0,189449.0,Diesel,Dealer,Manual,First Owner,16.1 kmpl,1582 CC,132.3 bhp,5.0
Maruti Rapid,2010,50000.0,220680.0,Petrol,Individual,Manual,First Owner,13.0 kmpl,1582 CC,137.3 bhp,5.0
Volkswagen XUV,2016,170000.0,109425.0,Diesel,Individual,Manual,First Owner,,1582 CC,108.1 bhp,5.0
Honda i20,2004,26000.0,302242.0,Diesel,Individual,Manual,First Owner,16.0 kmpl,1248 CC,109.7 bhp,5.0
Maruti Nexon,2016,120000.0,128549.0,Diesel,Dealer,Manual,First Owner,20.8 kmpl,1582 CC,113.8 bhp,5.0
Volkswagen Swift,2019,278000.0,39434.0,Diesel,Individual,Manual,First Owner,16.5 kmpl,1248 CC,83.6 bhp,5.0
Volkswagen Polo,2004,27000.0,349690.0,Diesel,Individual,Automatic,First Owner,25.7 kmpl,1582 CC,137.4 bhp,7.0
Maruti Figo,2019,137000.0,98569.0,Petrol,Individual,Manual,First Owner,19.6 kmpl,998 CC,82.8 bhp,5.0
Maruti A4,2007,36000.0,211298.0,Petrol,Individual,Manual,First Owner,11.8 kmpl,1248 CC,104.1 bhp,5.0
Ford City,2023,398000.0,55877.0,Diesel,Individual,Manual,First Owner,15.9 kmpl,1248 CC,103.0 bhp,5.0
Toyota A4,2017,341000.0,62502.0,Diesel,Individual,Automatic,First Owner,19.7 kmpl,1197 CC,71.7 bhp,4.0
Hyundai Nexon,2004,21000.0,123787.0,Diesel,Individual,Manual,Third Owner,,1197 CC,101.7 bhp,5.0
Honda 320d,2014,162000.0,174428.0,Diesel,Individual,Manual,First Owner,12.0 kmpl,2179 CC,191.5 bhp,5.0
Honda XUV,2019,196000.0,80626.0,Petrol,Individual,Manual,First Owner,25.6 kmpl,1248 CC,75.5 bhp,5.0
Maruti Polo,2024,386000.0,24837.0,Diesel,Individual,Manual,Second Owner,17.3 kmpl,1968 CC,135.6 bhp,5.0
Skoda Rapid,2017,188000.0,56933.0,Petrol,Individual,Manual,First Owner,21.5 kmpl,1498 CC,,5.0
Mahindra Innova,2010,56000.0,141977.0,Petrol,Individual,Manual,Second Owner,,1498 CC,103.9 bhp,5.0
Maruti Swift,2012,54000.0,98876.0,Petrol,Individual,Manual,Third Owner,15.7 kmpl,1498 CC,97.0 bhp,7.0
Hyundai A4,2008,51000.0,188378.0,Petrol,Individual,Manual,First Owner,14.4 kmpl,1582 CC,106.8 bhp,4.0
Toyota i20,2022,261000.0,53905.0,Petrol,Individual,Manual,Second Owner,13.9 kmpl,796 CC,69.1 bhp,7.0
BMW City,2018,316000.0,117302.0,CNG,Individual,Manual,First Owner,19.6 kmpl,796 CC,47.0 bhp,5.0
Ford i20,2010,52000.0,232759.0,Petrol,Dealer,Automatic,First Owner,23.9 kmpl,1248 CC,100.8 bhp,5.0
Tata Figo,2018,255000.0,108560.0,Diesel,Individual,Automatic,First Owner,10.7 kmpl,1968 CC,115.9 bhp,7.0
Mahindra Figo,2024,471000.0,17304.0,Diesel,Individual,Manual,Third Owner,11.9 kmpl,1498 CC,89.0 bhp,5.0
Skoda A4,2014,138000.0,133318.0,Petrol,Individual,Manual,Fourth & Above Owner,19.1 kmpl,1968 CC,121.7 bhp,5.0
Tata Figo,2020,123000.0,105384.0,Petrol,Individual,Manual,First Owner,24.2 kmpl,998 CC,83.7 bhp,5.0
Hyundai i20,2025,649000.0,9382.0,Petrol,Individual,Manual,First Owner,20.1 kmpl,2179 CC,161.0 bhp,7.0
Volkswagen Rapid,2022,456000.0,32970.0,Diesel,Individual,Automatic,First Owner,21.1 kmpl,1248 CC,76.5 bhp,4.0
Volkswagen Polo,2013,147000.0,186027.0,Petrol,Individual,Automatic,First Owner,12.3 kmpl,2179 CC,122.3 bhp,5.0
Maruti City,2004,29000.0,289152.0,Diesel,Individual,Automatic,First Owner,21.6 kmpl,1968 CC,175.9 bhp,5.0
Maruti Figo,2024,261000.0,27103.0,Petrol,Individual,Manual,Second Owner,19.9 kmpl,1248 CC,84.6 bhp,5.0
Hyundai Swift,2020,336000.0,67625.0,Petrol,Individual,Manual,First Owner,22.7 kmpl,2179 CC,167.6 bhp,7.0
Maruti A4,2022,261000.0,46573.0,Petrol,Individual,Automatic,First Owner,14.0 kmpl,1248 CC,90.5 bhp,
Maruti Swift,2025,372000.0,21022.0,Diesel,Individual,Manual,First Owner,13.2 kmpl,998 CC,55.0 bhp,5.0
Maruti A4,2004,19000.0,194592.0,Petrol,Individual,Manual,First Owner,19.7 kmpl,1248 CC,72.7 bhp,7.0
Mahindra Swift,2005,24000.0,240854.0,Petrol,Trustmark Dealer,Manual,First Owner,23.1 kmpl,796 CC,64.1 bhp,5.0
Maruti Rapid,2019,433000.0,38306.0,Diesel,Individual,Automatic,First Owner,18.4 kmpl,2179 CC,151.7 bhp,5.0
Skoda Nexon,2025,541000.0,18555.0,Diesel,Dealer,Manual,First Owner,21.0 kmpl,998 CC,60.3 bhp,5.0
BMW Polo,2023,847000.0,28158.0,CNG,Individual,Manual,First Owner,16.7 kmpl,1197 CC,102.6 bhp,5.0
Ford Innova,2013,75000.0,153785.0,Petrol,Individual,Automatic,First Owner,13.8 kmpl,1248 CC,89.2 bhp,5.0
Maruti Nexon,2021,335000.0,32750.0,CNG,Dealer,Automatic,First Owner,18.3 kmpl,1582 CC,123.0 bhp,7.0
Maruti 320d,2025,506000.0,15523.0,Diesel,Individual,Manual,First Owner,12.9 kmpl,1498 CC,90.7 bhp,5.0
Maruti Nexon,2005,30000.0,190679.0,Petrol,Individual,Manual,First Owner,12.2 kmpl,1498 CC,104.1 bhp,5.0
Tata i20,2010,71000.0,83161.0,Diesel,Individual,Manual,Second Owner,12.8 kmpl,1248 CC,70.5 bhp,5.0
Tata i20,2015,92000.0,80350.0,Petrol,Individual,Manual,Second Owner,16.8 kmpl,1248 CC,102.7 bhp,5.0
Maruti i20,2016,108000.0,59169.0,Diesel,Individual,Manual,Second Owner,20.4 kmpl,1498 CC,125.0 bhp,5.0
Mahindra i20,2021,254000.0,66246.0,Diesel,Individual,Manual,First Owner,17.5 kmpl,998 CC,73.5 bhp,5.0
Toyota Nexon,2022,348000.0,65555.0,Petrol,Individual,Manual,First Owner,13.6 kmpl,1197 CC,102.7 bhp,7.0
Honda Innova,2015,169000.0,111221.0,Petrol,Dealer,Manual,First Owner,23.0 kmpl,1968 CC,141.1 bhp,5.0
Hyundai 320d,2022,359000.0,41538.0,Petrol,Individual,Manual,First Owner,19.7 kmpl,1968 CC,118.2 bhp,7.0
Maruti Rapid,2021,256000.0,30954.0,Petrol,Dealer,Automatic,Second Owner,10.8 kmpl,1582 CC,92.5 bhp,5.0
Audi Swift,2004,73000.0,252470.0,Petrol,Dealer,Manual,Second Owner,17.4 kmpl,1582 CC,96.1 bhp,5.0
Mahindra City,2024,310000.0,31471.0,Petrol,Individual,Manual,First Owner,10.3 kmpl,998 CC,59.5 bhp,5.0
Volkswagen 320d,2005,28000.0,196805.0,Diesel,Individual,Manual,Fourth & Above Owner,11.0 kmpl,1197 CC,,5.0
Honda 320d,2022,382000.0,28571.0,Diesel,Individual,Manual,First Owner,18.3 kmpl,1197 CC,91.6 bhp,5.0
Mahindra 320d,2013,149000.0,154212.0,Petrol,Individual,Automatic,First Owner,22.9 kmpl,1248 CC,96.7 bhp,7.0
Skoda A4,2024,370000.0,33379.0,Diesel,Individual,Manual,Second Owner,19.0 kmpl,796 CC,51.2 bhp,5.0
Ford Polo,2020,95000.0,80619.0,Petrol,Individual,Manual,Second Owner,14.6 kmpl,796 CC,69.4 bhp,5.0
Mahindra A4,2021,308000.0,49772.0,CNG,Individual,Manual,Third Owner,16.1 kmpl,1968 CC,160.5 bhp,7.0
Maruti Innova,2008,43000.0,228518.0,Petrol,Individual,Automatic,First Owner,23.9 kmpl,1582 CC,118.4 bhp,5.0
Hyundai City,2021,182000.0,87587.0,Diesel,Dealer,Manual,First Owner,24.5 kmpl,1197 CC,87.2 bhp,5.0
Hyundai Rapid,2017,194000.0,117143.0,Petrol,Individual,Automatic,First Owner,10.2 kmpl,1582 CC,124.3 bhp,4.0
Maruti Polo,2008,62000.0,122506.0,Petrol,Individual,Manual,First Owner,20.0 kmpl,1582 CC,141.9 bhp,5.0
Hyundai Nexon,2015,123000.0,154307.0,Diesel,Individual,Manual,Third Owner,14.0 kmpl,1582 CC,99.9 bhp,5.0
Tata Figo,2005,36000.0,129339.0,Diesel,Individual,Manual,Second Owner,23.5 kmpl,1582 CC,133.1 bhp,5.0
Hyundai i20,2015,166000.0,151859.0,Diesel,Individual,Manual,Fourth & Above Owner,,2179 CC,157.5 bhp,5.0
Skoda i20,2004,67000.0,237361.0,Diesel,Individual,Automatic,First Owner,11.4 kmpl,1968 CC,120.4 bhp,7.0
Tata Swift,2009,53000.0,172627.0,Petrol,Individual,Automatic,Second Owner,22.1 kmpl,1582 CC,95.2 bhp,5.0
Ford 320d,2025,330000.0,14484.0,Diesel,Individual,Manual,First Owner,20.4 kmpl,796 CC,52.3 bhp,5.0
Tata Figo,2008,46000.0,95715.0,Diesel,Individual,Manual,Second Owner,23.4 kmpl,1248 CC,103.8 bhp,5.0
Tata XUV,2004,25000.0,120072.0,Diesel,Individual,Automatic,Second Owner,23.9 kmpl,998 CC,85.0 bhp,5.0
Mahindra A4,2007,42000.0,227277.0,Diesel,Individual,Manual,First Owner,14.2 kmpl,1248 CC,107.1 bhp,5.0
Honda A4,2023,360000.0,46012.0,Diesel,Individual,Manual,First Owner,24.1 kmpl,1197 CC,89.8 bhp,4.0
Skoda Polo,2007,65000.0,203534.0,Petrol,Dealer,Automatic,Second Owner,25.9 kmpl,1968 CC,122.7 bhp,5.0
Hyundai XUV,2025,361000.0,19137.0,Diesel,Individual,Manual,Second Owner,17.7 kmpl,1197 CC,92.5 bhp,5.0
BMW Nexon,2005,131000.0,187930.0,Diesel,Individual,Manual,First Owner,16.8 kmpl,1968 CC,131.3 bhp,7.0
Hyundai Swift,2019,179000.0,45865.0,Petrol,Individual,Automatic,First Owner,10.8 kmpl,998 CC,85.4 bhp,5.0
Tata Rapid,2023,233000.0,43690.0,Petrol,Individual,Manual,First Owner,18.3 kmpl,1248 CC,100.9 bhp,5.0
Volkswagen Nexon,2010,47000.0,209378.0,Diesel,Dealer,Manual,First Owner,17.9 kmpl,998 CC,56.8 bhp,5.0
Hyundai A4,2023,314000.0,24388.0,CNG,Individual,Manual,Third Owner,14.6 kmpl,1582 CC,128.3 bhp,4.0
Maruti Nexon,2010,47000.0,241644.0,Petrol,Individual,Manual,First Owner,,1498 CC,127.4 bhp,5.0
Honda Figo,2009,54000.0,213701.0,Diesel,Individual,Manual,First Owner,25.0 kmpl,1582 CC,137.6 bhp,5.0
Hyundai Polo,2008,38000.0,,Petrol,Individual,Automatic,First Owner,12.6 kmpl,998 CC,59.1 bhp,5.0
Volkswagen i20,2012,75000.0,184162.0,Diesel,Individual,Manual,Second Owner,19.3 kmpl,1582 CC,93.3 bhp,4.0
Tata Rapid,2024,804000.0,14522.0,Diesel,Individual,Automatic,First Owner,13.3 kmpl,2179 CC,161.1 bhp,5.0
Hyundai Innova,2022,445000.0,48809.0,Diesel,Individual,Manual,First Owner,,2179 CC,158.9 bhp,5.0
Volkswagen Nexon,2024,350000.0,29523.0,Petrol,Individual,Manual,First Owner,25.3 kmpl,1582 CC,136.7 bhp,5.0
Audi Figo,2007,98000.0,131736.0,Petrol,Dealer,Automatic,Second Owner,23.6 kmpl,796 CC,64.7 bhp,5.0
Maruti Figo,2016,247000.0,102079.0,Diesel,Individual,Automatic,First Owner,16.2 kmpl,2179 CC,134.5 bhp,5.0
Hyundai Rapid,2022,387000.0,49289.0,Diesel,Individual,Automatic,First Owner,12.7 kmpl,1197 CC,101.2 bhp,5.0
Maruti City,2016,104000.0,98943.0,Petrol,Individual,Manual,First Owner,23.6 kmpl,1197 CC,,5.0
Skoda Figo,2008,70000.0,221890.0,Diesel,Dealer,Manual,First Owner,14.0 kmpl,1582 CC,103.4 bhp,5.0
Honda Innova,2007,57000.0,221439.0,Petrol,Individual,Manual,First Owner,16.3 kmpl,2179 CC,148.1 bhp,7.0
Hyundai Swift,2022,327000.0,33611.0,Petrol,Individual,Manual,First Owner,10.5 kmpl,1197 CC,66.7 bhp,5.0
Toyota Polo,2021,333000.0,77030.0,Petrol,Individual,Manual,First Owner,22.1 kmpl,1197 CC,69.5 bhp,7.0
Maruti Figo,2016,149000.0,57540.0,Petrol,Individual,Manual,First Owner,23.4 kmpl,1968 CC,165.3 bhp,7.0
BMW Nexon,2008,223000.0,170221.0,Petrol,Individual,Automatic,First Owner,18.6 kmpl,1498 CC,109.0 bhp,5.0
Toyota Innova,2012,117000.0,87590.0,Diesel,Dealer,Manual,Third Owner,18.5 kmpl,1498 CC,91.3 bhp,5.0
BMW City,2007,100000.0,179618.0,Petrol,Individual,Manual,First Owner,15.2 kmpl,796 CC,67.5 bhp,5.0
Tata Polo,2007,20000.0,243555.0,Petrol,Individual,Manual,Third Owner,18.5 kmpl,1248 CC,73.3 bhp,7.0
Ford Nexon,2007,44000.0,117778.0,Petrol,Individual,Manual,First Owner,10.7 kmpl,1582 CC,103.0 bhp,5.0
Volkswagen Nexon,2011,64000.0,109824.0,Diesel,Individual,Manual,Second Owner,14.5 kmpl,998 CC,62.1 bhp,5.0
Mahindra Figo,2011,78000.0,114579.0,Diesel,Individual,Manual,First Owner,21.5 kmpl,998 CC,70.9 bhp,5.0
Ford Polo,2013,62000.0,73691.0,Petrol,Individual,Manual,First Owner,16.4 kmpl,796 CC,64.5 bhp,7.0
Skoda Rapid,2005,38000.0,134778.0,Petrol,Individual,Automatic,First Owner,18.2 kmpl,998 CC,55.8 bhp,5.0
Volkswagen Rapid,2007,44000.0,165646.0,Petrol,Individual,Automatic,Third Owner,22.6 kmpl,1248 CC,96.0 bhp,5.0
Skoda XUV,2023,476000.0,30647.0,Diesel,Dealer,Manual,First Owner,14.2 kmpl,1248 CC,83.4 bhp,5.0
Hyundai Nexon,2019,113000.0,80323.0,Petrol,Dealer,Manual,Second Owner,22.4 kmpl,796 CC,48.0 bhp,5.0
Tata Swift,2020,244000.0,43825.0,Petrol,Dealer,Manual,First Owner,14.0 kmpl,1582 CC,101.0 bhp,
Maruti City,2016,93000.0,146612.0,Petrol,Individual,Manual,Second Owner,10.2 kmpl,2179 CC,131.0 bhp,7.0
Hyundai Nexon,2019,290000.0,42737.0,Petrol,Dealer,Manual,First Owner,22.2 kmpl,2179 CC,171.4 bhp,5.0
Mahindra A4,2020,318000.0,36094.0,Diesel,Dealer,Manual,Second Owner,14.2 kmpl,1582 CC,91.6 bhp,7.0
Toyota A4,2016,189000.0,92981.0,Diesel,Individual,Manual,Second Owner,12.3 kmpl,1197 CC,102.4 bhp,5.0
Toyota A4,2004,37000.0,227100.0,Diesel,Individual,Manual,Second Owner,21.3 kmpl,1248 CC,105.9 bhp,5.0
Volkswagen Polo,2006,53000.0,265776.0,Diesel,Individual,Manual,First Owner,22.0 kmpl,2179 CC,191.7 bhp,5.0
Volkswagen A4,2021,340000.0,44000.0,Diesel,Individual,Automatic,First Owner,25.3 kmpl,1498 CC,89.8 bhp,5.0
Hyundai Swift,2018,175000.0,63891.0,Diesel,Individual,Manual,First Owner,16.2 kmpl,1197 CC,96.7 bhp,7.0
Mahindra A4,2010,81000.0,167888.0,Diesel,Individual,Manual,First Owner,21.8 kmpl,1248 CC,75.5 bhp,5.0
Hyundai Nexon,2021,187000.0,56015.0,Petrol,Individual,Manual,Third Owner,13.3 kmpl,796 CC,60.6 bhp,5.0
Skoda i20,2011,96000.0,197991.0,Petrol,Individual,Manual,First Owner,,1498 CC,88.9 bhp,5.0
Honda City,2018,163000.0,111718.0,Diesel,Individual,Manual,First Owner,10.6 kmpl,998 CC,89.3 bhp,5.0
Hyundai A4,2020,410000.0,45167.0,Petrol,Dealer,Automatic,First Owner,25.0 kmpl,1968 CC,149.9 bhp,5.0
Honda 320d,2023,393000.0,29906.0,Petrol,Individual,Manual,First Owner,25.4 kmpl,1197 CC,78.8 bhp,
Toyota 320d,2018,260000.0,86150.0,Diesel,Dealer,Automatic,First Owner,11.5 kmpl,796 CC,55.0 bhp,5.0
Tata Innova,2019,237000.0,63248.0,CNG,Individual,Manual,Second Owner,22.9 kmpl,1968 CC,139.2 bhp,7.0
Tata Rapid,2021,221000.0,56234.0,Petrol,Individual,Manual,First Owner,13.5 kmpl,1498 CC,96.8 bhp,7.0
Hyundai Rapid,2025,499000.0,21366.0,Petrol,Individual,Automatic,Second Owner,23.0 kmpl,1968 CC,142.6 bhp,5.0
Tata A4,2009,49000.0,109656.0,Petrol,Individual,Automatic,Second Owner,14.0 kmpl,1498 CC,114.0 bhp,5.0
Toyota Figo,2015,190000.0,156855.0,Petrol,Dealer,Manual,First Owner,22.7 kmpl,1968 CC,126.4 bhp,5.0
Hyundai Nexon,2014,86000.0,144595.0,LPG,Individual,Manual,First Owner,21.0 kmpl,998 CC,86.3 bhp,5.0
Tata A4,2005,26000.0,234318.0,Petrol,Individual,Manual,First Owner,15.5 kmpl,1498 CC,92.2 bhp,7.0
Skoda Rapid,2004,31000.0,327676.0,Petrol,Individual,Automatic,First Owner,20.4 kmpl,1498 CC,98.2 bhp,5.0
BMW Swift,2023,1193000.0,18574.0,Diesel,Individual,Automatic,First Owner,23.7 kmpl,998 CC,60.1 bhp,5.0
Volkswagen City,2008,61000.0,282860.0,Petrol,Individual,Automatic,First Owner,15.4 kmpl,2179 CC,124.6 bhp,5.0
Honda 320d,2023,607000.0,49634.0,Diesel,Individual,Manual,First Owner,25.0 kmpl,2179 CC,166.8 bhp,7.0
Honda Polo,2015,230000.0,102350.0,Petrol,Individual,Manual,First Owner,22.2 kmpl,2179 CC,149.0 bhp,7.0
Honda Innova,2022,214000.0,50767.0,Diesel,Individual,Manual,Second Owner,10.7 kmpl,,54.2 bhp,5.0
Hyundai Innova,2016,109000.0,114726.0,Diesel,Individual,Manual,First Owner,17.8 kmpl,1197 CC,99.7 bhp,4.0
Tata Swift,2024,366000.0,26252.0,Diesel,Individual,Manual,First Owner,17.0 kmpl,1248 CC,77.1 bhp,5.0
Honda A4,2020,225000.0,100194.0,Diesel,Individual,Manual,Second Owner,22.1 kmpl,1197 CC,83.1 bhp,5.0
Hyundai Rapid,2022,276000.0,65367.0,Diesel,Individual,Manual,First Owner,14.3 kmpl,1582 CC,127.1 bhp,7.0
Skoda Polo,2024,590000.0,23359.0,Petrol,Individual,Manual,First Owner,16.9 kmpl,2179 CC,190.8 bhp,5.0
Maruti Swift,2008,54000.0,201292.0,Petrol,Individual,Manual,First Owner,10.1 kmpl,2179 CC,166.5 bhp,5.0
BMW Polo,2009,194000.0,160332.0,Diesel,Individual,Manual,Second Owner,16.0 kmpl,2179 CC,188.0 bhp,4.0
Tata Figo,2019,309000.0,47644.0,Diesel,Dealer,Manual,First Owner,10.6 kmpl,1582 CC,89.1 bhp,5.0
Volkswagen Nexon,2007,25000.0,227268.0,Petrol,Dealer,Manual,Second Owner,14.7 kmpl,998 CC,74.1 bhp,4.0
Mahindra A4,2015,181000.0,96940.0,Diesel,Individual,Manual,First Owner,13.9 kmpl,1968 CC,151.5 bhp,7.0
Toyota Innova,2012,154000.0,135885.0,Petrol,Dealer,Manual,First Owner,14.3 kmpl,2179 CC,,5.0
Volkswagen Polo,2004,20000.0,240971.0,Diesel,Individual,Manual,Third Owner,10.7 kmpl,1498 CC,117.4 bhp,5.0
Honda Innova,2017,155000.0,69063.0,Petrol,Dealer,Manual,First Owner,21.8 kmpl,1197 CC,84.9 bhp,7.0
Tata Swift,2016,165000.0,75281.0,Petrol,Individual,Manual,First Owner,20.9 kmpl,1968 CC,125.6 bhp,5.0
Skoda Rapid,2005,25000.0,310587.0,Petrol,Individual,Manual,First Owner,12.8 kmpl,1498 CC,95.2 bhp,5.0
Volkswagen Innova,2008,114000.0,,Diesel,Individual,Automatic,First Owner,14.1 kmpl,2179 CC,149.3 bhp,5.0
Tata Polo,2012,50000.0,135220.0,Diesel,Dealer,Manual,Second Owner,12.9 kmpl,796 CC,62.1 bhp,5.0
Volkswagen XUV,2008,62000.0,241333.0,Diesel,Dealer,Automatic,First Owner,25.8 kmpl,1968 CC,120.2 bhp,5.0
Toyota Figo,2023,362000.0,45096.0,Petrol,Individual,Manual,First Owner,11.8 kmpl,796 CC,59.3 bhp,7.0
Mahindra Swift,2024,328000.0,47790.0,Petrol,Individual,Manual,Second Owner,12.2 kmpl,998 CC,59.5 bhp,5.0
Ford Rapid,2019,157000.0,100710.0,Diesel,Individual,Manual,First Owner,18.4 kmpl,1197 CC,,5.0
BMW Nexon,2023,729000.0,21032.0,Petrol,Individual,Manual,First Owner,19.6 kmpl,796 CC,68.0 bhp,5.0
Maruti A4,2017,138000.0,108981.0,Diesel,Dealer,Manual,Third Owner,24.2 kmpl,1498 CC,130.5 bhp,7.0
Maruti Polo,2014,82000.0,120776.0,Petrol,Dealer,Manual,First Owner,23.5 kmpl,998 CC,68.8 bhp,4.0
Hyundai 320d,2015,130000.0,130970.0,Petrol,Individual,Automatic,First Owner,11.5 kmpl,1498 CC,123.4 bhp,5.0
Skoda Nexon,2024,654000.0,46023.0,Diesel,Trustmark Dealer,Manual,First Owner,21.5 kmpl,1582 CC,128.7 bhp,7.0
Hyundai i20,2007,50000.0,280769.0,Diesel,Individual,Automatic,Second Owner,22.5 kmpl,1968 CC,121.8 bhp,5.0
Tata Rapid,2018,122000.0,133887.0,Petrol,Individual,Manual,First Owner,14.0 kmpl,1248 CC,101.7 bhp,4.0
Hyundai Rapid,2009,62000.0,136206.0,Diesel,Individual,Automatic,First Owner,23.5 kmpl,1197 CC,84.7 bhp,5.0
Maruti Rapid,2004,25000.0,121782.0,Petrol,Individual,Manual,First Owner,25.2 kmpl,1498 CC,109.5 bhp,5.0
Maruti Rapid,2025,361000.0,13759.0,Diesel,Dealer,Manual,First Owner,13.6 kmpl,796 CC,61.1 bhp,7.0
Hyundai Nexon,2024,317000.0,24180.0,Petrol,Individual,Manual,First Owner,24.5 kmpl,998 CC,86.0 bhp,7.0
Ford Rapid,2008,54000.0,251703.0,Diesel,Individual,Manual,First Owner,14.5 kmpl,1968 CC,138.9 bhp,5.0
Maruti City,2016,121000.0,117570.0,Petrol,Individual,Manual,Second Owner,12.3 kmpl,1968 CC,143.5 bhp,5.0
Maruti Polo,2016,173000.0,66535.0,Petrol,Dealer,Automatic,First Owner,23.4 kmpl,1582 CC,120.2 bhp,7.0
Maruti Nexon,2021,260000.0,33796.0,Diesel,Individual,Manual,Second Owner,15.6 kmpl,1498 CC,123.2 bhp,5.0
Volkswagen Rapid,2013,146000.0,70519.0, petrol ,Individual,Automatic,First Owner,,1582 CC,106.7 bhp,5.0
Skoda City,2025,520000.0,19107.0,Petrol,Dealer,Manual,First Owner,14.9 kmpl,2179 CC,195.4 bhp,5.0
Mahindra XUV,2005,83000.0,114576.0,Petrol,Individual,Automatic,First Owner,23.6 kmpl,2179 CC,,4.0
Ford 320d,2013,82000.0,185355.0,Diesel,Individual,Automatic,Third Owner,22.8 kmpl,1582 CC,120.4 bhp,5.0
Toyota i20,2017,244000.0,124658.0,Diesel,Individual,Manual,First Owner,,1968 CC,135.9 bhp,5.0
Tata City,2021,198000.0,38712.0,Petrol,Individual,Manual,Second Owner,17.1 kmpl,1498 CC,103.2 bhp,5.0
Honda Innova,2013,84000.0,157638.0,Petrol,Individual,Manual,Third Owner,24.9 kmpl,1248 CC,109.7 bhp,7.0
Maruti Rapid,2023,187000.0,30943.0,Diesel,Individual,Manual,Second Owner,10.4 kmpl,796 CC,71.5 bhp,
Honda Polo,2021,210000.0,78518.0,Petrol,Individual,Manual,First Owner,18.7 kmpl,998 CC,78.2 bhp,5.0
Tata 320d,2012,64000.0,123406.0,Diesel,Individual,Manual,First Owner,20.6 kmpl,998 CC,63.9 bhp,5.0
Ford Figo,2005,28000.0,123499.0,Petrol,Individual,Manual,Third Owner,17.0 kmpl,1248 CC,88.9 bhp,5.0
Volkswagen Figo,2010,112000.0,165306.0,Diesel,Individual,Manual,First Owner,15.0 kmpl,2179 CC,127.0 bhp,5.0
Toyota Innova,2006,46000.0,180750.0,Petrol,Individual,Manual,First Owner,22.2 kmpl,1498 CC,127.5 bhp,5.0
Toyota Swift,2011,138000.0,199564.0,Diesel,Individual,Manual,First Owner,21.5 kmpl,2179 CC,160.8 bhp,5.0
Ford XUV,2006,31000.0,158311.0,Diesel,Individual,Manual,First Owner,18.9 kmpl,998 CC,83.0 bhp,7.0
Ford 320d,2015,124000.0,128261.0,Petrol,Individual,Manual,First Owner,20.6 kmpl,1968 CC,162.3 bhp,5.0
Hyundai A4,2008,61000.0,174696.0,Diesel,Individual,Automatic,First Owner,11.0 kmpl,1197 CC,97.2 bhp,5.0
Mahindra Nexon,2022,411000.0,61170.0,Diesel,Individual,Manual,First Owner,20.8 kmpl,1498 CC,131.2 bhp,5.0
Hyundai Polo,2025,706000.0,12444.0,Petrol,Individual,Automatic,First Owner,13.2 kmpl,1968 CC,157.7 bhp,5.0
Mahindra Innova,2018,320000.0,112426.0,Diesel,Individual,Manual,First Owner,20.5 kmpl,1968 CC,169.9 bhp,7.0
Maruti Figo,2021,242000.0,74556.0,Petrol,Individual,Manual,First Owner,22.6 kmpl,1498 CC,84.2 bhp,5.0
Ford Swift,2025,459000.0,12096.0,Petrol,Individual,Manual,Second Owner,21.9 kmpl,1968 CC,167.8 bhp,5.0
Ford Figo,2022,369000.0,30621.0,Petrol,Individual,Manual,First Owner,24.6 kmpl,1968 CC,124.7 bhp,4.0
Audi Nexon,2010,242000.0,95487.0,Diesel,Individual,Manual,First Owner,25.0 kmpl,1248 CC,110.0 bhp,4.0
Mahindra Polo,2022,227000.0,42475.0,Diesel,Individual,Manual,Second Owner,21.3 kmpl,1248 CC,84.2 bhp,5.0
Ford City,2009,28000.0,153036.0,Petrol,Individual,Manual,First Owner,24.8 kmpl,796 CC,67.6 bhp,5.0
Maruti Rapid,2015,125000.0,62861.0,Diesel,Dealer,Manual,First Owner,19.6 kmpl,1197 CC,94.0 bhp,5.0
Hyundai Innova,2011,110000.0,211989.0,Diesel,Individual,Automatic,First Owner,25.1 kmpl,1582 CC,139.0 bhp,5.0
Toyota Figo,2025,796000.0,15043.0,Diesel,Individual,Manual,First Owner,22.4 kmpl,1582 CC,132.7 bhp,5.0
Hyundai City,2007,47000.0,149622.0,Petrol,Individual,Automatic,Third Owner,15.8 kmpl,1248 CC,83.7 bhp,5.0
Tata 320d,2005,25000.0,181673.0,Diesel,Individual,Manual,First Owner,13.1 kmpl,998 CC,79.7 bhp,5.0
Tata Innova,2004,30000.0,339960.0,Diesel,Individual,Automatic,First Owner,22.3 kmpl,1968 CC,141.8 bhp,5.0
Hyundai Nexon,2005,41000.0,184441.0,Diesel,Individual,Manual,First Owner,18.7 kmpl,1498 CC,130.1 bhp,7.0
Honda City,2015,193000.0,76989.0,Diesel,Dealer,Automatic,First Owner,18.7 kmpl,1582 CC,132.2 bhp,5.0
Skoda i20,2023,493000.0,27520.0,Diesel,Dealer,Manual,Third Owner,16.2 kmpl,2179 CC,186.9 bhp,5.0
Skoda 320d,2022,700000.0,28149.0,Petrol,Individual,Automatic,First Owner,25.1 kmpl,,161.1 bhp,5.0
Toyota 320d,2016,142000.0,146065.0,Petrol,Individual,Manual,First Owner,17.9 kmpl,1197 CC,78.1 bhp,5.0
Volkswagen Innova,2014,139000.0,160861.0,CNG,Trustmark Dealer,Manual,Second Owner,20.2 kmpl,2179 CC,160.2 bhp,5.0
Mahindra Nexon,2019,194000.0,77673.0,Petrol,Trustmark Dealer,Manual,Fourth & Above Owner,19.0 kmpl,1582 CC,103.1 bhp,5.0
Honda 320d,2019,324000.0,118596.0,Diesel,Individual,Automatic,First Owner,17.8 kmpl,1248 CC,94.4 bhp,7.0
Honda XUV,2023,342000.0,23463.0,Petrol,Individual,Manual,First Owner,15.9 kmpl,1197 CC,96.8 bhp,5.0
Mahindra i20,2006,56000.0,155429.0,Petrol,Individual,Manual,First Owner,14.0 kmpl,2179 CC,167.1 bhp,5.0
Hyundai Swift,2025,698000.0,12993.0,Diesel,Individual,Manual,Second Owner,16.9 kmpl,2179 CC,139.5 bhp,5.0
Honda XUV,2023,676000.0,47187.0,Diesel,Individual,Manual,First Owner,15.6 kmpl,2179 CC,123.6 bhp,5.0
Honda A4,2015,116000.0,134063.0,Petrol,Individual,Manual,First Owner,10.8 kmpl,1248 CC,98.0 bhp,4.0
Tata i20,2015,145000.0,137576.0,Petrol,Individual,Automatic,Second Owner,20.4 kmpl,,118.9 bhp,5.0
Maruti Figo,2019,158000.0,78379.0,Petrol,Individual,Manual,First Owner,15.2 kmpl,1248 CC,74.2 bhp,5.0
Hyundai Innova,2024,388000.0,27542.0,Petrol,Individual,Manual,First Owner,22.4 kmpl,1197 CC,66.6 bhp,5.0
Hyundai Swift,2018,96000.0,126337.0,Diesel,Individual,Manual,Second Owner,20.5 kmpl,796 CC,61.5 bhp,5.0
Hyundai Rapid,2018,226000.0,64252.0,Petrol,Dealer,Automatic,First Owner,22.0 kmpl,1248 CC,,5.0
Hyundai i20,2022,209000.0,31865.0,Petrol,Individual,Manual,Second Owner,10.3 kmpl,1248 CC,93.1 bhp,5.0
Volkswagen Rapid,2015,94000.0,78774.0,Petrol,Individual,Manual,Second Owner,20.6 kmpl,1248 CC,110.3 bhp,5.0
Hyundai A4,2022,262000.0,62972.0,Diesel,Dealer,Manual,Second Owner,16.5 kmpl,1498 CC,99.4 bhp,7.0
Maruti Rapid,2018,158000.0,117551.0,Petrol,Individual,Manual,First Owner,12.3 kmpl,1968 CC,111.5 bhp,5.0
Hyundai i20,2021,215000.0,61011.0,Diesel,Individual,Manual,First Owner,23.9 kmpl,1248 CC,,4.0
Tata XUV,2012,108000.0,107459.0,Diesel,Individual,Manual,First Owner,10.7 kmpl,2179 CC,184.2 bhp,5.0
Toyota Rapid,2012,67000.0,147714.0,Petrol,Dealer,Manual,First Owner,13.9 kmpl,796 CC,59.8 bhp,4.0
Honda A4,2016,104000.0,165264.0,CNG,Trustmark Dealer,Manual,First Owner,15.6 kmpl,796 CC,59.2 bhp,5.0
Tata Innova,2008,47000.0,149533.0,Diesel,Individual,Manual,Third Owner,23.5 kmpl,1582 CC,126.6 bhp,4.0
Volkswagen City,2020,219000.0,53905.0,Diesel,Individual,Manual,First Owner,12.7 kmpl,998 CC,72.8 bhp,5.0
Maruti Swift,2014,57000.0,183941.0,Petrol,Dealer,Manual,Third Owner,20.6 kmpl,998 CC,80.9 bhp,4.0
Honda Swift,2015,90000.0,129612.0,CNG,Individual,Manual,First Owner,17.2 kmpl,796 CC,68.8 bhp,5.0
Mahindra Innova,2017,179000.0,126697.0,CNG,Individual,Manual,Second Owner,17.6 kmpl,1968 CC,155.9 bhp,7.0
Maruti Figo,2006,25000.0,114546.0,Diesel,Individual,Manual,Third Owner,13.1 kmpl,1197 CC,87.2 bhp,5.0
Ford City,2024,392000.0,28960.0,Petrol,Individual,Manual,First Owner,17.9 kmpl,1582 CC,118.5 bhp,5.0
Maruti Rapid,2008,34000.0,133031.0,Diesel,Individual,Manual,Second Owner,10.0 kmpl,1197 CC,106.5 bhp,5.0
Ford City,2022,272000.0,60716.0,Petrol,Individual,Manual,Third Owner,25.9 kmpl,1498 CC,95.5 bhp,5.0
BMW A4,2005,85000.0,187866.0,Diesel,Individual,Manual,Second Owner,21.5 kmpl,796 CC,57.3 bhp,5.0
Honda A4,2022,235000.0,48581.0,Diesel,Individual,Manual,Third Owner,15.8 kmpl,796 CC,49.0 bhp,7.0
Mahindra City,2010,69000.0,117282.0,Petrol,Individual,Manual,First Owner,19.2 kmpl,1582 CC,111.0 bhp,5.0
Maruti A4,2022,226000.0,30518.0,Petrol,Individual,Manual,Second Owner,25.0 kmpl,1582 CC,107.5 bhp,5.0
Audi i20,2024,715000.0,19566.0,Petrol,Individual,Manual,Second Owner,11.1 kmpl,998 CC,71.7 bhp,
Maruti XUV,2011,69000.0,184192.0,Diesel,Individual,Manual,First Owner,11.1 kmpl,1498 CC,85.4 bhp,5.0
Hyundai XUV,2011,63000.0,150909.0,Diesel,Individual,Manual,First Owner,12.1 kmpl,998 CC,76.1 bhp,5.0
Volkswagen Swift,2013,101000.0,109894.0,Diesel,Individual,Manual,Third Owner,18.0 kmpl,2179 CC,192.2 bhp,5.0
Skoda Polo,2009,33000.0,225832.0,Petrol,Individual,Manual,Second Owner,19.2 kmpl,998 CC,57.9 bhp,5.0
Honda Innova,2017,185000.0,118330.0,CNG,Dealer,Automatic,Third Owner,18.1 kmpl,1968 CC,143.8 bhp,5.0
Honda City,2024,324000.0,,Petrol,Individual,Manual,First Owner,14.3 kmpl,1197 CC,69.3 bhp,7.0
Audi Figo,2023,921000.0,31484.0,Petrol,Individual,Manual,Second Owner,24.7 kmpl,1498 CC,85.0 bhp,5.0
Hyundai A4,2017,117000.0,60581.0,Diesel,Individual,Manual,First Owner,22.3 kmpl,796 CC,53.2 bhp,7.0
Maruti Innova,2025,384000.0,17559.0,Petrol,Individual,Manual,Third Owner,,1968 CC,113.4 bhp,7.0
Hyundai A4,2010,57000.0,132433.0,Petrol,Trustmark Dealer,Manual,First Owner,24.9 kmpl,1197 CC,99.5 bhp,5.0
Maruti Figo,2018,147000.0,73081.0,Petrol,Individual,Automatic,First Owner,20.6 kmpl,998 CC,84.7 bhp,5.0
Honda City,2023,371000.0,17846.0,Diesel,Individual,Manual,Second Owner,18.8 kmpl,998 CC,79.3 bhp,5.0
Maruti Innova,2020,234000.0,74491.0,Diesel,Individual,Manual,First Owner,20.9 kmpl,1582 CC,94.0 bhp,4.0
Maruti A4,2005,27000.0,235341.0,Diesel,Individual,Manual,First Owner,17.5 kmpl,1582 CC,101.0 bhp,5.0
Mahindra A4,2016,188000.0,101155.0,Diesel,Individual,Manual,Second Owner,15.2 kmpl,2179 CC,157.4 bhp,5.0
Maruti Nexon,2019,147000.0,108856.0,Diesel,Dealer,Manual,Second Owner,16.8 kmpl,1498 CC,103.6 bhp,5.0
Maruti Rapid,2023,172000.0,34916.0,Petrol,Individual,Manual,Second Owner,15.6 kmpl,998 CC,68.7 bhp,4.0
Volkswagen Figo,2010,66000.0,109718.0,Diesel,Individual,Manual,First Owner,19.0 kmpl,1197 CC,77.1 bhp,5.0
Hyundai Innova,2010,44000.0,211996.0,Petrol,Individual,Manual,First Owner,16.7 kmpl,998 CC,57.1 bhp,5.0
Ford Nexon,2018,176000.0,80687.0,Diesel,Individual,Automatic,First Owner,15.7 kmpl,998 CC,69.2 bhp,5.0
Tata Swift,2024,297000.0,32960.0,Petrol,Individual,Manual,Second Owner,22.9 kmpl,1498 CC,128.8 bhp,7.0
Hyundai Swift,2016,117000.0,102308.0,Diesel,Individual,Manual,Second Owner,10.2 kmpl,1197 CC,69.5 bhp,5.0
Toyota Rapid,2017,330000.0,133640.0,Petrol,Individual,Manual,First Owner,18.0 kmpl,2179 CC,176.6 bhp,5.0
Honda i20,2011,56000.0,238740.0,Petrol,Individual,Manual,First Owner,17.7 kmpl,998 CC,55.6 bhp,5.0
Maruti Swift,2013,123000.0,74766.0,Petrol,Individual,Automatic,First Owner,11.5 kmpl,1968 CC,,5.0
Skoda A4,2008,84000.0,150045.0,Diesel,Trustmark Dealer,Manual,Second Owner,12.2 kmpl,1968 CC,135.1 bhp,5.0
Skoda City,2018,163000.0,87553.0,Petrol,Individual,Manual,Third Owner,14.3 kmpl,1197 CC,90.8 bhp,5.0
Ford Rapid,2014,136000.0,93242.0,Petrol,Dealer,Manual,First Owner,21.2 kmpl,2179 CC,142.9 bhp,5.0
Mahindra Innova,2016,175000.0,101766.0,Petrol,Individual,Automatic,Second Owner,23.0 kmpl,1582 CC,137.3 bhp,5.0
Maruti Polo,2007,42000.0,186196.0,Petrol,Individual,Manual,First Owner,13.8 kmpl,1582 CC,134.5 bhp,5.0
Mahindra 320d,2007,63000.0,156131.0,Petrol,Dealer,Automatic,First Owner,22.1 kmpl,1498 CC,86.2 bhp,4.0
Tata Nexon,2013,140000.0,72378.0,Diesel,Individual,Manual,First Owner,23.1 kmpl,1582 CC,126.8 bhp,5.0
Hyundai XUV,2017,115000.0,133219.0,Diesel,Dealer,Automatic,Third Owner,21.3 kmpl,,50.2 bhp,7.0
BMW Swift,2008,67000.0,177835.0,Petrol,Individual,Manual,Second Owner,18.2 kmpl,796 CC,57.6 bhp,5.0
Mahindra 320d,2009,73000.0,143602.0,Petrol,Individual,Automatic,Second Owner,17.6 kmpl,1968 CC,,
Ford City,2021,279000.0,55066.0,Petrol,Individual,Manual,Third Owner,10.3 kmpl,1968 CC,139.0 bhp,5.0
Mahindra i20,2012,58000.0,202086.0,Diesel,Individual,Automatic,Second Owner,16.7 kmpl,998 CC,79.4 bhp,5.0
Tata 320d,2014,102000.0,118969.0,Diesel,Individual,Manual,Second Owner,10.5 kmpl,2179 CC,152.5 bhp,5.0
Hyundai Nexon,2005,30000.0,312685.0,Diesel,Individual,Manual,First Owner,10.1 kmpl,1582 CC,92.8 bhp,5.0
Skoda A4,2007,65000.0,268423.0,Diesel,Individual,Manual,First Owner,16.8 kmpl,2179 CC,144.8 bhp,5.0
Tata Nexon,2007,48000.0,234941.0,Diesel,Individual,Automatic,First Owner,20.9 kmpl,1582 CC,105.7 bhp,7.0
Honda Swift,2009,72000.0,164489.0,Petrol,Individual,Manual,First Owner,17.4 kmpl,1582 CC,99.6 bhp,5.0
Tata Figo,2020,160000.0,89719.0,Petrol,Individual,Manual,First Owner,22.5 kmpl,1197 CC,67.0 bhp,5.0
Audi Figo,2019,1122000.0,57976.0,Diesel,Individual,Automatic,First Owner,15.6 kmpl,2179 CC,179.5 bhp,7.0
BMW Nexon,2013,359000.0,132829.0,Petrol,Individual,Manual,Fourth & Above Owner,24.4 kmpl,2179 CC,149.5 bhp,5.0
Toyota Swift,2010,116000.0,206218.0,Diesel,Individual,Manual,First Owner,10.5 kmpl,2179 CC,140.9 bhp,5.0
Hyundai XUV,2014,100000.0,180225.0,Diesel,Dealer,Automatic,First Owner,19.5 kmpl,1248 CC,93.5 bhp,4.0
Skoda Nexon,2004,24000.0,172025.0,Diesel,Individual,Manual,Third Owner,10.1 kmpl,796 CC,45.7 bhp,5.0
Mahindra Swift,2019,304000.0,61591.0,Petrol,Individual,Manual,First Owner,16.4 kmpl,2179 CC,130.2 bhp,5.0
Skoda City,2019,230000.0,56011.0,Petrol,Individual,Manual,First Owner,17.6 kmpl,998 CC,56.2 bhp,5.0
Tata City,2011,65000.0,100066.0,Diesel,Individual,Manual,First Owner,21.2 kmpl,998 CC,57.0 bhp,5.0
Hyundai Figo,2024,332000.0,38592.0,Diesel,Individual,Manual,First Owner,18.2 kmpl,998 CC,75.1 bhp,5.0
Honda XUV,2017,181000.0,99404.0,Diesel,Individual,Manual,First Owner,20.8 kmpl,1498 CC,117.1 bhp,5.0
Mahindra i20,2005,44000.0,222861.0,Diesel,Dealer,Manual,First Owner,20.1 kmpl,1968 CC,130.6 bhp,5.0
Maruti XUV,2018,212000.0,69645.0,Diesel,Individual,Manual,First Owner,11.3 kmpl,1248 CC,73.9 bhp,5.0
Hyundai i20,2015,97000.0,161309.0,Petrol,Individual,Automatic,First Owner,19.8 kmpl,1248 CC,87.8 bhp,5.0
Hyundai i20,2020,152000.0,44158.0,Petrol,Individual,Manual,Second Owner,14.0 kmpl,998 CC,73.5 bhp,7.0
Tata Rapid,2008,45000.0,145099.0,Petrol,Individual,Manual,Third Owner,21.4 kmpl,1582 CC,98.8 bhp,5.0
Hyundai City,2021,303000.0,70371.0,Petrol,Individual,Automatic,Second Owner,14.2 kmpl,2179 CC,130.9 bhp,5.0
Tata i20,2012,68000.0,169829.0,Petrol,Individual,Manual,Second Owner,23.8 kmpl,1968 CC,157.0 bhp,5.0
Mahindra 320d,2007,40000.0,271817.0,Diesel,Individual,Automatic,Third Owner,15.6 kmpl,1498 CC,91.6 bhp,5.0
Audi Rapid,2006,142000.0,155150.0,Petrol,Dealer,Automatic,Second Owner,13.4 kmpl,1582 CC,135.4 bhp,4.0
Honda Swift,2020,217000.0,59949.0,Diesel,Individual,Manual,Second Owner,12.7 kmpl,1248 CC,75.5 bhp,7.0
BMW Nexon,2014,319000.0,78400.0,CNG,Individual,Manual,Second Owner,18.6 kmpl,1248 CC,102.9 bhp,5.0
Mahindra Innova,2022,372000.0,48173.0,Petrol,Individual,Automatic,First Owner,10.3 kmpl,1197 CC,92.2 bhp,5.0
Toyota Polo,2017,136000.0,130963.0,Petrol,Individual,Manual,Third Owner,21.0 kmpl,998 CC,57.1 bhp,5.0
Ford A4,2006,26000.0,144761.0,Petrol,Individual,Manual,First Owner,12.2 kmpl,796 CC,53.1 bhp,5.0
Toyota i20,2020,249000.0,91153.0,Petrol,Individual,Manual,First Owner,20.7 kmpl,998 CC,,5.0
Maruti 320d,2014,112000.0,84317.0,Diesel,Dealer,Manual,First Owner,20.0 kmpl,1197 CC,91.6 bhp,5.0
Ford Innova,2023,377000.0,23812.0,Diesel,Individual,Manual,First Owner,18.9 kmpl,1582 CC,105.0 bhp,5.0
Hyundai Figo,2025,380000.0,26711.0,Petrol,Individual,Manual,Second Owner,17.4 kmpl,1248 CC,109.8 bhp,5.0
Skoda Rapid,2021,454000.0,44387.0,Petrol,Dealer,Automatic,First Owner,11.5 kmpl,1582 CC,91.4 bhp,5.0
Hyundai Swift,2010,63000.0,148239.0,Diesel,Individual,Manual,First Owner,24.7 kmpl,1197 CC,104.2 bhp,5.0
Honda A4,2014,109000.0,126240.0,Petrol,Individual,Manual,Second Owner,21.5 kmpl,1968 CC,148.2 bhp,7.0
Maruti 320d,2012,46000.0,205249.0,Diesel,Individual,Manual,First Owner,13.3 kmpl,796 CC,52.3 bhp,5.0
Volkswagen XUV,2013,60000.0,114073.0,Petrol,Individual,Manual,Third Owner,16.0 kmpl,998 CC,57.2 bhp,5.0
Skoda Rapid,2008,59000.0,230625.0,Diesel,Individual,Manual,Second Owner,22.5 kmpl,2179 CC,152.5 bhp,
Honda i20,2018,268000.0,86084.0,Petrol,Individual,Manual,First Owner,16.9 kmpl,2179 CC,170.2 bhp,5.0
Honda XUV,2018,333000.0,62818.0,Diesel,Dealer,Manual,First Owner,15.6 kmpl,1968 CC,151.3 bhp,5.0
Mahindra Nexon,2015,119000.0,91813.0,Petrol,Individual,Manual,First Owner,20.2 kmpl,796 CC,46.7 bhp,5.0
BMW A4,2015,450000.0,91214.0,Petrol,Individual,Manual,First Owner,12.8 kmpl,1582 CC,95.5 bhp,5.0
Mahindra Rapid,2022,208000.0,53002.0,Diesel,Individual,Manual,Second Owner,23.0 kmpl,796 CC,55.9 bhp,7.0
Toyota Innova,2022,472000.0,64731.0,Petrol,Individual,Manual,Second Owner,21.6 kmpl,1968 CC,158.3 bhp,5.0
Maruti XUV,2019,163000.0,66659.0,Petrol,Individual,Manual,Second Owner,22.3 kmpl,1582 CC,121.3 bhp,5.0
Mahindra XUV,2022,363000.0,62687.0,Petrol,Individual,Automatic,First Owner,14.2 kmpl,1582 CC,109.5 bhp,5.0
Volkswagen City,2018,203000.0,58109.0,Petrol,Dealer,Manual,Second Owner,11.7 kmpl,1582 CC,117.1 bhp,5.0
Maruti Innova,2024,441000.0,25149.0,Diesel,Individual,Manual,First Owner,25.4 kmpl,1968 CC,149.5 bhp,5.0
Mahindra City,2012,62000.0,206150.0,Petrol,Individual,Manual,Second Owner,18.6 kmpl,1197 CC,107.4 bhp,7.0
Toyota XUV,2017,282000.0,88809.0,CNG,Individual,Automatic,First Owner,10.3 kmpl,1498 CC,109.0 bhp,5.0
Skoda City,2017,202000.0,85735.0,Diesel,Dealer,Manual,First Owner,21.0 kmpl,1248 CC,68.7 bhp,5.0
Ford Polo,2010,44000.0,174519.0,Diesel,Individual,Manual,Second Owner,14.8 kmpl,1197 CC,66.9 bhp,
Hyundai Innova,2012,59000.0,88900.0,Petrol,Individual,Manual,Second Owner,13.1 kmpl,1197 CC,103.0 bhp,5.0
Skoda Rapid,2016,128000.0,85334.0,Petrol,Individual,Manual,First Owner,12.1 kmpl,1498 CC,97.0 bhp,5.0
Maruti Polo,2023,259000.0,18305.0,Diesel,Individual,Manual,First Owner,22.1 kmpl,,73.1 bhp,5.0
Mahindra i20,2009,105000.0,89689.0,Diesel,Individual,Manual,First Owner,19.4 kmpl,2179 CC,192.4 bhp,4.0
Toyota City,2025,581000.0,19444.0,Diesel,Individual,Manual,Second Owner,24.4 kmpl,1582 CC,90.2 bhp,5.0
Maruti Polo,2010,42000.0,148924.0,Diesel,Individual,Manual,Second Owner,10.9 kmpl,998 CC,64.4 bhp,5.0
Mahindra A4,2022,480000.0,60479.0,Petrol,Individual,Automatic,Second Owner,19.3 kmpl,1968 CC,167.7 bhp,5.0
Ford Swift,2017,136000.0,118414.0,CNG,Dealer,Manual,Second Owner,12.5 kmpl,1968 CC,117.4 bhp,5.0
Hyundai Rapid,2022,199000.0,31144.0,Petrol,Individual,Manual,First Owner,12.5 kmpl,796 CC,54.2 bhp,7.0
Tata Polo,2010,49000.0,202541.0,Petrol,Individual,Manual,Third Owner,13.4 kmpl,2179 CC,156.2 bhp,4.0
Skoda 320d,2019,163000.0,95646.0,Petrol,Individual,Automatic,Second Owner,25.0 kmpl,998 CC,74.7 bhp,5.0
Honda A4,2015,142000.0,84972.0,Diesel,Individual,Manual,First Owner,24.4 kmpl,1582 CC,117.0 bhp,5.0
Honda Nexon,2016,137000.0,99124.0,Petrol,Individual,Automatic,First Owner,16.1 kmpl,998 CC,64.8 bhp,5.0
Hyundai A4,2020,239000.0,67740.0,Diesel,Individual,Manual,First Owner,24.1 kmpl,1248 CC,76.5 bhp,5.0
Hyundai Innova,2011,73000.0,137530.0,Petrol,Individual,Manual,Second Owner,22.8 kmpl,1968 CC,160.6 bhp,5.0
Skoda Figo,2005,32000.0,166079.0,Petrol,Individual,Manual,Second Owner,11.9 kmpl,,129.9 bhp,5.0
Maruti City,2006,52000.0,158004.0,Petrol,Individual,Manual,First Owner,17.0 kmpl,2179 CC,125.7 bhp,5.0
Mahindra A4,2022,444000.0,37147.0,Diesel,Individual,Manual,First Owner,24.0 kmpl,1248 CC,105.1 bhp,5.0
Ford Figo,2013,72000.0,178989.0,Petrol,Individual,Manual,Second Owner,21.8 kmpl,1968 CC,162.3 bhp,5.0
Mahindra Rapid,2016,175000.0,149144.0,Petrol,Individual,Manual,First Owner,23.6 kmpl,1582 CC,132.1 bhp,5.0
Hyundai Rapid,2008,49000.0,,Diesel,Individual,Manual,First Owner,14.9 kmpl,1197 CC,104.0 bhp,5.0
Mahindra XUV,2010,94000.0,209653.0,Diesel,Dealer,Manual,Third Owner,10.1 kmpl,1968 CC,163.6 bhp,7.0
Audi Rapid,2023,1856000.0,22427.0,Diesel,Individual,Automatic,First Owner,22.4 kmpl,2179 CC,190.5 bhp,5.0
Tata Nexon,2007,36000.0,212161.0,Petrol,Individual,Manual,First Owner,20.5 kmpl,1582 CC,131.5 bhp,
Honda A4,2017,101000.0,153329.0,Petrol,Dealer,Manual,First Owner,18.4 kmpl,,97.2 bhp,5.0
BMW Nexon,2016,426000.0,107482.0,Petrol,Individual,Manual,First Owner,24.1 kmpl,1197 CC,95.3 bhp,5.0
Mahindra Polo,2011,101000.0,106799.0,Petrol,Individual,Manual,First Owner,14.4 kmpl,1582 CC,98.1 bhp,5.0
Honda Rapid,2023,444000.0,35630.0,Diesel,Trustmark Dealer,Automatic,First Owner,22.1 kmpl,1248 CC,83.3 bhp,5.0
Hyundai 320d,2022,240000.0,64287.0,Diesel,Individual,Manual,First Owner,17.6 kmpl,998 CC,75.6 bhp,7.0
Volkswagen City,2021,232000.0,88082.0,Diesel,Individual,Manual,First Owner,11.9 kmpl,1197 CC,100.0 bhp,5.0
Honda i20,2019,149000.0,93216.0,Petrol,Dealer,Manual,First Owner,18.1 kmpl,998 CC,63.7 bhp,5.0
Toyota A4,2022,446000.0,25724.0,Petrol,Individual,Manual,First Owner,12.3 kmpl,1248 CC,85.4 bhp,5.0
Maruti A4,2025,231000.0,10426.0,Diesel,Individual,Manual,First Owner,14.1 kmpl,796 CC,56.5 bhp,
Honda Swift,2005,47000.0,265350.0,Diesel,Individual,Manual,First Owner,22.4 kmpl,1968 CC,133.3 bhp,
Maruti Innova,2019,251000.0,88224.0,Diesel,Individual,Manual,First Owner,25.1 kmpl,1968 CC,152.3 bhp,7.0
Mahindra City,2013,83000.0,92187.0,Petrol,Individual,Manual,First Owner,25.2 kmpl,796 CC,45.3 bhp,5.0
Maruti Innova,2020,109000.0,78965.0,Petrol,Dealer,Manual,First Owner,20.9 kmpl,796 CC,50.5 bhp,5.0
Skoda Rapid,2015,241000.0,101939.0,Diesel,Individual,Automatic,Fourth & Above Owner,25.2 kmpl,1968 CC,163.5 bhp,5.0
Skoda Innova,2008,64000.0,272333.0,Petrol,Individual,Automatic,First Owner,19.5 kmpl,1968 CC,146.1 bhp,5.0
Maruti Nexon,2006,39000.0,270265.0,Diesel,Dealer,Manual,First Owner,19.8 kmpl,1968 CC,146.3 bhp,5.0
Hyundai Polo,2023,337000.0,36606.0,Diesel,Dealer,Manual,First Owner,11.7 kmpl,998 CC,80.5 bhp,5.0
Volkswagen Innova,2012,70000.0,206894.0,Diesel,Individual,Automatic,Third Owner,20.2 kmpl,1248 CC,112.3 bhp,5.0
Mahindra Rapid,2025,535000.0,25680.0,Diesel,Individual,Manual,Second Owner,20.1 kmpl,1498 CC,121.0 bhp,5.0
Hyundai i20,2017,192000.0,109436.0,Petrol,Individual,Automatic,Third Owner,24.5 kmpl,1968 CC,117.8 bhp,5.0
Skoda A4,2025,398000.0,19973.0,Petrol,Individual,Manual,Third Owner,18.3 kmpl,1197 CC,82.5 bhp,5.0
Maruti Polo,2005,33000.0,131760.0,Diesel,Individual,Automatic,First Owner,18.9 kmpl,998 CC,66.9 bhp,5.0
Hyundai City,2006,34000.0,132997.0,Diesel,Individual,Manual,First Owner,18.8 kmpl,,83.5 bhp,5.0
Toyota Figo,2006,42000.0,305072.0,Petrol,Individual,Automatic,Third Owner,23.4 kmpl,1498 CC,87.7 bhp,7.0
Maruti Figo,2015,94000.0,131858.0,Petrol,Individual,Manual,Second Owner,16.9 kmpl,1968 CC,130.0 bhp,5.0
Maruti Innova,2011,54000.0,232061.0,Diesel,Individual,Manual,First Owner,20.6 kmpl,1197 CC,106.9 bhp,5.0
Hyundai Nexon,2007,31000.0,267503.0,Petrol,Individual,Manual,First Owner,23.1 kmpl,1498 CC,99.2 bhp,5.0
Hyundai Swift,2014,130000.0,163953.0,Petrol,Individual,Manual,First Owner,24.9 kmpl,2179 CC,156.7 bhp,5.0
Maruti XUV,2025,396000.0,15372.0,Diesel,Individual,Manual,First Owner,24.3 kmpl,1197 CC,76.2 bhp,5.0
Toyota XUV,2011,105000.0,166687.0,Diesel,Individual,Automatic,First Owner,13.9 kmpl,998 CC,84.5 bhp,5.0
Maruti Figo,2019,182000.0,99199.0,Petrol,Individual,Manual,First Owner,11.8 kmpl,1968 CC,155.2 bhp,5.0
Mahindra XUV,2022,408000.0,39590.0,Petrol,Dealer,Manual,First Owner,15.6 kmpl,1968 CC,161.0 bhp,7.0
Mahindra Polo,2023,593000.0,47610.0,Petrol,Individual,Manual,First Owner,13.0 kmpl,2179 CC,141.8 bhp,4.0
Tata Innova,2007,39000.0,140946.0,Petrol,Individual,Manual,First Owner,21.0 kmpl,1197 CC,70.2 bhp,4.0
Honda i20,2015,103000.0,113812.0,Petrol,Dealer,Manual,First Owner,16.9 kmpl,796 CC,69.5 bhp,5.0
Maruti Nexon,2015,77000.0,115445.0,Petrol,Individual,Manual,First Owner,24.3 kmpl,1248 CC,77.9 bhp,5.0
Maruti Innova,2016,96000.0,82462.0,Diesel,Individual,Manual,First Owner,15.7 kmpl,796 CC,65.0 bhp,5.0
Mahindra XUV,2018,363000.0,46600.0,Petrol,Individual,Manual,First Owner,22.5 kmpl,2179 CC,141.4 bhp,5.0
Honda Swift,2004,45000.0,210729.0,Diesel,Individual,Manual,First Owner,19.5 kmpl,1498 CC,119.3 bhp,5.0
Hyundai Polo,2006,42000.0,229010.0,Diesel,Dealer,Automatic,First Owner,19.7 kmpl,1197 CC,96.5 bhp,5.0
Toyota Nexon,2017,231000.0,128018.0,Diesel,Individual,Manual,First Owner,12.0 kmpl,1498 CC,132.4 bhp,5.0
Maruti Rapid,2009,46000.0,207789.0,Diesel,Individual,Manual,Second Owner,11.5 kmpl,1582 CC,118.6 bhp,7.0
Ford City,2019,169000.0,60201.0,Diesel,Individual,Automatic,First Owner,16.3 kmpl,796 CC,69.8 bhp,5.0
Skoda City,2010,118000.0,164784.0,Petrol,Individual,Automatic,First Owner,15.9 kmpl,2179 CC,170.1 bhp,7.0
Skoda Innova,2006,81000.0,119736.0,Diesel,Individual,Manual,First Owner,22.5 kmpl,2179 CC,161.0 bhp,7.0
Ford Nexon,2010,48000.0,147539.0,Petrol,Dealer,Automatic,First Owner,,796 CC,58.3 bhp,5.0
Tata A4,2007,25000.0,161009.0,Petrol,Individual,Manual,First Owner,17.9 kmpl,796 CC,67.5 bhp,5.0
Tata i20,2016,175000.0,139245.0,Diesel,Individual,Automatic,First Owner,15.9 kmpl,1498 CC,105.6 bhp,5.0
Tata Figo,2007,33000.0,139433.0,Petrol,Individual,Manual,First Owner,16.5 kmpl,998 CC,78.2 bhp,5.0
Volkswagen i20,2017,116000.0,52520.0,Diesel,Individual,Manual,Second Owner,23.3 kmpl,796 CC,50.5 bhp,5.0
Maruti i20,2017,140000.0,78497.0,Diesel,Individual,Automatic,Third Owner,22.5 kmpl,1197 CC,,5.0
Hyundai A4,2004,23000.0,310256.0,Diesel,Individual,Manual,Second Owner,25.3 kmpl,1582 CC,102.4 bhp,5.0
Tata i20,2020,224000.0,54991.0,Petrol,Individual,Manual,Second Owner,24.3 kmpl,1582 CC,92.5 bhp,5.0
Toyota A4,2005,30000.0,269781.0,Diesel,Individual,Manual,Second Owner,16.7 kmpl,998 CC,72.1 bhp,5.0
Toyota i20,2023,406000.0,48356.0,LPG,Individual,Manual,Second Owner,17.9 kmpl,1197 CC,95.6 bhp,5.0
BMW Innova,2017,618000.0,69424.0,Petrol,Individual,Automatic,First Owner,22.5 kmpl,1582 CC,130.5 bhp,5.0
Tata Polo,2022,232000.0,45884.0,Diesel,Individual,Manual,First Owner,20.8 kmpl,1248 CC,101.3 bhp,5.0
Toyota Figo,2022,724000.0,36327.0,Diesel,Individual,Manual,First Owner,20.0 kmpl,1968 CC,119.6 bhp,5.0
Mahindra XUV,2013,142000.0,82861.0,Petrol,Individual,Manual,First Owner,15.6 kmpl,1498 CC,133.2 bhp,7.0
Audi Innova,2019,790000.0,44407.0,Petrol,Individual,Manual,Third Owner,25.2 kmpl,2179 CC,183.4 bhp,5.0
Honda i20,2008,43000.0,186945.0,Diesel,Dealer,Manual,Second Owner,11.1 kmpl,1498 CC,100.0 bhp,5.0
Toyota Polo,2017,186000.0,84628.0,Petrol,Individual,Manual,First Owner,17.2 kmpl,796 CC,55.9 bhp,5.0
Honda i20,2023,452000.0,32934.0,Diesel,Individual,Manual,First Owner,21.0 kmpl,998 CC,68.7 bhp,5.0
Mahindra Figo,2024,385000.0,36861.0,Petrol,Individual,Manual,First Owner,14.5 kmpl,1498 CC,128.3 bhp,5.0
Audi XUV,2024,1047000.0,44310.0,Petrol,Dealer,Automatic,First Owner,19.0 kmpl,796 CC,53.2 bhp,5.0
Hyundai Swift,2023,564000.0,39315.0,Diesel,Individual,Manual,First Owner,20.1 kmpl,2179 CC,121.2 bhp,5.0
Skoda i20,2017,192000.0,84591.0,Diesel,Individual,Manual,First Owner,10.2 kmpl,1197 CC,96.7 bhp,5.0
Hyundai i20,2022,381000.0,50689.0,Diesel,Individual,Manual,Third Owner,11.0 kmpl,2179 CC,140.6 bhp,7.0
Mahindra XUV,2021,319000.0,73483.0,Petrol,Individual,Manual,Second Owner,21.4 kmpl,1498 CC,108.1 bhp,7.0
Maruti Nexon,2025,634000.0,20987.0,Diesel,Individual,Manual,First Owner,17.9 kmpl,2179 CC,132.2 bhp,5.0
BMW A4,2010,134000.0,242106.0,Diesel,Dealer,Manual,Third Owner,20.6 kmpl,1582 CC,100.9 bhp,5.0
BMW i20,2013,254000.0,177457.0,Petrol,Individual,Manual,First Owner,10.8 kmpl,1582 CC,87.8 bhp,5.0
Volkswagen Innova,2007,27000.0,225466.0,Petrol,Individual,Manual,First Owner,13.7 kmpl,998 CC,87.6 bhp,5.0
Hyundai Figo,2015,96000.0,63133.0,Diesel,Individual,Manual,Second Owner,18.8 kmpl,998 CC,74.7 bhp,5.0
Hyundai A4,2006,38000.0,151528.0,CNG,Individual,Manual,First Owner,18.5 kmpl,1582 CC,134.8 bhp,5.0
Hyundai i20,2011,61000.0,108263.0,Diesel,Dealer,Manual,First Owner,15.2 kmpl,998 CC,76.2 bhp,5.0
Volkswagen Polo,2014,129000.0,90935.0,Diesel,Individual,Manual,First Owner,18.3 kmpl,1498 CC,127.3 bhp,
Mahindra Nexon,2004,35000.0,211587.0,Petrol,Individual,Manual,First Owner,18.5 kmpl,1582 CC,121.3 bhp,7.0
Toyota Rapid,2005,47000.0,281795.0,Diesel,Individual,Manual,First Owner,23.4 kmpl,1498 CC,104.6 bhp,7.0
Toyota Swift,2008,48000.0,133175.0,Diesel,Dealer,Manual,Second Owner,16.9 kmpl,998 CC,,5.0
Maruti 320d,2023,218000.0,39655.0,LPG,Individual,Manual,Third Owner,10.0 kmpl,1498 CC,102.4 bhp,5.0
Hyundai City,2020,442000.0,61821.0,Diesel,Dealer,Automatic,First Owner,24.7 kmpl,2179 CC,182.4 bhp,5.0
Hyundai Nexon,2008,65000.0,187972.0,Diesel,Individual,Automatic,Second Owner,24.1 kmpl,2179 CC,141.2 bhp,5.0
Ford Figo,2016,116000.0,156197.0,Petrol,Individual,Manual,First Owner,22.2 kmpl,1197 CC,92.2 bhp,5.0
Hyundai i20,2022,454000.0,65828.0,Diesel,Dealer,Automatic,First Owner,20.4 kmpl,1582 CC,136.1 bhp,5.0
Mahindra i20,2021,334000.0,42198.0,Petrol,Dealer,Manual,First Owner,,1498 CC,88.5 bhp,5.0
Hyundai A4,2009,44000.0,153677.0,Diesel,Individual,Automatic,First Owner,21.6 kmpl,796 CC,44.4 bhp,5.0
Volkswagen Innova,2018,169000.0,115144.0,Diesel,Individual,Manual,Second Owner,18.5 kmpl,1968 CC,158.0 bhp,5.0
Honda Polo,2014,127000.0,126924.0,CNG,Individual,Manual,First Owner,24.5 kmpl,1498 CC,102.2 bhp,5.0
Hyundai Figo,2012,57000.0,212853.0,Diesel,Individual,Manual,Second Owner,24.0 kmpl,1498 CC,101.6 bhp,4.0
Maruti Polo,2010,47000.0,109068.0,CNG,Individual,Manual,First Owner,14.4 kmpl,1197 CC,94.2 bhp,5.0
Maruti Swift,2024,303000.0,17314.0,Diesel,Individual,Automatic,First Owner,20.2 kmpl,,63.8 bhp,5.0
Maruti Swift,2016,111000.0,109198.0,Diesel,Individual,Manual,First Owner,21.1 kmpl,1248 CC,104.1 bhp,5.0
Skoda Nexon,2012,63000.0,216955.0,Petrol,Individual,Manual,First Owner,14.6 kmpl,,102.7 bhp,7.0
Maruti i20,2008,17000.0,265200.0,Diesel,Individual,Manual,Third Owner,23.9 kmpl,796 CC,69.0 bhp,7.0
Hyundai Rapid,2013,133000.0,73581.0,Petrol,Individual,Automatic,First Owner,13.3 kmpl,1968 CC,166.8 bhp,5.0
Honda Nexon,2020,244000.0,82493.0,Petrol,Dealer,Automatic,Second Owner,15.2 kmpl,1498 CC,83.7 bhp,5.0
Tata Swift,2010,57000.0,134015.0,Diesel,Individual,Manual,First Owner,16.6 kmpl,998 CC,79.5 bhp,5.0
Volkswagen Innova,2025,377000.0,12691.0,Diesel,Individual,Manual,Third Owner,11.6 kmpl,1248 CC,88.8 bhp,5.0
Mahindra Swift,2024,324000.0,27062.0,Petrol,Individual,Manual,First Owner,14.5 kmpl,796 CC,60.2 bhp,5.0
Hyundai Nexon,2016,91000.0,77130.0,Petrol,Dealer,Manual,First Owner,10.8 kmpl,1248 CC,73.6 bhp,5.0
Maruti 320d,2015,108000.0,155662.0,Diesel,Individual,Manual,First Owner,12.6 kmpl,1197 CC,70.6 bhp,5.0
Skoda XUV,2024,452000.0,19009.0,Diesel,Individual,Manual,Second Owner,15.5 kmpl,1498 CC,131.8 bhp,5.0
Maruti XUV,2010,66000.0,141189.0,Diesel,Individual,Automatic,Second Owner,13.0 kmpl,1248 CC,73.0 bhp,5.0
Ford Polo,2007,38000.0,287353.0,Petrol,Dealer,Manual,First Owner,22.1 kmpl,1582 CC,121.3 bhp,5.0
BMW Rapid,2009,254000.0,95598.0,Petrol,Individual,Automatic,First Owner,21.6 kmpl,1197 CC,77.8 bhp,7.0
Volkswagen Polo,2025,487000.0,21018.0,Diesel,Individual,Manual,First Owner,11.4 kmpl,1498 CC,97.8 bhp,5.0
Hyundai Swift,2016,120000.0,143542.0,Petrol,Dealer,Manual,First Owner,13.6 kmpl,1498 CC,97.8 bhp,5.0
Skoda Figo,2016,205000.0,79057.0,Petrol,Individual,Automatic,Second Owner,25.9 kmpl,2179 CC,124.7 bhp,7.0
BMW Figo,2020,845000.0,39033.0,Petrol,Individual,Automatic,First Owner,14.1 kmpl,1197 CC,76.2 bhp,7.0
Maruti 320d,2025,285000.0,18321.0,Petrol,Dealer,Manual,First Owner,11.7 kmpl,1197 CC,81.4 bhp,4.0
Tata City,2017,189000.0,55285.0,Diesel,Dealer,Manual,First Owner,15.6 kmpl,1248 CC,94.5 bhp,5.0
Maruti Nexon,2015,107000.0,113361.0,Petrol,Individual,Automatic,Second Owner,13.7 kmpl,1582 CC,137.6 bhp,5.0
Volkswagen 320d,2005,39000.0,215635.0,Petrol,Individual,Manual,Second Owner,22.1 kmpl,2179 CC,172.2 bhp,5.0
Maruti Polo,2018,173000.0,76033.0,Diesel,Individual,Manual,First Owner,19.7 kmpl,1582 CC,122.7 bhp,5.0
Maruti Innova,2009,50000.0,122083.0,Diesel,Individual,Manual,First Owner,15.7 kmpl,1248 CC,81.7 bhp,5.0
Hyundai i20,2014,139000.0,93039.0,Diesel,Individual,Manual,Third Owner,15.5 kmpl,1582 CC,121.9 bhp,5.0
Hyundai 320d,2005,59000.0,113665.0,Diesel,Individual,Manual,First Owner,13.6 kmpl,1582 CC,96.8 bhp,5.0
Ford City,2011,73000.0,186989.0,Diesel,Individual,Manual,First Owner,23.0 kmpl,1498 CC,116.4 bhp,5.0
Toyota A4,2019,200000.0,91181.0,Diesel,Individual,Manual,First Owner,12.7 kmpl,796 CC,69.2 bhp,5.0
Maruti Polo,2011,36000.0,96993.0,CNG,Individual,Manual,Second Owner,21.8 kmpl,796 CC,48.8 bhp,7.0
Volkswagen i20,2021,260000.0,44458.0,CNG,Individual,Automatic,First Owner,17.8 kmpl,998 CC,69.9 bhp,5.0
Honda City,2025,347000.0,17957.0,Petrol,Individual,Automatic,First Owner,14.8 kmpl,796 CC,45.5 bhp,5.0
Tata City,2007,53000.0,171178.0,Diesel,Individual,Automatic,First Owner,22.3 kmpl,1498 CC,112.9 bhp,5.0
Tata City,2012,71000.0,142389.0,Petrol,Individual,Manual,First Owner,22.7 kmpl,1582 CC,90.0 bhp,5.0
Volkswagen Figo,2018,134000.0,62811.0,Petrol,Individual,Manual,First Owner,17.5 kmpl,998 CC,65.7 bhp,5.0
Tata Polo,2007,20000.0,247181.0,Petrol,Individual,Manual,Third Owner,19.1 kmpl,998 CC,86.1 bhp,7.0
Skoda 320d,2004,34000.0,227093.0,Petrol,Individual,Manual,First Owner,13.9 kmpl,1582 CC,113.2 bhp,5.0
Toyota 320d,2007,93000.0,134419.0,Diesel,Individual,Automatic,First Owner,22.4 kmpl,1197 CC,71.1 bhp,5.0
Toyota Rapid,2007,105000.0,104658.0,Diesel,Individual,Manual,First Owner,18.5 kmpl,1968 CC,149.1 bhp,5.0
Honda i20,2019,262000.0,74154.0,Diesel,Dealer,Automatic,First Owner,22.3 kmpl,998 CC,84.7 bhp,7.0
Tata Polo,2019,169000.0,70609.0, petrol ,Individual,Manual,First Owner,23.2 kmpl,1498 CC,108.0 bhp,5.0
Maruti Rapid,2015,122000.0,127876.0,Petrol,Individual,Manual,First Owner,21.8 kmpl,2179 CC,179.8 bhp,5.0
Hyundai 320d,2016,95000.0,146159.0,Petrol,Individual,Manual,First Owner,20.0 kmpl,1197 CC,77.5 bhp,5.0
Hyundai Polo,2019,247000.0,93726.0,Petrol,Individual,Manual,First Owner,19.4 kmpl,2179 CC,126.9 bhp,5.0
Mahindra Innova,2017,97000.0,,Diesel,Individual,Manual,Third Owner,13.8 kmpl,,66.1 bhp,4.0
Hyundai Innova,2008,30000.0,248874.0,Diesel,Dealer,Manual,Second Owner,25.3 kmpl,1197 CC,97.7 bhp,5.0
Volkswagen 320d,2013,97000.0,201080.0,Petrol,Individual,Automatic,Second Owner,17.4 kmpl,1582 CC,124.7 bhp,5.0
Volkswagen i20,2013,126000.0,95642.0,Diesel,Individual,Manual,First Owner,24.0 kmpl,1582 CC,123.2 bhp,7.0
Mahindra i20,2025,398000.0,12530.0,Petrol,Individual,Manual,First Owner,15.7 kmpl,998 CC,56.6 bhp,5.0
Ford Figo,2024,278000.0,18899.0,Diesel,Dealer,Automatic,Third Owner,25.9 kmpl,796 CC,68.8 bhp,7.0
Skoda Rapid,2022,576000.0,50372.0,Diesel,Individual,Manual,First Owner,16.4 kmpl,2179 CC,140.8 bhp,5.0
Skoda A4,2022,289000.0,75260.0,Diesel,Individual,Manual,Second Owner,23.9 kmpl,1197 CC,97.3 bhp,5.0
Maruti Innova,2021,287000.0,85253.0,Diesel,Individual,Manual,First Owner,22.0 kmpl,1498 CC,98.5 bhp,5.0
Honda Nexon,2015,154000.0,143597.0,Diesel,Individual,Manual,First Owner,16.2 kmpl,1498 CC,127.9 bhp,5.0
Honda i20,2008,36000.0,233176.0,Diesel,Individual,Manual,First Owner,22.1 kmpl,796 CC,65.1 bhp,7.0
Audi Rapid,2018,576000.0,63386.0,Diesel,Individual,Automatic,First Owner,16.2 kmpl,796 CC,69.3 bhp,5.0
Skoda A4,2025,638000.0,21516.0,Petrol,Individual,Manual,First Owner,16.4 kmpl,2179 CC,126.9 bhp,5.0
Honda Innova,2025,457000.0,19345.0,Diesel,Individual,Manual,First Owner,24.4 kmpl,998 CC,64.5 bhp,5.0
Toyota Figo,2009,60000.0,222150.0,Petrol,Individual,Manual,Second Owner,16.9 kmpl,2179 CC,162.6 bhp,5.0
Tata XUV,2009,35000.0,125344.0,Petrol,Dealer,Manual,Second Owner,13.5 kmpl,1197 CC,106.2 bhp,5.0
Tata A4,2007,25000.0,298165.0,Diesel,Individual,Manual,First Owner,,998 CC,70.5 bhp,5.0
BMW Figo,2019,380000.0,78333.0,Petrol,Individual,Manual,First Owner,23.6 kmpl,796 CC,60.8 bhp,5.0
Mahindra A4,2006,44000.0,294445.0,Diesel,Individual,Automatic,First Owner,10.2 kmpl,1248 CC,82.2 bhp,5.0
Tata Innova,2025,433000.0,9925.0,Diesel,Individual,Manual,Second Owner,19.6 kmpl,1582 CC,88.5 bhp,5.0
Skoda Rapid,2016,276000.0,73220.0,Petrol,Dealer,Manual,First Owner,10.6 kmpl,2179 CC,178.7 bhp,5.0
Skoda City,2010,57000.0,221414.0,Petrol,Individual,Automatic,First Owner,22.2 kmpl,998 CC,69.1 bhp,5.0
Maruti Nexon,2023,185000.0,19423.0,Petrol,Individual,Manual,Second Owner,20.1 kmpl,998 CC,88.5 bhp,5.0
Toyota City,2015,146000.0,151052.0,Petrol,Trustmark Dealer,Manual,Third Owner,16.6 kmpl,1968 CC,168.3 bhp,5.0
Toyota A4,2024,543000.0,37555.0,Petrol,Individual,Manual,First Owner,23.1 kmpl,1582 CC,112.7 bhp,5.0
Hyundai Rapid,2021,150000.0,76065.0,Diesel,Dealer,Manual,Second Owner,20.2 kmpl,796 CC,66.8 bhp,
Hyundai XUV,2013,108000.0,123622.0,Diesel,Trustmark Dealer,Automatic,First Owner,21.5 kmpl,1248 CC,70.5 bhp,5.0
Maruti Rapid,2010,48000.0,121398.0,Petrol,Dealer,Manual,Second Owner,17.3 kmpl,1582 CC,128.3 bhp,5.0
Maruti A4,2021,200000.0,55556.0,Petrol,Individual,Manual,Second Owner,21.3 kmpl,1498 CC,89.2 bhp,7.0
BMW 320d,2005,234000.0,,Diesel,Individual,Manual,First Owner,13.3 kmpl,2179 CC,130.0 bhp,7.0
Tata Nexon,2024,274000.0,18781.0,Diesel,Individual,Manual,First Owner,22.6 kmpl,998 CC,85.4 bhp,5.0
Hyundai XUV,2019,178000.0,80668.0,Petrol,Individual,Manual,Second Owner,19.2 kmpl,1582 CC,103.6 bhp,5.0
Maruti Polo,2016,124000.0,134307.0,Petrol,Individual,Manual,First Owner,14.3 kmpl,1582 CC,132.4 bhp,7.0
Hyundai Swift,2018,130000.0,123373.0,Diesel,Individual,Manual,Second Owner,25.1 kmpl,998 CC,86.9 bhp,5.0
Mahindra City,2016,142000.0,59119.0,Petrol,Individual,Manual,First Owner,24.9 kmpl,998 CC,82.8 bhp,5.0
Toyota Nexon,2005,45000.0,298650.0,Diesel,Individual,Manual,Second Owner,25.2 kmpl,1968 CC,143.5 bhp,5.0
Volkswagen i20,2014,140000.0,113235.0,Diesel,Individual,Manual,First Owner,23.4 kmpl,1498 CC,108.8 bhp,7.0
Honda A4,2012,96000.0,81871.0,Diesel,Individual,Manual,First Owner,16.9 kmpl,1248 CC,102.2 bhp,5.0
Maruti Swift,2025,551000.0,18920.0,Diesel,Dealer,Automatic,First Owner,21.6 kmpl,1248 CC,109.5 bhp,5.0
Hyundai 320d,2025,687000.0,29286.0,Diesel,Individual,Manual,First Owner,23.4 kmpl,1968 CC,140.0 bhp,5.0
Hyundai Swift,2025,426000.0,32849.0,Petrol,Individual,Manual,First Owner,22.3 kmpl,1197 CC,82.0 bhp,5.0
Ford 320d,2024,220000.0,32081.0,Petrol,Individual,Manual,Third Owner,11.2 kmpl,1248 CC,92.0 bhp,5.0
Honda Innova,2025,811000.0,18807.0,Diesel,Individual,Manual,First Owner,10.4 kmpl,2179 CC,138.1 bhp,5.0
Hyundai City,2022,257000.0,52937.0,Diesel,Individual,Manual,Second Owner,10.5 kmpl,1197 CC,68.9 bhp,5.0
Mahindra City,2019,236000.0,87530.0,Petrol,Individual,Manual,First Owner,16.9 kmpl,1248 CC,93.8 bhp,5.0
Toyota Rapid,2018,396000.0,63184.0,Petrol,Individual,Automatic,Second Owner,20.7 kmpl,1498 CC,107.9 bhp,5.0
Hyundai Innova,2006,35000.0,277276.0,Petrol,Individual,Manual,First Owner,24.5 kmpl,1968 CC,158.5 bhp,7.0
Tata XUV,2016,147000.0,75381.0,Diesel,Individual,Manual,First Owner,14.2 kmpl,1498 CC,112.4 bhp,5.0
Mahindra Figo,2018,171000.0,71591.0,Diesel,Individual,Manual,Second Owner,25.0 kmpl,998 CC,64.2 bhp,5.0
Hyundai City,2024,676000.0,49551.0,Diesel,Individual,Automatic,First Owner,11.4 kmpl,2179 CC,171.8 bhp,5.0
Tata Polo,2010,22000.0,238763.0,Petrol,Individual,Manual,First Owner,14.0 kmpl,796 CC,66.3 bhp,
Audi Innova,2010,256000.0,94681.0,Petrol,Individual,Manual,First Owner,,2179 CC,170.9 bhp,5.0
Hyundai Rapid,2021,268000.0,55208.0,Petrol,Individual,Manual,First Owner,11.7 kmpl,1582 CC,,5.0
Tata XUV,2005,16000.0,297785.0,Petrol,Dealer,Manual,Second Owner,22.5 kmpl,998 CC,63.8 bhp,7.0
Maruti Polo,2016,95000.0,88231.0,Diesel,Individual,Manual,First Owner,15.8 kmpl,796 CC,50.5 bhp,
Mahindra Innova,2023,438000.0,24887.0,Diesel,Dealer,Automatic,First Owner,19.5 kmpl,1248 CC,84.7 bhp,5.0
Maruti i20,2005,24000.0,256090.0,Diesel,Individual,Manual,First Owner,15.0 kmpl,1248 CC,72.1 bhp,7.0
Tata 320d,2015,151000.0,162097.0,Petrol,Dealer,Manual,First Owner,25.3 kmpl,2179 CC,160.6 bhp,5.0
Mahindra Polo,2024,349000.0,20654.0,Petrol,Trustmark Dealer,Manual,Fourth & Above Owner,11.0 kmpl,998 CC,60.0 bhp,5.0
Ford City,2011,74000.0,177862.0,Petrol,Dealer,Manual,First Owner,15.3 kmpl,1968 CC,117.2 bhp,7.0
Mahindra Figo,2021,338000.0,54790.0,Diesel,Individual,Manual,First Owner,22.2 kmpl,998 CC,72.8 bhp,5.0
Skoda Innova,2007,44000.0,233864.0,Petrol,Individual,Manual,Third Owner,11.8 kmpl,1582 CC,100.9 bhp,5.0
Maruti City,2012,102000.0,110110.0,Diesel,Individual,Manual,First Owner,12.6 kmpl,1498 CC,85.1 bhp,5.0
Volkswagen Swift,2004,29000.0,256570.0,Diesel,Individual,Manual,First Owner,18.6 kmpl,1197 CC,94.7 bhp,5.0
Honda Rapid,2011,64000.0,226552.0,Petrol,Dealer,Manual,First Owner,13.2 kmpl,1248 CC,111.3 bhp,5.0
Maruti XUV,2015,149000.0,108629.0,Diesel,Individual,Manual,First Owner,11.9 kmpl,1582 CC,122.3 bhp,5.0
Hyundai XUV,2017,157000.0,119103.0,Petrol,Trustmark Dealer,Automatic,First Owner,25.0 kmpl,1498 CC,84.4 bhp,7.0
Hyundai 320d,2010,85000.0,125290.0,Petrol,Individual,Automatic,First Owner,15.0 kmpl,1968 CC,154.1 bhp,5.0
Maruti Rapid,2005,25000.0,202054.0,Diesel,Individual,Manual,Second Owner,12.9 kmpl,1498 CC,129.5 bhp,5.0
Maruti Nexon,2014,49000.0,180999.0,LPG,Individual,Manual,First Owner,17.5 kmpl,998 CC,75.4 bhp,5.0
Ford Figo,2024,388000.0,33730.0,Diesel,Individual,Manual,Third Owner,18.2 kmpl,,85.2 bhp,4.0
Maruti Innova,2017,113000.0,110927.0,Petrol,Dealer,Manual,Third Owner,24.6 kmpl,1498 CC,100.8 bhp,5.0
Hyundai Polo,2022,279000.0,61142.0,Petrol,Dealer,Manual,First Owner,22.2 kmpl,1498 CC,92.3 bhp,5.0
Hyundai Swift,2012,51000.0,168015.0,Petrol,Dealer,Manual,Second Owner,12.1 kmpl,998 CC,56.0 bhp,5.0
Honda Innova,2013,77000.0,177148.0,Diesel,Individual,Manual,First Owner,17.6 kmpl,998 CC,63.9 bhp,7.0
Mahindra Nexon,2023,376000.0,40927.0,Diesel,Individual,Automatic,Second Owner,17.7 kmpl,1197 CC,95.3 bhp,5.0
Hyundai Rapid,2004,38000.0,161667.0,Petrol,Individual,Automatic,First Owner,24.6 kmpl,1498 CC,130.4 bhp,5.0
Tata Polo,2014,58000.0,170769.0,Diesel,Individual,Manual,First Owner,21.6 kmpl,796 CC,64.0 bhp,7.0
Maruti i20,2005,22000.0,238727.0,Diesel,Individual,Manual,First Owner,16.7 kmpl,998 CC,60.8 bhp,7.0
Mahindra 320d,2021,336000.0,61265.0,Petrol,Dealer,Manual,First Owner,16.5 kmpl,1582 CC,119.7 bhp,5.0
Hyundai Polo,2020,178000.0,77327.0,Diesel,Individual,Manual,First Owner,13.3 kmpl,796 CC,55.0 bhp,5.0
Audi A4,2024,1414000.0,32553.0,Petrol,Individual,Manual,First Owner,17.1 kmpl,1248 CC,70.8 bhp,5.0
Toyota Polo,2007,46000.0,218983.0,Diesel,Individual,Manual,Third Owner,15.4 kmpl,1248 CC,81.2 bhp,5.0
Toyota Rapid,2022,418000.0,,CNG,Dealer,Manual,First Owner,15.0 kmpl,1248 CC,105.3 bhp,7.0
Hyundai Rapid,2012,115000.0,138418.0,LPG,Individual,Manual,First Owner,19.1 kmpl,2179 CC,122.4 bhp,7.0
Tata 320d,2023,177000.0,30678.0,Petrol,Individual,Manual,Second Owner,15.0 kmpl,796 CC,70.0 bhp,7.0
Hyundai A4,2020,318000.0,45818.0,LPG,Dealer,Manual,Fourth & Above Owner,12.9 kmpl,2179 CC,184.6 bhp,5.0
Hyundai Swift,2015,94000.0,129222.0,Petrol,Individual,Automatic,Third Owner,16.7 kmpl,1248 CC,85.2 bhp,5.0
Honda Polo,2015,63000.0,151764.0,Petrol,Individual,Manual,Third Owner,25.6 kmpl,796 CC,45.6 bhp,5.0
Hyundai Nexon,2016,153000.0,111640.0,Petrol,Dealer,Manual,Third Owner,25.4 kmpl,2179 CC,177.6 bhp,5.0
Tata Rapid,2014,68000.0,145967.0,Petrol,Individual,Automatic,First Owner,15.7 kmpl,796 CC,55.7 bhp,5.0
Honda Swift,2009,79000.0,214679.0,Petrol,Individual,Manual,First Owner,18.9 kmpl,2179 CC,144.8 bhp,7.0
Mahindra 320d,2004,31000.0,303858.0,Diesel,Individual,Manual,First Owner,13.1 kmpl,1968 CC,157.3 bhp,7.0
Hyundai Nexon,2024,527000.0,18463.0,Diesel,Dealer,Manual,Second Owner,25.9 kmpl,1582 CC,88.1 bhp,5.0
Toyota i20,2019,310000.0,96316.0,Diesel,Individual,Manual,First Owner,23.7 kmpl,1498 CC,114.1 bhp,5.0
Hyundai XUV,2016,75000.0,148151.0,Diesel,Individual,Manual,Second Owner,22.0 kmpl,796 CC,63.5 bhp,
Tata Polo,2023,341000.0,,Diesel,Individual,Manual,First Owner,13.9 kmpl,1582 CC,122.8 bhp,5.0
Toyota XUV,2020,302000.0,46058.0,Petrol,Individual,Manual,Second Owner,17.6 kmpl,1248 CC,94.9 bhp,5.0
Maruti Rapid,2011,43000.0,120972.0,Diesel,Individual,Manual,First Owner,19.0 kmpl,796 CC,67.1 bhp,5.0
Honda Figo,2019,281000.0,110910.0,Petrol,Individual,Manual,First Owner,21.0 kmpl,1498 CC,87.7 bhp,7.0
Toyota Nexon,2021,508000.0,31259.0,Diesel,Individual,Manual,Second Owner,22.7 kmpl,2179 CC,160.8 bhp,5.0
Tata Figo,2017,120000.0,103336.0,LPG,Individual,Manual,Second Owner,17.6 kmpl,1197 CC,65.9 bhp,5.0
Tata Figo,2018,201000.0,94775.0,Petrol,Individual,Automatic,First Owner,20.8 kmpl,,90.4 bhp,5.0
Maruti 320d,2012,51000.0,161612.0,LPG,Individual,Manual,First Owner,20.6 kmpl,,104.1 bhp,7.0
Skoda Rapid,2012,74000.0,229268.0,Petrol,Dealer,Manual,First Owner,25.4 kmpl,1498 CC,129.5 bhp,5.0
Ford A4,2012,76000.0,83630.0,Diesel,Individual,Manual,First Owner,11.8 kmpl,998 CC,87.8 bhp,5.0
Volkswagen Polo,2017,167000.0,134818.0,Petrol,Individual,Manual,Second Owner,,1968 CC,135.3 bhp,4.0
Hyundai City,2011,72000.0,83368.0,Petrol,Individual,Manual,Second Owner,24.0 kmpl,1582 CC,111.3 bhp,5.0
Honda Polo,2022,317000.0,68404.0,Petrol,Individual,Manual,Second Owner,16.9 kmpl,1968 CC,145.2 bhp,5.0
Honda A4,2009,43000.0,159377.0,Petrol,Individual,Manual,Second Owner,11.3 kmpl,1248 CC,94.7 bhp,5.0
Tata i20,2007,25000.0,138527.0,Diesel,Trustmark Dealer,Manual,Third Owner,22.4 kmpl,998 CC,63.7 bhp,5.0
Honda Swift,2022,341000.0,35766.0,Petrol,Individual,Manual,Third Owner,17.7 kmpl,1968 CC,150.6 bhp,4.0
Maruti Polo,2012,55000.0,104267.0,Diesel,Individual,Manual,First Owner,16.1 kmpl,998 CC,82.9 bhp,5.0
Maruti XUV,2015,102000.0,143341.0,Petrol,Individual,Manual,First Owner,15.9 kmpl,1582 CC,105.5 bhp,5.0
Tata 320d,2011,38000.0,232714.0,Diesel,Individual,Manual,Second Owner,18.8 kmpl,1248 CC,77.1 bhp,5.0
Toyota XUV,2005,65000.0,147768.0,Diesel,Individual,Manual,Second Owner,15.7 kmpl,1968 CC,175.5 bhp,5.0
Honda i20,2005,46000.0,193045.0,Diesel,Individual,Automatic,First Owner,18.5 kmpl,1248 CC,90.4 bhp,5.0
Maruti i20,2008,33000.0,154280.0,Petrol,Individual,Manual,Second Owner,14.9 kmpl,998 CC,68.5 bhp,5.0
Honda Rapid,2006,46000.0,279149.0,Diesel,Individual,Manual,First Owner,14.5 kmpl,1498 CC,131.4 bhp,5.0
Honda Swift,2018,187000.0,48591.0,Diesel,Trustmark Dealer,Automatic,Second Owner,12.6 kmpl,998 CC,64.9 bhp,7.0
Maruti Figo,2014,82000.0,105204.0,Diesel,Individual,Manual,First Owner,20.4 kmpl,1248 CC,96.3 bhp,7.0
Maruti Polo,2011,62000.0,92583.0,Diesel,Individual,Automatic,Third Owner,16.6 kmpl,1197 CC,83.2 bhp,5.0
Hyundai XUV,2022,351000.0,57955.0,Petrol,Individual,Manual,First Owner,21.1 kmpl,2179 CC,129.2 bhp,5.0
Ford Polo,2009,91000.0,102762.0,Diesel,Dealer,Automatic,First Owner,15.2 kmpl,1498 CC,97.3 bhp,7.0
Skoda Rapid,2005,19000.0,328484.0,Petrol,Individual,Manual,Third Owner,22.3 kmpl,1197 CC,79.8 bhp,5.0
Maruti i20,2005,12000.0,266217.0,Petrol,Individual,Manual,First Owner,19.1 kmpl,,64.9 bhp,5.0
Hyundai i20,2021,198000.0,,Petrol,Dealer,Manual,Third Owner,10.4 kmpl,1248 CC,83.2 bhp,5.0
Maruti Rapid,2022,410000.0,45935.0,Diesel,Individual,Manual,First Owner,20.4 kmpl,2179 CC,167.0 bhp,5.0
Mahindra i20,2006,24000.0,272129.0,Diesel,Individual,Manual,First Owner,13.3 kmpl,796 CC,58.4 bhp,5.0
BMW 320d,2010,204000.0,107892.0,Diesel,Individual,Manual,Second Owner,18.4 kmpl,1197 CC,107.1 bhp,5.0
Honda Polo,2022,381000.0,66954.0,Diesel,Individual,Automatic,Second Owner,16.1 kmpl,1197 CC,99.4 bhp,5.0
Maruti 320d,2020,149000.0,109510.0,Diesel,Individual,Manual,Second Owner,16.5 kmpl,998 CC,58.2 bhp,7.0
Honda Swift,2016,252000.0,123611.0,Petrol,Individual,Automatic,Second Owner,17.9 kmpl,2179 CC,161.9 bhp,7.0
Skoda 320d,2006,58000.0,202904.0,Petrol,Individual,Manual,First Owner,15.7 kmpl,2179 CC,161.5 bhp,5.0
Maruti Nexon,2017,85000.0,64464.0,LPG,Individual,Manual,First Owner,10.5 kmpl,796 CC,67.5 bhp,5.0
Skoda City,2013,65000.0,180277.0,Petrol,Individual,Manual,First Owner,22.6 kmpl,796 CC,46.0 bhp,4.0
Skoda Figo,2020,276000.0,53503.0,Petrol,Individual,Manual,First Owner,12.2 kmpl,998 CC,74.2 bhp,5.0
Volkswagen Rapid,2011,137000.0,100954.0,Diesel,Trustmark Dealer,Manual,First Owner,10.8 kmpl,2179 CC,161.1 bhp,5.0
Volkswagen Figo,2021,205000.0,88386.0,Diesel,Individual,Manual,Second Owner,21.1 kmpl,1248 CC,85.2 bhp,
Volkswagen Innova,2017,208000.0,149333.0,Diesel,Individual,Automatic,First Owner,11.5 kmpl,1582 CC,107.5 bhp,5.0
BMW City,2014,389000.0,94306.0,Diesel,Individual,Manual,First Owner,16.4 kmpl,1197 CC,86.6 bhp,
Ford Figo,2023,315000.0,18381.0,Diesel,Individual,Manual,First Owner,24.5 kmpl,998 CC,,5.0
Toyota Nexon,2008,65000.0,221636.0,Petrol,Individual,Automatic,First Owner,13.8 kmpl,1197 CC,102.6 bhp,
Honda Figo,2025,392000.0,16803.0,Petrol,Individual,Manual,First Owner,22.1 kmpl,796 CC,69.2 bhp,7.0
Toyota City,2016,205000.0,65082.0,Petrol,Individual,Automatic,First Owner,11.0 kmpl,998 CC,69.0 bhp,5.0
Toyota XUV,2024,534000.0,19016.0,Petrol,Individual,Automatic,First Owner,10.8 kmpl,998 CC,79.7 bhp,4.0
Honda Rapid,2006,20000.0,235558.0,Petrol,Individual,Manual,Second Owner,,796 CC,45.4 bhp,4.0
Honda i20,2006,63000.0,125118.0,Petrol,Trustmark Dealer,Manual,First Owner,18.1 kmpl,1968 CC,143.5 bhp,5.0
Maruti Rapid,2017,179000.0,123279.0,Diesel,Individual,Automatic,First Owner,15.5 kmpl,1498 CC,87.3 bhp,5.0
Mahindra A4,2008,40000.0,166932.0,Diesel,Individual,Manual,Second Owner,13.4 kmpl,1582 CC,129.4 bhp,5.0
Honda Innova,2017,193000.0,72563.0,Petrol,Individual,Manual,First Owner,23.2 kmpl,1197 CC,72.0 bhp,5.0
Honda Nexon,2015,134000.0,185007.0,Petrol,Trustmark Dealer,Manual,First Owner,,1498 CC,96.1 bhp,5.0
Maruti XUV,2007,24000.0,137518.0,Petrol,Dealer,Manual,Fourth & Above Owner,24.5 kmpl,998 CC,82.0 bhp,5.0
Hyundai Swift,2018,172000.0,86471.0,Diesel,Individual,Automatic,Second Owner,17.1 kmpl,998 CC,82.1 bhp,5.0
Tata 320d,2005,28000.0,313872.0,Petrol,Individual,Automatic,Second Owner,16.6 kmpl,1968 CC,126.0 bhp,5.0
BMW i20,2023,1285000.0,23941.0,Diesel,Individual,Manual,First Owner,19.2 kmpl,1498 CC,130.1 bhp,5.0
Hyundai City,2017,251000.0,85309.0,Diesel,Individual,Manual,First Owner,10.5 kmpl,1968 CC,166.1 bhp,5.0
Hyundai Polo,2004,21000.0,191267.0,Diesel,Individual,Manual,First Owner,23.3 kmpl,796 CC,53.6 bhp,5.0
Mahindra i20,2007,35000.0,162547.0,Petrol,Individual,Manual,Second Owner,21.4 kmpl,,99.7 bhp,5.0
Toyota 320d,2005,94000.0,210000.0,Diesel,Individual,Automatic,First Owner,10.1 kmpl,2179 CC,186.7 bhp,5.0
Maruti Rapid,2017,97000.0,149694.0,Petrol,Individual,Manual,Second Owner,18.8 kmpl,1582 CC,136.5 bhp,5.0
Audi A4,2010,143000.0,218976.0,Diesel,Individual,Manual,Second Owner,18.9 kmpl,1248 CC,89.9 bhp,5.0
Tata Rapid,2023,309000.0,56992.0,Petrol,Individual,Manual,First Owner,14.4 kmpl,1498 CC,121.1 bhp,5.0
Hyundai Nexon,2013,92000.0,102308.0,Petrol,Individual,Manual,First Owner,15.2 kmpl,1197 CC,79.1 bhp,4.0
Toyota Polo,2012,133000.0,216695.0,Diesel,Dealer,Manual,First Owner,16.2 kmpl,1582 CC,96.8 bhp,7.0
Maruti i20,2019,207000.0,107537.0,Petrol,Individual,Manual,First Owner,11.8 kmpl,2179 CC,144.1 bhp,5.0
Mahindra City,2025,514000.0,14251.0,Diesel,Individual,Manual,First Owner,10.9 kmpl,1248 CC,105.4 bhp,5.0
Audi XUV,2016,402000.0,116823.0,Petrol,Individual,Manual,Third Owner,12.7 kmpl,1498 CC,114.7 bhp,5.0
Maruti Innova,2009,29000.0,180250.0,CNG,Individual,Automatic,Second Owner,13.4 kmpl,796 CC,57.8 bhp,5.0
Volkswagen 320d,2021,282000.0,27795.0,Petrol,Individual,Automatic,Third Owner,25.5 kmpl,1248 CC,97.7 bhp,5.0
Honda Rapid,2009,59000.0,194440.0,Petrol,Individual,Manual,First Owner,15.5 kmpl,1498 CC,87.3 bhp,5.0
Volkswagen Figo,2013,169000.0,144980.0,Diesel,Individual,Manual,First Owner,19.6 kmpl,2179 CC,137.7 bhp,5.0
BMW Swift,2005,93000.0,269974.0,Petrol,Individual,Manual,First Owner,12.3 kmpl,1582 CC,92.2 bhp,5.0
Volkswagen i20,2022,196000.0,53812.0,Petrol,Dealer,Automatic,Third Owner,12.4 kmpl,796 CC,59.3 bhp,5.0
BMW Nexon,2019,787000.0,97575.0,Diesel,Individual,Automatic,Fourth & Above Owner,19.7 kmpl,1498 CC,120.2 bhp,5.0
Maruti Nexon,2008,47000.0,221155.0,Diesel,Individual,Manual,First Owner,16.0 kmpl,1968 CC,112.4 bhp,5.0
Hyundai Nexon,2021,205000.0,41499.0,Petrol,Dealer,Automatic,First Owner,18.1 kmpl,796 CC,47.0 bhp,5.0
Tata 320d,2025,426000.0,20171.0,Diesel,Dealer,Manual,Second Owner,15.3 kmpl,1968 CC,114.5 bhp,4.0
Tata Innova,2018,140000.0,47631.0,Diesel,Individual,Manual,First Owner,22.7 kmpl,998 CC,69.0 bhp,5.0
Maruti Innova,2023,273000.0,26341.0,Petrol,Individual,Manual,First Owner,22.5 kmpl,1498 CC,132.0 bhp,5.0
Maruti Nexon,2004,27000.0,158373.0,Diesel,Dealer,Manual,Third Owner,17.9 kmpl,1582 CC,91.7 bhp,5.0
Maruti Figo,2007,18000.0,293340.0,Diesel,Individual,Manual,Second Owner,11.0 kmpl,1197 CC,78.6 bhp,5.0
Hyundai Figo,2025,392000.0,13269.0,Diesel,Individual,Manual,Second Owner,20.4 kmpl,1248 CC,106.6 bhp,5.0
Tata Swift,2019,235000.0,72682.0,Petrol,Individual,Automatic,Second Owner,17.9 kmpl,1968 CC,146.8 bhp,5.0
Volkswagen i20,2022,168000.0,70282.0,Petrol,Dealer,Manual,Fourth & Above Owner,18.1 kmpl,998 CC,73.9 bhp,5.0
Tata Nexon,2010,53000.0,241351.0,CNG,Individual,Manual,First Owner,19.4 kmpl,1498 CC,92.2 bhp,5.0
Hyundai XUV,2023,249000.0,49572.0,Diesel,Individual,Manual,First Owner,12.1 kmpl,796 CC,70.6 bhp,5.0
Toyota Swift,2007,60000.0,,Diesel,Individual,Manual,First Owner,19.0 kmpl,998 CC,78.5 bhp,5.0
Maruti Rapid,2018,178000.0,94182.0,Diesel,Individual,Manual,First Owner,18.7 kmpl,1582 CC,135.8 bhp,4.0
Mahindra Innova,2015,99000.0,130229.0,Diesel,Individual,Manual,Third Owner,10.1 kmpl,1248 CC,77.9 bhp,5.0
Hyundai Figo,2024,445000.0,32260.0,Diesel,Individual,Manual,First Owner,23.8 kmpl,1498 CC,123.7 bhp,5.0
Skoda City,2006,40000.0,212672.0,Petrol,Trustmark Dealer,Automatic,Second Owner,17.3 kmpl,1582 CC,133.0 bhp,5.0
Honda City,2013,105000.0,124523.0,Diesel,Dealer,Manual,First Owner,17.5 kmpl,998 CC,69.5 bhp,5.0
Mahindra Polo,2007,67000.0,257616.0,Diesel,Individual,Manual,First Owner,22.8 kmpl,2179 CC,125.9 bhp,7.0
Maruti Nexon,2023,300000.0,36557.0,Diesel,Individual,Manual,First Owner,23.5 kmpl,1248 CC,79.8 bhp,5.0
Tata Rapid,2010,25000.0,219929.0,Petrol,Individual,Manual,Second Owner,24.4 kmpl,796 CC,51.1 bhp,5.0
Audi Innova,2004,96000.0,268009.0,Petrol,Dealer,Manual,First Owner,24.7 kmpl,2179 CC,166.3 bhp,
Hyundai Nexon,2011,75000.0,186303.0,Diesel,Dealer,Automatic,First Owner,14.0 kmpl,998 CC,60.6 bhp,7.0
Honda City,2022,227000.0,49510.0, petrol ,Dealer,Manual,Second Owner,22.2 kmpl,998 CC,58.2 bhp,5.0
Hyundai Figo,2016,96000.0,146207.0,Diesel,Individual,Manual,First Owner,24.0 kmpl,796 CC,64.8 bhp,5.0
Audi 320d,2022,881000.0,39243.0,Diesel,Individual,Manual,First Owner,10.4 kmpl,998 CC,79.5 bhp,5.0
Maruti Figo,2014,85000.0,82513.0,Petrol,Dealer,Manual,First Owner,11.6 kmpl,1197 CC,79.2 bhp,5.0
Hyundai Polo,2024,530000.0,17062.0,Petrol,Individual,Automatic,First Owner,25.9 kmpl,1582 CC,133.6 bhp,4.0
Mahindra Polo,2005,32000.0,306122.0,Diesel,Individual,Automatic,First Owner,11.6 kmpl,998 CC,79.2 bhp,5.0
Toyota Swift,2010,132000.0,153890.0,Petrol,Dealer,Manual,First Owner,21.4 kmpl,2179 CC,182.6 bhp,5.0
Mahindra 320d,2006,47000.0,173892.0,CNG,Individual,Manual,Second Owner,12.9 kmpl,1968 CC,163.6 bhp,5.0
Toyota City,2014,113000.0,195570.0,Diesel,Individual,Manual,First Owner,25.7 kmpl,998 CC,85.9 bhp,5.0
Skoda Rapid,2020,216000.0,44478.0,Diesel,Individual,Manual,Second Owner,13.2 kmpl,998 CC,87.4 bhp,7.0
Hyundai 320d,2008,45000.0,174863.0,Petrol,Individual,Manual,First Owner,21.7 kmpl,1498 CC,83.9 bhp,5.0
Toyota A4,2025,613000.0,13374.0,Petrol,Individual,Manual,First Owner,19.3 kmpl,1248 CC,102.6 bhp,5.0
Hyundai City,2006,24000.0,221387.0,Diesel,Individual,Manual,First Owner,14.4 kmpl,796 CC,54.0 bhp,5.0
Toyota 320d,2018,279000.0,117507.0,Petrol,Individual,Manual,First Owner,13.9 kmpl,1197 CC,88.4 bhp,5.0
Honda i20,2012,131000.0,80839.0,Petrol,Individual,Automatic,First Owner,22.3 kmpl,1248 CC,83.4 bhp,5.0
Tata Swift,2007,32000.0,168676.0,Petrol,Individual,Manual,First Owner,11.8 kmpl,1197 CC,95.6 bhp,5.0
BMW Figo,2008,163000.0,287367.0,Petrol,Dealer,Manual,First Owner,23.8 kmpl,1968 CC,123.3 bhp,5.0
Tata Swift,2021,156000.0,33737.0,Petrol,Individual,Manual,First Owner,12.6 kmpl,796 CC,48.4 bhp,7.0
Maruti Swift,2024,290000.0,14822.0,Petrol,Individual,Manual,Second Owner,14.1 kmpl,1968 CC,155.2 bhp,5.0
Maruti Nexon,2009,61000.0,127727.0,Diesel,Individual,Automatic,First Owner,21.5 kmpl,1582 CC,126.4 bhp,7.0
Mahindra XUV,2015,156000.0,141883.0,Diesel,Individual,Manual,Second Owner,21.1 kmpl,2179 CC,174.4 bhp,5.0
Hyundai Innova,2011,99000.0,89970.0,Diesel,Individual,Manual,First Owner,18.4 kmpl,1582 CC,118.0 bhp,5.0
Toyota City,2018,354000.0,47548.0,Petrol,Trustmark Dealer,Manual,First Owner,18.6 kmpl,1968 CC,171.9 bhp,5.0
Honda Figo,2011,61000.0,116760.0,Petrol,Dealer,Manual,Third Owner,14.6 kmpl,1248 CC,80.5 bhp,5.0
Toyota Polo,2014,217000.0,70814.0,Diesel,Individual,Manual,Third Owner,11.8 kmpl,1968 CC,138.0 bhp,5.0
Ford XUV,2008,57000.0,163716.0,Petrol,Individual,Manual,First Owner,22.8 kmpl,1968 CC,161.2 bhp,5.0
Tata Figo,2020,198000.0,62732.0,Diesel,Individual,Manual,First Owner,,1248 CC,81.2 bhp,5.0
Skoda A4,2007,33000.0,219447.0,Petrol,Dealer,Manual,Third Owner,22.5 kmpl,998 CC,89.0 bhp,5.0
BMW Rapid,2004,103000.0,190872.0,Petrol,Individual,Automatic,First Owner,21.9 kmpl,1197 CC,91.4 bhp,7.0
Volkswagen 320d,2008,21000.0,284305.0,Petrol,Dealer,Manual,First Owner,24.6 kmpl,796 CC,64.8 bhp,5.0
Mahindra XUV,2019,186000.0,91413.0,Diesel,Individual,Automatic,First Owner,13.8 kmpl,796 CC,58.5 bhp,5.0
Maruti 320d,2018,152000.0,77183.0,Diesel,Trustmark Dealer,Manual,First Owner,22.1 kmpl,1197 CC,86.3 bhp,5.0
Mahindra XUV,2006,38000.0,255292.0,Petrol,Individual,Manual,First Owner,22.2 kmpl,998 CC,79.5 bhp,7.0
Skoda i20,2022,296000.0,71910.0,Petrol,Individual,Automatic,Second Owner,22.6 kmpl,998 CC,87.6 bhp,5.0
Toyota A4,2012,130000.0,9999999.0,Petrol,Individual,Manual,Third Owner,25.9 kmpl,1968 CC,,5.0
Hyundai Polo,2025,316000.0,23804.0,Petrol,Dealer,Manual,Third Owner,13.3 kmpl,1248 CC,90.4 bhp,5.0
Tata Figo,2012,68000.0,77651.0,Diesel,Dealer,Automatic,First Owner,12.4 kmpl,796 CC,,5.0
Volkswagen XUV,2015,109000.0,,CNG,Individual,Automatic,Second Owner,21.0 kmpl,1498 CC,86.4 bhp,5.0
Honda A4,2022,257000.0,45937.0,Petrol,Dealer,Manual,First Owner,16.1 kmpl,998 CC,66.2 bhp,5.0
Maruti Rapid,2008,37000.0,277786.0,Diesel,Individual,Automatic,First Owner,23.9 kmpl,1248 CC,85.2 bhp,7.0
Ford 320d,2021,333000.0,46327.0,Petrol,Individual,Manual,First Owner,13.0 kmpl,1968 CC,170.8 bhp,5.0
Ford A4,2024,237000.0,40802.0,Petrol,Individual,Manual,Second Owner,15.3 kmpl,1197 CC,69.7 bhp,5.0
Maruti Innova,2008,46000.0,103016.0,Petrol,Individual,Manual,Second Owner,14.5 kmpl,1968 CC,175.8 bhp,5.0
Skoda Innova,2016,182000.0,143686.0,Diesel,Individual,Manual,Third Owner,12.7 kmpl,2179 CC,187.9 bhp,5.0
Hyundai i20,2019,237000.0,67214.0,Diesel,Dealer,Manual,Second Owner,16.8 kmpl,1968 CC,142.0 bhp,7.0
Maruti Swift,2018,209000.0,59464.0,CNG,Individual,Manual,Third Owner,22.1 kmpl,2179 CC,178.6 bhp,5.0
Skoda XUV,2009,43000.0,209692.0,Petrol,Individual,Manual,First Owner,12.4 kmpl,1248 CC,70.8 bhp,5.0
Ford A4,2005,43000.0,234403.0,Diesel,Individual,Manual,First Owner,20.5 kmpl,2179 CC,,5.0
Ford Rapid,2013,67000.0,191421.0,Petrol,Individual,Manual,First Owner,12.7 kmpl,1197 CC,100.3 bhp,5.0
Hyundai Figo,2019,256000.0,64367.0,Petrol,Individual,Manual,First Owner,12.9 kmpl,1498 CC,106.2 bhp,5.0
Mahindra XUV,2014,100000.0,123773.0,Diesel,Individual,Manual,First Owner,12.5 kmpl,796 CC,45.5 bhp,5.0
Honda Nexon,2012,106000.0,,Diesel,Individual,Manual,First Owner,18.0 kmpl,1248 CC,80.3 bhp,5.0
Skoda Nexon,2014,90000.0,135322.0,Diesel,Individual,Manual,Second Owner,10.3 kmpl,796 CC,51.9 bhp,7.0
Tata Polo,2010,54000.0,140115.0,Diesel,Dealer,Manual,Second Owner,13.2 kmpl,1582 CC,124.6 bhp,5.0
BMW Swift,2009,121000.0,204612.0,Diesel,Individual,Manual,Third Owner,18.8 kmpl,1197 CC,94.5 bhp,5.0
Mahindra XUV,2025,556000.0,14438.0,Petrol,Trustmark Dealer,Manual,First Owner,17.6 kmpl,1582 CC,,5.0
BMW Rapid,2015,401000.0,160015.0,Diesel,Individual,Automatic,First Owner,25.5 kmpl,998 CC,75.4 bhp,5.0
Toyota Nexon,2014,121000.0,143022.0,Diesel,Individual,Manual,Fourth & Above Owner,11.0 kmpl,1248 CC,99.6 bhp,5.0
Skoda XUV,2025,861000.0,13989.0,Diesel,Individual,Automatic,First Owner,10.3 kmpl,1498 CC,121.4 bhp,7.0
Maruti Innova,2020,207000.0,72403.0,Diesel,Individual,Manual,First Owner,19.5 kmpl,1197 CC,96.4 bhp,
Skoda XUV,2018,266000.0,,LPG,Individual,Manual,Second Owner,17.1 kmpl,2179 CC,162.6 bhp,5.0
Toyota Rapid,2025,618000.0,33537.0,Petrol,Individual,Manual,Second Owner,16.1 kmpl,1498 CC,125.6 bhp,5.0
Maruti Innova,2016,119000.0,129293.0,Diesel,Individual,Manual,First Owner,18.0 kmpl,1498 CC,125.6 bhp,5.0
Volkswagen City,2012,56000.0,163648.0,Petrol,Individual,Manual,First Owner,16.9 kmpl,998 CC,68.3 bhp,7.0
Volkswagen 320d,2011,74000.0,144166.0,Petrol,Individual,Manual,Second Owner,22.6 kmpl,1197 CC,95.2 bhp,5.0
Toyota Swift,2024,520000.0,24636.0,Diesel,Individual,Manual,First Owner,19.7 kmpl,998 CC,,5.0
Hyundai Swift,2012,101000.0,82778.0,Petrol,Individual,Manual,First Owner,13.8 kmpl,1498 CC,134.7 bhp,5.0
Tata Innova,2020,281000.0,60417.0,Diesel,Individual,Automatic,First Owner,24.4 kmpl,1248 CC,85.2 bhp,5.0
Mahindra Swift,2007,46000.0,286037.0,Diesel,Individual,Manual,First Owner,11.1 kmpl,1582 CC,136.0 bhp,5.0
Hyundai Figo,2012,104000.0,84336.0,Diesel,Dealer,Manual,Third Owner,14.4 kmpl,1582 CC,102.7 bhp,5.0
Volkswagen i20,2015,133000.0,160917.0,Petrol,Individual,Manual,Second Owner,16.9 kmpl,1498 CC,93.2 bhp,5.0
Volkswagen Polo,2024,577000.0,15003.0,Petrol,Individual,Manual,First Owner,15.1 kmpl,1968 CC,117.7 bhp,5.0
Toyota XUV,2011,121000.0,183082.0,Petrol,Dealer,Automatic,Second Owner,23.6 kmpl,2179 CC,130.4 bhp,5.0
Ford A4,2004,38000.0,143031.0,Petrol,Individual,Automatic,Second Owner,14.8 kmpl,2179 CC,156.5 bhp,5.0
Audi Innova,2019,362000.0,101066.0,Diesel,Individual,Manual,First Owner,23.5 kmpl,796 CC,61.6 bhp,5.0
Maruti Innova,2025,456000.0,26140.0,Diesel,Individual,Manual,First Owner,22.3 kmpl,1248 CC,76.3 bhp,5.0
Mahindra Figo,2024,559000.0,39508.0,Petrol,Individual,Manual,Second Owner,17.8 kmpl,2179 CC,148.9 bhp,5.0
Toyota 320d,2018,282000.0,61534.0,CNG,Individual,Manual,First Owner,17.2 kmpl,1968 CC,143.9 bhp,7.0
Toyota City,2017,219000.0,111048.0, petrol ,Individual,Automatic,First Owner,23.7 kmpl,998 CC,84.4 bhp,5.0
Volkswagen Swift,2015,94000.0,157546.0,Petrol,Individual,Manual,Second Owner,15.9 kmpl,1582 CC,110.0 bhp,5.0
Skoda 320d,2025,745000.0,16662.0,Petrol,Individual,Manual,Second Owner,,,131.0 bhp,5.0
Honda Polo,2006,51000.0,210535.0,Diesel,Individual,Manual,First Owner,26.0 kmpl,1968 CC,161.9 bhp,5.0
Maruti Nexon,2016,179000.0,59158.0,Petrol,Individual,Manual,First Owner,24.7 kmpl,1968 CC,112.5 bhp,5.0
Hyundai Rapid,2025,573000.0,25239.0,Petrol,Individual,Automatic,Second Owner,20.3 kmpl,2179 CC,144.5 bhp,5.0
Honda Innova,2007,35000.0,283512.0,Diesel,Individual,Manual,First Owner,18.9 kmpl,1248 CC,84.0 bhp,5.0
Hyundai i20,2014,90000.0,140392.0,Petrol,Individual,Manual,First Owner,17.4 kmpl,1582 CC,121.8 bhp,
Maruti Rapid,2010,80000.0,159435.0,Diesel,Individual,Automatic,First Owner,20.1 kmpl,1968 CC,,7.0
Maruti Rapid,2022,241000.0,34210.0,Petrol,Individual,Manual,Third Owner,10.4 kmpl,1968 CC,152.4 bhp,5.0
BMW City,2012,151000.0,98975.0,LPG,Individual,Manual,Second Owner,23.6 kmpl,998 CC,59.9 bhp,5.0
Maruti i20,2016,123000.0,122366.0,Petrol,Dealer,Automatic,Second Owner,21.1 kmpl,2179 CC,146.4 bhp,5.0
Maruti Figo,2007,22000.0,265707.0,CNG,Dealer,Automatic,Second Owner,13.5 kmpl,1248 CC,85.1 bhp,5.0
Skoda Swift,2008,44000.0,281013.0,Diesel,Individual,Manual,First Owner,20.3 kmpl,1197 CC,107.2 bhp,5.0
Hyundai Polo,2023,299000.0,45298.0,Petrol,Individual,Manual,First Owner,18.2 kmpl,1197 CC,100.0 bhp,5.0
Maruti Nexon,2009,25000.0,262348.0,Petrol,Individual,Manual,Third Owner,25.3 kmpl,1248 CC,74.1 bhp,5.0
Tata Rapid,2009,28000.0,169326.0,LPG,Individual,Automatic,First Owner,13.4 kmpl,796 CC,57.2 bhp,5.0
Hyundai Polo,2024,284000.0,45153.0,Petrol,Individual,Manual,Second Owner,14.8 kmpl,1498 CC,124.3 bhp,5.0
Tata Figo,2025,417000.0,18795.0,Petrol,Individual,Manual,First Owner,21.1 kmpl,1248 CC,78.2 bhp,5.0
Ford City,2023,475000.0,51904.0,Diesel,Individual,Manual,First Owner,16.4 kmpl,2179 CC,183.3 bhp,5.0
Mahindra City,2020,378000.0,69079.0,Diesel,Individual,Automatic,Second Owner,11.0 kmpl,2179 CC,167.5 bhp,5.0
Volkswagen i20,2021,252000.0,50784.0,Petrol,Individual,Manual,First Owner,25.5 kmpl,1248 CC,74.6 bhp,5.0
Audi i20,2020,362000.0,94144.0,Petrol,Individual,Manual,Third Owner,15.2 kmpl,,49.7 bhp,4.0
Honda Figo,2023,296000.0,50644.0,Diesel,Individual,Manual,Third Owner,10.8 kmpl,796 CC,55.0 bhp,5.0
Hyundai Figo,2025,376000.0,25741.0,Diesel,Individual,Manual,Second Owner,11.0 kmpl,998 CC,73.6 bhp,
Maruti 320d,2012,49000.0,87003.0,Petrol,Trustmark Dealer,Manual,First Owner,15.2 kmpl,998 CC,87.1 bhp,5.0
Maruti 320d,2005,49000.0,153826.0,Diesel,Individual,Manual,First Owner,20.9 kmpl,1968 CC,161.2 bhp,5.0
Maruti Innova,2007,51000.0,116110.0,Petrol,Trustmark Dealer,Manual,Second Owner,17.7 kmpl,2179 CC,150.2 bhp,5.0
Tata Nexon,2015,146000.0,62958.0,Diesel,Individual,Manual,Second Owner,21.8 kmpl,2179 CC,195.5 bhp,5.0
Tata 320d,2023,382000.0,53939.0,Petrol,Dealer,Automatic,First Owner,15.6 kmpl,1582 CC,135.0 bhp,5.0
BMW A4,2015,633000.0,106348.0,Diesel,Individual,Manual,First Owner,24.7 kmpl,1968 CC,144.7 bhp,5.0
Maruti 320d,2020,136000.0,86269.0,Petrol,Individual,Manual,Second Owner,21.6 kmpl,1498 CC,119.0 bhp,7.0
Hyundai Innova,2023,575000.0,28289.0,Diesel,Individual,Manual,First Owner,19.5 kmpl,2179 CC,159.4 bhp,5.0
Toyota Polo,2015,183000.0,170315.0,Petrol,Individual,Automatic,First Owner,16.0 kmpl,1248 CC,71.2 bhp,5.0
Skoda A4,2014,90000.0,75695.0,Petrol,Individual,Manual,Second Owner,21.4 kmpl,796 CC,54.8 bhp,5.0
Honda Nexon,2013,114000.0,120205.0,Diesel,Individual,Manual,First Owner,13.8 kmpl,1197 CC,101.4 bhp,7.0
Tata A4,2008,43000.0,209112.0,Diesel,Individual,Manual,First Owner,23.5 kmpl,,133.7 bhp,5.0
Maruti XUV,2007,65000.0,117259.0,Diesel,Individual,Manual,Third Owner,12.3 kmpl,2179 CC,169.3 bhp,5.0
Tata Polo,2017,119000.0,84247.0,Petrol,Dealer,Manual,Second Owner,15.3 kmpl,1248 CC,69.3 bhp,5.0
Maruti Innova,2006,20000.0,248627.0,Petrol,Dealer,Manual,First Owner,10.9 kmpl,998 CC,84.7 bhp,5.0
Skoda XUV,2014,225000.0,71577.0,Diesel,Dealer,Manual,First Owner,14.2 kmpl,2179 CC,192.1 bhp,
Honda A4,2017,139000.0,89220.0,Petrol,Individual,Automatic,Fourth & Above Owner,24.5 kmpl,998 CC,56.9 bhp,5.0
Hyundai A4,2020,334000.0,62216.0,CNG,Individual,Automatic,First Owner,21.7 kmpl,1968 CC,174.1 bhp,5.0
Honda Nexon,2020,220000.0,42069.0,Petrol,Individual,Manual,First Owner,13.8 kmpl,796 CC,61.9 bhp,5.0
Mahindra Figo,2011,84000.0,151570.0,Petrol,Individual,Automatic,First Owner,19.1 kmpl,1582 CC,109.8 bhp,7.0
Mahindra Figo,2024,482000.0,20095.0,CNG,Individual,Automatic,Second Owner,17.6 kmpl,1248 CC,92.1 bhp,5.0
Maruti XUV,2004,12000.0,296525.0,Petrol,Individual,Manual,Second Owner,14.2 kmpl,998 CC,88.2 bhp,5.0
Mahindra i20,2007,68000.0,249275.0,Petrol,Individual,Automatic,First Owner,13.5 kmpl,2179 CC,159.3 bhp,7.0
Maruti Polo,2025,598000.0,10753.0,Diesel,Individual,Manual,First Owner,21.5 kmpl,1968 CC,155.6 bhp,7.0
Honda Innova,2013,150000.0,108285.0,Diesel,Individual,Manual,First Owner,14.4 kmpl,2179 CC,192.7 bhp,5.0
Tata 320d,2010,42000.0,253864.0,Diesel,Individual,Manual,First Owner,14.3 kmpl,1197 CC,105.9 bhp,5.0
Hyundai Polo,2016,146000.0,99996.0,Petrol,Individual,Manual,First Owner,18.4 kmpl,,134.6 bhp,5.0
Maruti Polo,2010,38000.0,124546.0,Petrol,Individual,Manual,First Owner,24.0 kmpl,796 CC,61.3 bhp,5.0
Hyundai Swift,2024,806000.0,35040.0,Diesel,Individual,Automatic,First Owner,10.4 kmpl,2179 CC,135.6 bhp,7.0
Toyota Figo,2009,69000.0,182696.0,Diesel,Individual,Manual,First Owner,25.2 kmpl,1197 CC,77.2 bhp,5.0
Toyota Swift,2014,186000.0,92646.0,Diesel,Dealer,Manual,First Owner,11.9 kmpl,1197 CC,104.7 bhp,5.0
Maruti i20,2006,12000.0,316674.0,Petrol,Individual,Manual,Second Owner,23.2 kmpl,796 CC,57.5 bhp,5.0
Maruti Rapid,2025,354000.0,11724.0,Diesel,Dealer,Manual,First Owner,20.8 kmpl,1248 CC,93.3 bhp,5.0
Maruti Polo,2024,356000.0,28966.0,LPG,Individual,Manual,Third Owner,19.2 kmpl,1582 CC,124.5 bhp,5.0
Hyundai 320d,2019,181000.0,112963.0,Diesel,Individual,Manual,First Owner,10.6 kmpl,1498 CC,,5.0
Volkswagen Innova,2011,46000.0,209005.0,Diesel,Trustmark Dealer,Manual,Fourth & Above Owner,23.0 kmpl,998 CC,,5.0
Toyota Innova,2006,59000.0,293657.0,Petrol,Individual,Manual,First Owner,12.6 kmpl,2179 CC,140.8 bhp,5.0
Toyota City,2024,356000.0,18343.0,Petrol,Individual,Manual,First Owner,25.3 kmpl,796 CC,52.8 bhp,5.0
Honda Nexon,2008,80000.0,199054.0,Diesel,Individual,Manual,First Owner,11.4 kmpl,1968 CC,165.3 bhp,5.0
Tata Innova,2018,287000.0,80113.0,Petrol,Individual,Automatic,First Owner,21.6 kmpl,1968 CC,170.7 bhp,
Hyundai Rapid,2024,295000.0,51507.0,Petrol,Individual,Manual,Second Owner,18.0 kmpl,,109.7 bhp,4.0
Toyota i20,2009,54000.0,165353.0,CNG,Individual,Manual,First Owner,18.5 kmpl,796 CC,58.7 bhp,5.0
BMW Innova,2015,658000.0,116610.0,Petrol,Individual,Automatic,First Owner,22.8 kmpl,2179 CC,165.8 bhp,5.0
Ford i20,2011,99000.0,137027.0,Petrol,Individual,Automatic,First Owner,24.4 kmpl,1968 CC,121.1 bhp,5.0
Mahindra Nexon,2006,21000.0,272905.0,Petrol,Dealer,Manual,Second Owner,20.4 kmpl,998 CC,61.2 bhp,5.0
Honda Figo,2007,23000.0,271271.0,Diesel,Individual,Manual,Second Owner,13.9 kmpl,796 CC,54.5 bhp,5.0
Skoda XUV,2015,84000.0,113131.0,Petrol,Dealer,Manual,Second Owner,17.4 kmpl,796 CC,46.4 bhp,5.0
Hyundai Nexon,2021,313000.0,55669.0,Petrol,Individual,Manual,First Owner,14.7 kmpl,1197 CC,101.6 bhp,5.0
Volkswagen Innova,2023,513000.0,40174.0,Diesel,Dealer,Manual,Second Owner,15.4 kmpl,2179 CC,132.3 bhp,5.0
Maruti XUV,2023,340000.0,52455.0,Diesel,Trustmark Dealer,Automatic,Second Owner,,1498 CC,95.3 bhp,7.0
Maruti Figo,2017,71000.0,137051.0,Petrol,Individual,Manual,First Owner,10.9 kmpl,796 CC,48.0 bhp,5.0
Hyundai A4,2010,43000.0,188252.0,Diesel,Individual,Manual,Second Owner,18.1 kmpl,1248 CC,78.9 bhp,5.0
Mahindra Polo,2022,349000.0,66130.0,Petrol,Individual,Manual,First Owner,15.5 kmpl,1197 CC,105.0 bhp,5.0
BMW A4,2019,689000.0,95370.0,Petrol,Individual,Manual,Second Owner,10.2 kmpl,2179 CC,155.2 bhp,5.0
Maruti Nexon,2017,53000.0,129345.0,CNG,Individual,Manual,Second Owner,15.9 kmpl,796 CC,53.3 bhp,5.0
Mahindra City,2018,192000.0,81005.0,Diesel,Individual,Manual,First Owner,11.4 kmpl,1197 CC,91.9 bhp,5.0
BMW Rapid,2007,93000.0,224885.0,Petrol,Individual,Manual,Second Owner,18.7 kmpl,1197 CC,69.1 bhp,5.0
Hyundai Polo,2012,83000.0,169354.0,Petrol,Individual,Manual,First Owner,23.6 kmpl,1582 CC,95.4 bhp,7.0
Mahindra XUV,2022,473000.0,26806.0,Petrol,Dealer,Manual,First Owner,,2179 CC,195.4 bhp,5.0
Mahindra i20,2006,19000.0,193688.0,CNG,Individual,Manual,Second Owner,23.6 kmpl,796 CC,54.4 bhp,5.0
Hyundai Innova,2004,29000.0,295986.0,Petrol,Individual,Automatic,First Owner,25.4 kmpl,1582 CC,117.3 bhp,5.0
Maruti Figo,2004,19000.0,321034.0,Diesel,Individual,Manual,First Owner,15.8 kmpl,1248 CC,100.6 bhp,5.0
Volkswagen XUV,2010,61000.0,194034.0,Diesel,Individual,Manual,First Owner,25.7 kmpl,998 CC,81.5 bhp,5.0
Tata Nexon,2005,22000.0,276950.0,Petrol,Dealer,Manual,Second Owner,14.4 kmpl,1498 CC,109.2 bhp,5.0
Hyundai City,2004,28000.0,146329.0,Diesel,Dealer,Manual,Third Owner,17.8 kmpl,1197 CC,78.2 bhp,4.0
Audi Nexon,2016,504000.0,75367.0,Petrol,Individual,Manual,First Owner,19.9 kmpl,1968 CC,157.7 bhp,5.0
Honda City,2017,128000.0,142477.0,Diesel,Dealer,Manual,Second Owner,24.4 kmpl,1197 CC,77.4 bhp,5.0
Honda i20,2013,70000.0,124361.0,Petrol,Individual,Manual,First Owner,10.8 kmpl,998 CC,59.7 bhp,5.0
Skoda Innova,2024,635000.0,26639.0,Diesel,Individual,Manual,First Owner,19.3 kmpl,1582 CC,136.7 bhp,5.0
Skoda Rapid,2013,105000.0,211009.0,Petrol,Individual,Manual,First Owner,16.5 kmpl,1968 CC,116.5 bhp,7.0
Tata Figo,2009,38000.0,247777.0,Petrol,Individual,Automatic,First Owner,25.6 kmpl,998 CC,85.3 bhp,5.0
Tata City,2018,190000.0,52866.0,Diesel,Individual,Manual,First Owner,20.6 kmpl,1248 CC,71.9 bhp,5.0
Hyundai Figo,2020,287000.0,87429.0,Diesel,Individual,Manual,First Owner,19.1 kmpl,2179 CC,182.5 bhp,5.0
Skoda Swift,2023,379000.0,26907.0,Petrol,Individual,Manual,First Owner,21.1 kmpl,1582 CC,99.7 bhp,5.0
Ford XUV,2023,320000.0,35270.0,Diesel,Individual,Manual,First Owner,23.1 kmpl,1197 CC,74.5 bhp,5.0
Hyundai Nexon,2013,85000.0,180549.0,Diesel,Individual,Manual,First Owner,15.4 kmpl,1197 CC,99.1 bhp,5.0
Ford City,2011,63000.0,221827.0,Diesel,Individual,Manual,Fourth & Above Owner,24.7 kmpl,1498 CC,126.8 bhp,7.0
Toyota Swift,2022,736000.0,56187.0,Diesel,Individual,Manual,First Owner,21.7 kmpl,2179 CC,190.2 bhp,5.0
Maruti 320d,2008,69000.0,149412.0,Diesel,Dealer,Automatic,First Owner,14.0 kmpl,2179 CC,167.7 bhp,
BMW Polo,2013,401000.0,114371.0,CNG,Individual,Manual,First Owner,13.4 kmpl,1968 CC,126.7 bhp,5.0
Hyundai A4,2019,202000.0,80346.0,Petrol,Individual,Automatic,First Owner,14.0 kmpl,1498 CC,98.6 bhp,7.0
Hyundai Polo,2015,93000.0,126476.0,Diesel,Individual,Manual,First Owner,20.9 kmpl,998 CC,66.5 bhp,5.0
Honda Nexon,2022,463000.0,22147.0,Diesel,Dealer,Manual,Second Owner,10.4 kmpl,2179 CC,143.6 bhp,5.0
Maruti XUV,2012,105000.0,89189.0,Diesel,Individual,Manual,Second Owner,10.5 kmpl,2179 CC,,5.0
Hyundai City,2013,116000.0,94886.0,Petrol,Individual,Manual,Second Owner,17.4 kmpl,2179 CC,167.8 bhp,5.0
Skoda A4,2024,516000.0,30176.0,Diesel,Individual,Automatic,First Owner,18.3 kmpl,998 CC,61.4 bhp,4.0
Ford Innova,2007,46000.0,156945.0,Petrol,Individual,Manual,First Owner,,1968 CC,159.5 bhp,5.0
Honda i20,2009,83000.0,135462.0,Diesel,Individual,Manual,Fourth & Above Owner,16.2 kmpl,2179 CC,138.3 bhp,5.0
Maruti XUV,2011,66000.0,134888.0,Petrol,Individual,Manual,Second Owner,10.8 kmpl,1968 CC,123.7 bhp,4.0
Hyundai Figo,2012,68000.0,196075.0,Diesel,Individual,Manual,First Owner,16.4 kmpl,998 CC,56.4 bhp,5.0
Tata Swift,2005,23000.0,312184.0,Diesel,Individual,Manual,First Owner,16.1 kmpl,1498 CC,122.4 bhp,5.0
Hyundai Innova,2004,31000.0,296813.0,Petrol,Individual,Manual,First Owner,19.8 kmpl,1498 CC,109.7 bhp,5.0
Tata City,2020,244000.0,78564.0,Petrol,Individual,Automatic,First Owner,20.1 kmpl,1582 CC,93.6 bhp,5.0
Volkswagen City,2016,91000.0,141138.0,Petrol,Dealer,Manual,First Owner,21.7 kmpl,796 CC,65.2 bhp,5.0
Tata XUV,2011,36000.0,239055.0,Diesel,Individual,Manual,Second Owner,20.8 kmpl,998 CC,78.4 bhp,5.0
Volkswagen i20,2021,213000.0,56136.0,Diesel,Trustmark Dealer,Manual,Third Owner,24.7 kmpl,998 CC,55.6 bhp,5.0
Volkswagen Figo,2019,294000.0,61074.0, petrol ,Individual,Manual,First Owner,15.3 kmpl,2179 CC,149.0 bhp,5.0
Toyota Innova,2016,338000.0,120513.0,Diesel,Individual,Manual,First Owner,24.4 kmpl,2179 CC,120.8 bhp,5.0
Skoda XUV,2006,31000.0,256814.0,Diesel,Individual,Manual,Third Owner,22.8 kmpl,1498 CC,133.8 bhp,5.0
Toyota Nexon,2011,137000.0,129993.0,Petrol,Individual,Manual,First Owner,11.7 kmpl,2179 CC,122.6 bhp,
Ford i20,2010,39000.0,208284.0,CNG,Individual,Manual,Second Owner,15.0 kmpl,1197 CC,91.3 bhp,5.0
Maruti 320d,2023,181000.0,30971.0,Petrol,Individual,Manual,Second Owner,10.9 kmpl,1248 CC,98.3 bhp,5.0
Toyota 320d,2017,232000.0,96031.0,Petrol,Individual,Manual,First Owner,22.2 kmpl,1498 CC,111.2 bhp,7.0
Hyundai City,2009,62000.0,115102.0,Petrol,Individual,Manual,First Owner,19.9 kmpl,1197 CC,100.6 bhp,5.0
Hyundai Figo,2024,602000.0,27843.0,Petrol,Individual,Manual,First Owner,17.4 kmpl,2179 CC,172.9 bhp,5.0
Tata i20,2012,78000.0,208500.0,Petrol,Individual,Automatic,Third Owner,17.3 kmpl,1582 CC,117.8 bhp,5.0
Tata Figo,2020,215000.0,33488.0,Petrol,Individual,Manual,First Owner,20.6 kmpl,1498 CC,113.2 bhp,5.0
Audi Nexon,2012,358000.0,130724.0,Diesel,Individual,Manual,Second Owner,11.2 kmpl,2179 CC,128.3 bhp,5.0
Toyota A4,2007,80000.0,214228.0,Diesel,Individual,Manual,First Owner,17.7 kmpl,2179 CC,179.5 bhp,5.0
Mahindra Nexon,2017,158000.0,67951.0,Petrol,Individual,Automatic,First Owner,10.9 kmpl,998 CC,61.3 bhp,5.0
BMW Nexon,2020,762000.0,38904.0,Petrol,Dealer,Manual,Third Owner,14.0 kmpl,1968 CC,145.4 bhp,5.0
Ford A4,2015,120000.0,176122.0,Diesel,Individual,Manual,Second Owner,11.8 kmpl,1968 CC,118.0 bhp,5.0
Hyundai A4,2024,488000.0,44621.0,Petrol,Individual,Manual,First Owner,19.7 kmpl,1968 CC,170.6 bhp,5.0
Mahindra i20,2012,86000.0,151030.0,Diesel,Individual,Manual,First Owner,16.8 kmpl,1498 CC,98.8 bhp,5.0
Maruti Nexon,2016,100000.0,65046.0,Diesel,Individual,Manual,First Owner,11.1 kmpl,998 CC,82.5 bhp,5.0
Mahindra Figo,2025,298000.0,22460.0,Petrol,Individual,Manual,First Owner,21.1 kmpl,796 CC,49.1 bhp,5.0
Maruti XUV,2019,216000.0,53431.0,Diesel,Individual,Manual,First Owner,19.9 kmpl,1582 CC,141.6 bhp,5.0
Maruti Polo,2024,258000.0,41058.0,CNG,Dealer,Manual,Second Owner,12.0 kmpl,1498 CC,,5.0
Mahindra Innova,2018,142000.0,106620.0,Diesel,Individual,Manual,Third Owner,11.8 kmpl,998 CC,79.3 bhp,5.0
Maruti i20,2004,22000.0,253392.0,Petrol,Dealer,Manual,First Owner,10.6 kmpl,1248 CC,92.8 bhp,5.0
Mahindra 320d,2009,91000.0,90527.0,Diesel,Individual,Manual,First Owner,18.2 kmpl,1968 CC,159.6 bhp,7.0
Mahindra Figo,2023,478000.0,39664.0,Diesel,Dealer,Manual,First Owner,11.1 kmpl,1582 CC,110.7 bhp,5.0
Maruti Innova,2022,157000.0,46134.0,Diesel,Individual,Manual,Third Owner,21.6 kmpl,796 CC,47.2 bhp,5.0
Mahindra A4,2015,163000.0,76835.0,Diesel,Individual,Manual,First Owner,22.5 kmpl,1582 CC,89.1 bhp,5.0
Hyundai Figo,2019,145000.0,94422.0,Diesel,Individual,Manual,First Owner,20.8 kmpl,796 CC,56.4 bhp,7.0
Toyota i20,2006,61000.0,186399.0,Diesel,Individual,Manual,First Owner,10.7 kmpl,1248 CC,95.6 bhp,5.0
Ford Swift,2006,31000.0,266670.0,Petrol,Individual,Manual,Second Owner,20.8 kmpl,1498 CC,114.4 bhp,7.0
Toyota City,2011,66000.0,162545.0,Petrol,Individual,Manual,First Owner,11.3 kmpl,796 CC,49.4 bhp,7.0
Ford Swift,2004,18000.0,347119.0,Diesel,Individual,Manual,First Owner,23.0 kmpl,1248 CC,,5.0
Toyota Polo,2008,49000.0,214605.0,Petrol,Dealer,Manual,First Owner,,1248 CC,98.7 bhp,5.0
Tata Innova,2012,121000.0,78606.0,Petrol,Dealer,Manual,First Owner,17.6 kmpl,2179 CC,190.8 bhp,
Hyundai Rapid,2021,215000.0,57503.0,Diesel,Dealer,Manual,First Owner,25.6 kmpl,998 CC,73.1 bhp,5.0
Maruti Rapid,2006,31000.0,268715.0,CNG,Individual,Manual,First Owner,21.5 kmpl,2179 CC,180.1 bhp,5.0
Tata Rapid,2007,30000.0,235673.0,Petrol,Individual,Manual,First Owner,24.9 kmpl,1248 CC,106.7 bhp,5.0
Volkswagen Polo,2018,253000.0,86210.0,Diesel,Individual,Manual,Second Owner,24.5 kmpl,2179 CC,,5.0
Honda A4,2009,50000.0,89598.0,Petrol,Individual,Manual,Second Owner,19.9 kmpl,998 CC,77.3 bhp,5.0
Honda Innova,2025,730000.0,31806.0,Petrol,Dealer,Manual,First Owner,17.4 kmpl,1968 CC,177.0 bhp,5.0
Toyota Nexon,2022,434000.0,76081.0,Diesel,Individual,Manual,First Owner,19.1 kmpl,1197 CC,88.0 bhp,5.0
Toyota i20,2019,514000.0,40762.0,Diesel,Individual,Manual,First Owner,,2179 CC,134.6 bhp,5.0
Hyundai 320d,2023,214000.0,34672.0,Petrol,Dealer,Manual,Third Owner,21.8 kmpl,998 CC,57.0 bhp,5.0
Hyundai Figo,2011,62000.0,157698.0,Diesel,Dealer,Manual,Second Owner,16.3 kmpl,1498 CC,84.4 bhp,7.0
Honda i20,2010,54000.0,196089.0,Diesel,Individual,Manual,Second Owner,17.9 kmpl,1248 CC,80.3 bhp,5.0
Tata Nexon,2015,78000.0,76843.0,Petrol,Individual,Manual,First Owner,20.9 kmpl,998 CC,,5.0
Honda XUV,2009,82000.0,135995.0,Diesel,Dealer,Manual,First Owner,19.0 kmpl,1498 CC,92.3 bhp,5.0
Mahindra Figo,2009,66000.0,182500.0,Diesel,Individual,Manual,First Owner,16.8 kmpl,998 CC,66.7 bhp,5.0
Honda Rapid,2013,78000.0,213173.0,Petrol,Dealer,Manual,Second Owner,22.6 kmpl,,176.2 bhp,7.0
Mahindra City,2012,90000.0,124402.0,Petrol,Individual,Automatic,Second Owner,22.7 kmpl,998 CC,61.1 bhp,5.0
Hyundai i20,2005,32000.0,149391.0,Petrol,Individual,Manual,First Owner,25.6 kmpl,1582 CC,100.8 bhp,5.0
Volkswagen Figo,2023,460000.0,49762.0,Diesel,Individual,Manual,First Owner,12.3 kmpl,1968 CC,123.4 bhp,5.0
Maruti Polo,2004,35000.0,210711.0,Petrol,Individual,Manual,First Owner,18.4 kmpl,2179 CC,142.8 bhp,5.0
Tata 320d,2018,192000.0,85110.0,Petrol,Individual,Automatic,First Owner,15.8 kmpl,1582 CC,122.7 bhp,5.0
Toyota Innova,2009,57000.0,205072.0,Diesel,Individual,Manual,Fourth & Above Owner,19.1 kmpl,998 CC,79.1 bhp,4.0
Hyundai Innova,2019,238000.0,109431.0,Diesel,Dealer,Automatic,First Owner,17.7 kmpl,1197 CC,94.2 bhp,5.0
Hyundai Nexon,2018,138000.0,98589.0,Petrol,Individual,Manual,Second Owner,20.7 kmpl,1197 CC,71.0 bhp,5.0
Maruti Innova,2023,316000.0,42035.0,Petrol,Dealer,Manual,Fourth & Above Owner,10.6 kmpl,1968 CC,118.2 bhp,5.0
Toyota i20,2005,61000.0,,Diesel,Individual,Manual,First Owner,,1968 CC,143.4 bhp,5.0
Hyundai Rapid,2024,461000.0,37049.0,Diesel,Individual,Manual,First Owner,20.3 kmpl,1582 CC,113.0 bhp,5.0
Hyundai Nexon,2021,205000.0,44866.0,CNG,Individual,Manual,First Owner,11.9 kmpl,1197 CC,72.2 bhp,5.0
Audi Rapid,2022,1080000.0,38310.0,Diesel,Individual,Manual,Second Owner,18.7 kmpl,2179 CC,157.3 bhp,5.0
Maruti City,2009,28000.0,,Diesel,Dealer,Manual,First Owner,19.5 kmpl,998 CC,63.2 bhp,5.0
Mahindra Innova,2011,68000.0,140338.0,Petrol,Dealer,Manual,First Owner,18.2 kmpl,998 CC,66.3 bhp,5.0
Audi Innova,2021,620000.0,34601.0,Diesel,Individual,Manual,Second Owner,10.3 kmpl,796 CC,55.2 bhp,4.0
Maruti i20,2004,13000.0,263195.0,Petrol,Individual,Manual,First Owner,13.2 kmpl,796 CC,70.5 bhp,5.0
Honda Figo,2009,59000.0,148629.0,Diesel,Individual,Automatic,Second Owner,12.9 kmpl,1248 CC,,7.0
Hyundai City,2016,221000.0,89406.0,Petrol,Individual,Automatic,First Owner,12.3 kmpl,1968 CC,109.9 bhp,5.0
Skoda XUV,2018,182000.0,84792.0,Petrol,Dealer,Manual,First Owner,14.4 kmpl,998 CC,85.9 bhp,7.0
Toyota Innova,2013,80000.0,111047.0,Petrol,Individual,Manual,First Owner,12.3 kmpl,796 CC,,5.0
Volkswagen City,2015,135000.0,121495.0,Diesel,Individual,Manual,First Owner,23.1 kmpl,1498 CC,122.7 bhp,5.0
Volkswagen Figo,2023,365000.0,41476.0,CNG,Individual,Manual,First Owner,10.0 kmpl,1582 CC,97.0 bhp,7.0
Maruti Figo,2022,356000.0,56239.0,Diesel,Individual,Manual,First Owner,21.8 kmpl,1968 CC,128.3 bhp,5.0
Mahindra XUV,2007,29000.0,281056.0,Petrol,Individual,Manual,Second Owner,24.9 kmpl,1197 CC,67.1 bhp,5.0
Skoda Innova,2005,58000.0,286817.0,Petrol,Individual,Automatic,First Owner,23.5 kmpl,1968 CC,158.2 bhp,5.0
Maruti A4,2025,192000.0,20852.0,Petrol,Dealer,Manual,Second Owner,15.2 kmpl,796 CC,54.0 bhp,4.0
Maruti Rapid,2024,360000.0,22025.0,Petrol,Individual,Automatic,First Owner,20.2 kmpl,1248 CC,97.8 bhp,5.0
Hyundai 320d,2013,94000.0,159644.0,Petrol,Individual,Automatic,First Owner,15.5 kmpl,,85.7 bhp,
Ford Rapid,2011,36000.0,,Diesel,Individual,Manual,Second Owner,12.5 kmpl,796 CC,67.0 bhp,5.0
Hyundai Figo,2015,185000.0,92634.0,Diesel,Individual,Automatic,Third Owner,,,146.6 bhp,5.0
Skoda Figo,2017,152000.0,66414.0,Diesel,Individual,Manual,First Owner,23.4 kmpl,796 CC,47.2 bhp,5.0
Honda City,2012,119000.0,111187.0,Diesel,Dealer,Manual,First Owner,19.3 kmpl,2179 CC,180.3 bhp,5.0
Skoda City,2012,125000.0,150304.0,Diesel,Individual,Manual,First Owner,17.0 kmpl,1582 CC,136.1 bhp,5.0
Maruti i20,2012,67000.0,78478.0,Petrol,Individual,Manual,Third Owner,14.9 kmpl,1197 CC,87.9 bhp,7.0
Tata City,2005,37000.0,263170.0,CNG,Individual,Automatic,First Owner,19.6 kmpl,1582 CC,131.9 bhp,5.0
Hyundai Polo,2015,68000.0,159447.0,Diesel,Individual,Manual,Third Owner,14.0 kmpl,998 CC,55.4 bhp,
Toyota i20,2005,41000.0,256858.0,Diesel,Individual,Manual,First Owner,20.8 kmpl,1197 CC,79.9 bhp,5.0
Maruti XUV,2007,58000.0,178174.0,Diesel,Individual,Automatic,First Owner,13.3 kmpl,2179 CC,153.1 bhp,
Toyota Polo,2018,277000.0,57597.0,Diesel,Dealer,Automatic,Second Owner,24.3 kmpl,1582 CC,110.6 bhp,5.0
Ford City,2004,32000.0,272315.0,Diesel,Individual,Automatic,Second Owner,14.2 kmpl,2179 CC,174.5 bhp,5.0
Maruti City,2015,66000.0,144378.0,Diesel,Trustmark Dealer,Manual,First Owner,18.1 kmpl,796 CC,56.2 bhp,5.0
Skoda Rapid,2019,137000.0,99054.0,LPG,Individual,Manual,Third Owner,22.3 kmpl,998 CC,84.2 bhp,5.0
Volkswagen 320d,2017,205000.0,101876.0,Petrol,Individual,Automatic,Second Owner,13.8 kmpl,1582 CC,112.0 bhp,5.0
Toyota i20,2009,97000.0,105593.0,Diesel,Individual,Manual,Fourth & Above Owner,14.5 kmpl,1498 CC,82.7 bhp,5.0
Ford Polo,2024,315000.0,26391.0,Petrol,Individual,Manual,First Owner,19.9 kmpl,1498 CC,117.2 bhp,5.0
Hyundai Polo,2009,57000.0,216110.0,Petrol,Individual,Manual,Third Owner,12.6 kmpl,2179 CC,,5.0
Honda Figo,2006,64000.0,218695.0,Diesel,Individual,Manual,First Owner,19.8 kmpl,2179 CC,126.5 bhp,5.0
Tata XUV,2013,84000.0,189422.0,Diesel,Individual,Manual,First Owner,11.3 kmpl,1197 CC,90.9 bhp,5.0
BMW Swift,2025,1695000.0,29361.0,Petrol,Individual,Manual,First Owner,23.1 kmpl,1582 CC,134.2 bhp,5.0
Tata 320d,2025,373000.0,17223.0,Petrol,Individual,Manual,Third Owner,21.2 kmpl,1582 CC,113.1 bhp,4.0
Ford Innova,2008,46000.0,182148.0,Diesel,Individual,Manual,First Owner,10.9 kmpl,1197 CC,90.3 bhp,7.0
Hyundai Swift,2017,96000.0,123733.0,Petrol,Individual,Manual,Fourth & Above Owner,23.6 kmpl,1248 CC,93.7 bhp,5.0
Skoda A4,2023,412000.0,30175.0,Diesel,Individual,Manual,Second Owner,14.5 kmpl,1582 CC,121.8 bhp,5.0
Ford Nexon,2007,43000.0,150413.0,Diesel,Individual,Manual,First Owner,13.3 kmpl,998 CC,86.8 bhp,5.0
Skoda Innova,2016,143000.0,101224.0,Petrol,Individual,Manual,First Owner,24.2 kmpl,1197 CC,69.7 bhp,5.0
BMW i20,2099,682000.0,112451.0,Diesel,Dealer,Manual,First Owner,24.2 kmpl,1498 CC,131.8 bhp,5.0
Hyundai 320d,2017,146000.0,138423.0,Diesel,Dealer,Manual,First Owner,18.9 kmpl,1197 CC,92.5 bhp,5.0
Volkswagen Polo,2014,109000.0,191224.0,Diesel,Individual,Manual,Second Owner,13.7 kmpl,2179 CC,151.7 bhp,7.0
Toyota Swift,2007,42000.0,263890.0,Petrol,Individual,Manual,First Owner,21.0 kmpl,998 CC,89.1 bhp,5.0
Mahindra XUV,2020,218000.0,109652.0,Petrol,Individual,Manual,First Owner,12.9 kmpl,1248 CC,102.8 bhp,5.0
Honda Rapid,2023,395000.0,51692.0,CNG,Individual,Manual,First Owner,24.3 kmpl,1498 CC,95.4 bhp,5.0
Mahindra Figo,2015,183000.0,61993.0,Diesel,Dealer,Manual,Third Owner,23.0 kmpl,2179 CC,122.1 bhp,5.0
Mahindra City,2015,176000.0,116034.0,Petrol,Trustmark Dealer,Manual,First Owner,22.0 kmpl,2179 CC,185.1 bhp,5.0
Volkswagen A4,2010,45000.0,150608.0,Petrol,Individual,Manual,First Owner,23.7 kmpl,998 CC,57.8 bhp,5.0
Mahindra City,2013,133000.0,167186.0,Diesel,Individual,Automatic,First Owner,22.9 kmpl,1197 CC,76.6 bhp,
Toyota Innova,2006,60000.0,130693.0,Petrol,Dealer,Manual,First Owner,25.1 kmpl,1248 CC,76.1 bhp,5.0
Ford Nexon,2014,78000.0,150260.0,Diesel,Individual,Manual,First Owner,22.4 kmpl,796 CC,70.5 bhp,5.0
Volkswagen Innova,2014,139000.0,160861.0,CNG,Trustmark Dealer,Manual,Second Owner,20.2 kmpl,2179 CC,160.2 bhp,5.0
Maruti Innova,2024,455000.0,38279.0,Petrol,Individual,Manual,First Owner,22.0 kmpl,1968 CC,125.9 bhp,5.0
Maruti Innova,2019,177000.0,42185.0,Diesel,Dealer,Automatic,Second Owner,24.7 kmpl,1248 CC,98.3 bhp,5.0
Honda Polo,2012,68000.0,200670.0,Petrol,Individual,Manual,First Owner,14.2 kmpl,1197 CC,89.4 bhp,5.0
Hyundai Swift,2005,23000.0,265247.0,Petrol,Individual,Manual,First Owner,18.7 kmpl,1197 CC,77.3 bhp,5.0
Maruti i20,2020,186000.0,79374.0,Petrol,Individual,Manual,Second Owner,16.8 kmpl,1197 CC,66.1 bhp,7.0
Maruti City,2005,25000.0,108177.0,Diesel,Individual,Manual,Second Owner,15.0 kmpl,1197 CC,95.6 bhp,5.0
Honda i20,2017,235000.0,135365.0,Diesel,Individual,Manual,Second Owner,12.7 kmpl,2179 CC,152.9 bhp,
Hyundai A4,2021,375000.0,60776.0,Diesel,Dealer,Manual,First Owner,13.6 kmpl,1248 CC,74.9 bhp,7.0
Hyundai City,2010,51000.0,215960.0,Petrol,Individual,Automatic,First Owner,22.4 kmpl,1248 CC,,5.0
Volkswagen XUV,2023,234000.0,49339.0,Diesel,Individual,Manual,Second Owner,21.4 kmpl,796 CC,55.4 bhp,7.0
Hyundai A4,2013,79000.0,162924.0,CNG,Individual,Manual,Second Owner,20.2 kmpl,1582 CC,94.4 bhp,5.0
Hyundai 320d,2017,179000.0,108120.0,Diesel,Individual,Manual,Second Owner,18.5 kmpl,2179 CC,149.2 bhp,7.0
Toyota Swift,2012,177000.0,78955.0,Diesel,Dealer,Manual,First Owner,14.6 kmpl,1498 CC,131.8 bhp,5.0
Tata Rapid,2024,298000.0,32942.0,LPG,Individual,Manual,First Owner,12.7 kmpl,998 CC,87.4 bhp,5.0
Ford XUV,2021,285000.0,64418.0,Petrol,Individual,Manual,Second Owner,12.4 kmpl,2179 CC,125.7 bhp,5.0
Maruti Polo,2025,230000.0,7911.0,Petrol,Individual,Manual,First Owner,22.7 kmpl,796 CC,69.6 bhp,5.0
Hyundai XUV,2006,22000.0,259452.0,Diesel,Trustmark Dealer,Manual,First Owner,20.9 kmpl,796 CC,60.7 bhp,5.0
Hyundai Figo,2024,322000.0,32786.0,Petrol,Individual,Manual,Second Owner,21.7 kmpl,1968 CC,108.4 bhp,5.0
Ford i20,2015,141000.0,145009.0,Petrol,Individual,Manual,First Owner,15.8 kmpl,1968 CC,132.7 bhp,5.0
Hyundai Nexon,2023,254000.0,42373.0,Diesel,Individual,Manual,Second Owner,14.7 kmpl,1197 CC,81.3 bhp,5.0
BMW Innova,2016,352000.0,81761.0,Petrol,Individual,Manual,Third Owner,13.5 kmpl,1498 CC,97.9 bhp,5.0
Tata Nexon,2009,27000.0,233524.0,Petrol,Individual,Manual,First Owner,18.0 kmpl,796 CC,49.5 bhp,5.0
Mahindra i20,2009,53000.0,183350.0,Diesel,Individual,Manual,First Owner,19.4 kmpl,998 CC,89.8 bhp,5.0
BMW Figo,2023,529000.0,30762.0,Petrol,Individual,Manual,Second Owner,21.2 kmpl,796 CC,67.3 bhp,7.0
Skoda Figo,2020,138000.0,97745.0,Petrol,Individual,Manual,First Owner,11.6 kmpl,796 CC,70.1 bhp,4.0
Tata A4,2007,37000.0,183368.0,Diesel,Individual,Manual,Second Owner,13.1 kmpl,,113.1 bhp,7.0
Ford A4,2006,20000.0,261562.0,Petrol,Individual,Manual,First Owner,13.5 kmpl,796 CC,69.6 bhp,5.0
Honda 320d,2004,31000.0,338413.0,Petrol,Individual,Manual,Second Owner,23.5 kmpl,2179 CC,134.2 bhp,5.0
Ford 320d,2019,147000.0,98994.0,Diesel,Individual,Manual,First Owner,17.2 kmpl,796 CC,60.9 bhp,5.0
Mahindra City,2019,145000.0,84493.0,Petrol,Individual,Manual,Second Owner,20.5 kmpl,796 CC,66.4 bhp,5.0
Honda Figo,2025,615000.0,12357.0,Petrol,Dealer,Manual,First Owner,22.5 kmpl,1968 CC,149.9 bhp,7.0
BMW Swift,2015,335000.0,165701.0,Diesel,Dealer,Manual,First Owner,17.6 kmpl,1197 CC,,5.0
Ford Nexon,2004,31000.0,281151.0,Diesel,Individual,Automatic,First Owner,,1498 CC,123.4 bhp,5.0
Hyundai 320d,2011,71000.0,228362.0,Petrol,Dealer,Manual,First Owner,24.3 kmpl,,135.7 bhp,4.0
Mahindra City,2006,54000.0,169110.0,Petrol,Individual,Manual,First Owner,25.3 kmpl,1968 CC,160.2 bhp,5.0
Tata Polo,2025,310000.0,32215.0,Petrol,Dealer,Manual,First Owner,23.9 kmpl,796 CC,58.6 bhp,7.0
Tata Rapid,2024,388000.0,18354.0,Diesel,Individual,Automatic,First Owner,20.3 kmpl,1197 CC,81.5 bhp,7.0
Hyundai 320d,2025,532000.0,26980.0,Diesel,Individual,Manual,Second Owner,23.0 kmpl,,142.9 bhp,5.0
Maruti Polo,2023,438000.0,29054.0,Petrol,Individual,Manual,First Owner,20.0 kmpl,1968 CC,157.2 bhp,5.0
Hyundai Innova,2024,462000.0,33466.0,Diesel,Individual,Manual,First Owner,22.2 kmpl,1498 CC,93.5 bhp,5.0
Hyundai Rapid,2009,98000.0,122213.0,Diesel,Individual,Manual,First Owner,14.0 kmpl,1968 CC,147.1 bhp,5.0
Maruti Figo,2024,330000.0,49776.0,Diesel,Individual,Manual,First Owner,11.3 kmpl,1197 CC,76.2 bhp,4.0
Audi Polo,2014,298000.0,156572.0,CNG,Individual,Manual,First Owner,15.5 kmpl,1498 CC,111.4 bhp,5.0
Mahindra City,2020,244000.0,101761.0,Diesel,Individual,Manual,Second Owner,19.0 kmpl,1248 CC,94.8 bhp,5.0
Honda Figo,2014,184000.0,98459.0,Diesel,Dealer,Manual,First Owner,20.1 kmpl,1582 CC,132.4 bhp,5.0
BMW City,2007,123000.0,140343.0,Diesel,Individual,Manual,First Owner,16.0 kmpl,796 CC,55.5 bhp,5.0
Maruti i20,2018,161000.0,97121.0,Diesel,Individual,Manual,First Owner,17.6 kmpl,1498 CC,114.8 bhp,5.0
Mahindra XUV,2013,59000.0,92960.0,Diesel,Individual,Manual,Second Owner,17.6 kmpl,796 CC,57.7 bhp,5.0
Tata City,2017,126000.0,81211.0,Diesel,Individual,Manual,First Owner,10.9 kmpl,1248 CC,81.7 bhp,5.0
Toyota i20,2025,881000.0,9086.0,Petrol,Dealer,Automatic,First Owner,12.8 kmpl,1582 CC,109.5 bhp,7.0
Tata i20,2018,180000.0,83184.0,Petrol,Individual,Manual,First Owner,21.2 kmpl,1498 CC,93.0 bhp,5.0
Mahindra 320d,2008,67000.0,107651.0,Petrol,Dealer,Manual,First Owner,12.8 kmpl,,67.2 bhp,5.0
Ford Rapid,2010,57000.0,101983.0, petrol ,Individual,Manual,First Owner,18.5 kmpl,998 CC,85.8 bhp,5.0
Mahindra Swift,2016,132000.0,147792.0,Diesel,Individual,Manual,Second Owner,19.7 kmpl,1498 CC,108.2 bhp,5.0
Toyota Swift,2007,45000.0,256383.0,Diesel,Individual,Automatic,First Owner,10.3 kmpl,796 CC,49.3 bhp,5.0
Hyundai A4,2022,339000.0,54124.0,Petrol,Individual,Manual,Second Owner,21.4 kmpl,2179 CC,127.8 bhp,5.0
Volkswagen A4,2015,82000.0,165788.0,Diesel,Individual,Manual,First Owner,21.4 kmpl,796 CC,66.3 bhp,5.0
Skoda i20,2016,239000.0,80553.0,Diesel,Individual,Automatic,First Owner,21.4 kmpl,1498 CC,99.0 bhp,5.0
Skoda 320d,2013,94000.0,203742.0,Diesel,Dealer,Manual,First Owner,,1582 CC,116.9 bhp,5.0
Maruti XUV,2005,14000.0,290630.0,Diesel,Individual,Manual,Second Owner,23.0 kmpl,1248 CC,97.2 bhp,7.0
Maruti City,2025,325000.0,19551.0,Petrol,Individual,Manual,First Owner,18.0 kmpl,998 CC,65.6 bhp,5.0
Hyundai i20,2013,117000.0,117631.0,Petrol,Individual,Automatic,Second Owner,,2179 CC,157.5 bhp,5.0
Hyundai i20,2022,309000.0,68052.0,Petrol,Individual,Manual,First Owner,23.0 kmpl,1248 CC,87.6 bhp,5.0
Tata Swift,2019,96000.0,110282.0,Petrol,Individual,Manual,Third Owner,21.1 kmpl,796 CC,57.7 bhp,5.0
Hyundai A4,2016,135000.0,,Diesel,Individual,Manual,First Owner,25.2 kmpl,1498 CC,106.0 bhp,5.0
Hyundai Figo,2007,63000.0,196925.0,Diesel,Individual,Manual,First Owner,12.1 kmpl,2179 CC,171.5 bhp,5.0
Volkswagen A4,2011,42000.0,169319.0,Diesel,Individual,Manual,First Owner,22.4 kmpl,796 CC,60.3 bhp,5.0
Tata Rapid,2016,186000.0,82822.0,Diesel,Individual,Manual,First Owner,11.0 kmpl,1968 CC,146.1 bhp,5.0
Volkswagen Rapid,2011,52000.0,192909.0,Diesel,Dealer,Manual,First Owner,13.3 kmpl,796 CC,61.7 bhp,5.0
Mahindra Rapid,2019,219000.0,68491.0,Diesel,Individual,Manual,First Owner,23.4 kmpl,796 CC,68.0 bhp,7.0
Ford A4,2013,92000.0,122641.0,Petrol,Trustmark Dealer,Manual,First Owner,25.1 kmpl,1248 CC,87.0 bhp,5.0
Toyota Polo,2004,39000.0,256449.0,Petrol,Individual,Manual,First Owner,13.5 kmpl,1582 CC,116.6 bhp,5.0
BMW Figo,2016,411000.0,65649.0,Petrol,Individual,Automatic,First Owner,11.0 kmpl,998 CC,85.1 bhp,5.0
Hyundai XUV,2005,23000.0,169335.0,Diesel,Dealer,Manual,First Owner,21.6 kmpl,796 CC,60.1 bhp,5.0
Maruti 320d,2008,69000.0,149898.0,Petrol,Individual,Automatic,First Owner,18.8 kmpl,1968 CC,131.4 bhp,5.0
Toyota A4,2014,148000.0,80889.0,Petrol,Individual,Manual,First Owner,15.9 kmpl,1498 CC,92.5 bhp,5.0
Mahindra Nexon,2016,103000.0,149819.0,Petrol,Individual,Manual,Second Owner,,1197 CC,69.8 bhp,7.0
Ford i20,2023,282000.0,55262.0,Petrol,Individual,Manual,First Owner,20.8 kmpl,1197 CC,82.0 bhp,5.0
Hyundai Figo,2006,21000.0,220972.0,Diesel,Individual,Manual,First Owner,21.3 kmpl,796 CC,48.5 bhp,5.0
Ford Nexon,2013,53000.0,182267.0,Diesel,Individual,Manual,First Owner,20.5 kmpl,796 CC,60.4 bhp,5.0
Volkswagen A4,2015,96000.0,155955.0,Petrol,Individual,Manual,First Owner,24.4 kmpl,998 CC,73.2 bhp,5.0
Ford XUV,2016,83000.0,129239.0,Petrol,Individual,Automatic,First Owner,20.8 kmpl,796 CC,62.8 bhp,5.0
Mahindra Rapid,2018,381000.0,122933.0,Diesel,Dealer,Automatic,First Owner,18.9 kmpl,1968 CC,124.2 bhp,5.0
Mahindra Innova,2024,324000.0,35174.0,Diesel,Dealer,Manual,First Owner,17.7 kmpl,796 CC,52.3 bhp,5.0
Honda Nexon,2010,83000.0,108270.0,Petrol,Individual,Manual,First Owner,20.5 kmpl,1582 CC,141.4 bhp,5.0
Maruti Polo,2004,21000.0,194049.0,Diesel,Individual,Manual,Second Owner,11.0 kmpl,1197 CC,97.9 bhp,5.0
Hyundai City,2025,282000.0,16517.0,Petrol,Dealer,Manual,Third Owner,20.5 kmpl,998 CC,60.7 bhp,4.0
Hyundai Figo,2025,339000.0,32244.0,Petrol,Individual,Manual,Second Owner,11.6 kmpl,1248 CC,101.4 bhp,5.0
Maruti Polo,2006,46000.0,187542.0,Diesel,Individual,Automatic,First Owner,17.2 kmpl,1498 CC,122.0 bhp,7.0
Toyota 320d,2011,83000.0,234907.0,Petrol,Individual,Manual,First Owner,25.9 kmpl,,105.3 bhp,5.0
Hyundai Nexon,2025,512000.0,16599.0,Petrol,Dealer,Automatic,First Owner,11.9 kmpl,1197 CC,79.7 bhp,4.0
Audi i20,2015,420000.0,73256.0,Petrol,Dealer,Manual,First Owner,18.3 kmpl,1197 CC,101.5 bhp,5.0
Honda A4,2016,199000.0,85690.0,Petrol,Individual,Automatic,Second Owner,23.2 kmpl,2179 CC,154.3 bhp,7.0
Skoda Innova,2008,66000.0,195539.0,Petrol,Trustmark Dealer,Manual,First Owner,15.4 kmpl,1968 CC,166.0 bhp,7.0
Tata City,2006,38000.0,184728.0,Petrol,Dealer,Manual,First Owner,24.6 kmpl,1968 CC,165.6 bhp,5.0
Maruti Swift,2010,55000.0,197044.0,Petrol,Individual,Manual,First Owner,15.8 kmpl,1582 CC,87.9 bhp,7.0
Tata Polo,2004,31000.0,250205.0,Diesel,Dealer,Manual,First Owner,17.7 kmpl,1968 CC,118.1 bhp,5.0
Volkswagen A4,2021,263000.0,58576.0,Petrol,Individual,Automatic,Fourth & Above Owner,25.7 kmpl,1582 CC,119.1 bhp,5.0
BMW 320d,2005,100000.0,284911.0,Petrol,Dealer,Automatic,First Owner,23.6 kmpl,1498 CC,107.9 bhp,5.0
Hyundai i20,2010,81000.0,94558.0,Diesel,Individual,Automatic,Second Owner,10.7 kmpl,,136.3 bhp,5.0
Audi i20,2005,84000.0,287832.0,Petrol,Individual,Manual,First Owner,19.1 kmpl,1582 CC,108.4 bhp,5.0
Maruti i20,2012,68000.0,185318.0,Petrol,Trustmark Dealer,Manual,Second Owner,24.6 kmpl,2179 CC,183.0 bhp,5.0
BMW Figo,2008,86000.0,169464.0,Petrol,Dealer,Manual,Third Owner,19.3 kmpl,796 CC,51.4 bhp,4.0
Skoda i20,2005,38000.0,272970.0,Petrol,Dealer,Manual,First Owner,20.5 kmpl,1498 CC,121.7 bhp,5.0
Honda A4,2020,446000.0,63592.0,Diesel,Individual,Manual,First Owner,,1968 CC,115.8 bhp,5.0
Toyota XUV,2021,305000.0,29502.0,Diesel,Trustmark Dealer,Manual,First Owner,18.3 kmpl,796 CC,57.8 bhp,7.0
Skoda i20,2021,230000.0,49570.0,Petrol,Individual,Manual,First Owner,17.7 kmpl,998 CC,84.6 bhp,5.0
Toyota City,2018,256000.0,98220.0,Petrol,Individual,Manual,Second Owner,15.6 kmpl,2179 CC,131.7 bhp,5.0
Hyundai City,2005,25000.0,256969.0,Petrol,Individual,Automatic,First Owner,17.7 kmpl,1582 CC,88.6 bhp,5.0
Maruti City,2006,17000.0,311338.0,Diesel,Individual,Manual,Second Owner,24.9 kmpl,998 CC,57.5 bhp,5.0
Tata XUV,2014,77000.0,173203.0,Diesel,Individual,Manual,Second Owner,,1248 CC,87.0 bhp,5.0
Tata Innova,2025,357000.0,24564.0,Petrol,Individual,Manual,Second Owner,24.3 kmpl,1197 CC,74.9 bhp,5.0
Honda Nexon,2019,236000.0,84159.0,Petrol,Dealer,Manual,First Owner,21.1 kmpl,1498 CC,122.3 bhp,5.0
Toyota City,2022,569000.0,28666.0,Diesel,Individual,Manual,First Owner,11.2 kmpl,1582 CC,107.9 bhp,5.0
Audi Figo,2010,320000.0,176335.0,Petrol,Individual,Automatic,First Owner,17.7 kmpl,1968 CC,115.7 bhp,5.0
Honda XUV,2022,395000.0,47146.0,Diesel,Individual,Automatic,Second Owner,16.6 kmpl,1498 CC,86.6 bhp,5.0
Tata Innova,2016,133000.0,147133.0,Petrol,Individual,Manual,First Owner,14.8 kmpl,1498 CC,129.4 bhp,5.0
Toyota City,2006,44000.0,181871.0,Diesel,Dealer,Manual,First Owner,14.8 kmpl,998 CC,62.7 bhp,5.0
Toyota i20,2023,432000.0,57775.0,Diesel,Individual,Manual,First Owner,14.7 kmpl,1197 CC,87.4 bhp,5.0
Honda Swift,2017,196000.0,133592.0,Petrol,Individual,Automatic,Second Owner,22.1 kmpl,,109.9 bhp,7.0
Maruti Figo,2010,58000.0,116410.0,Petrol,Individual,Automatic,Second Owner,11.1 kmpl,1582 CC,112.2 bhp,5.0
Honda A4,2024,420000.0,23332.0,Petrol,Trustmark Dealer,Manual,Second Owner,13.5 kmpl,1498 CC,90.7 bhp,5.0
Hyundai i20,2004,13000.0,330633.0,Diesel,Individual,Manual,Second Owner,21.1 kmpl,796 CC,61.2 bhp,7.0
Toyota XUV,2012,141000.0,88902.0,Diesel,Dealer,Automatic,Second Owner,23.5 kmpl,1197 CC,107.2 bhp,5.0
Hyundai 320d,2010,85000.0,125290.0,Petrol,Individual,Automatic,First Owner,15.0 kmpl,1968 CC,154.1 bhp,5.0
Tata Polo,2018,165000.0,63933.0,Diesel,Dealer,Manual,First Owner,16.2 kmpl,998 CC,58.7 bhp,4.0
Maruti Innova,2006,27000.0,216410.0,Petrol,Individual,Manual,First Owner,,1248 CC,84.3 bhp,
BMW Innova,2018,661000.0,112243.0,Petrol,Dealer,Manual,First Owner,24.0 kmpl,1968 CC,111.7 bhp,5.0
Tata XUV,2011,73000.0,135330.0,Diesel,Dealer,Manual,First Owner,20.1 kmpl,1248 CC,104.3 bhp,5.0
Skoda 320d,2021,238000.0,73870.0,Diesel,Individual,Manual,Second Owner,20.3 kmpl,1197 CC,93.0 bhp,5.0
Hyundai XUV,2016,103000.0,76589.0,Diesel,Individual,Manual,First Owner,12.2 kmpl,998 CC,64.1 bhp,5.0
Toyota Swift,2008,73000.0,221539.0,Diesel,Individual,Manual,Third Owner,24.6 kmpl,1968 CC,155.7 bhp,5.0
BMW i20,2008,126000.0,140681.0,Petrol,Individual,Manual,First Owner,17.5 kmpl,998 CC,69.2 bhp,5.0
Honda Nexon,2016,162000.0,101352.0,Petrol,Individual,Manual,Second Owner,19.6 kmpl,1582 CC,97.8 bhp,4.0
Honda Nexon,2005,39000.0,321372.0,Petrol,Individual,Manual,First Owner,17.8 kmpl,2179 CC,171.3 bhp,5.0
Hyundai A4,2010,40000.0,189229.0,Diesel,Individual,Manual,Second Owner,,998 CC,78.3 bhp,4.0
Ford Nexon,2018,185000.0,47102.0,Petrol,Individual,Manual,Second Owner,16.9 kmpl,1498 CC,113.7 bhp,5.0
BMW Rapid,2012,348000.0,139153.0,Diesel,Trustmark Dealer,Automatic,First Owner,12.8 kmpl,1248 CC,71.8 bhp,5.0
Maruti Rapid,2018,117000.0,111522.0,Diesel,Individual,Manual,First Owner,13.6 kmpl,998 CC,73.6 bhp,5.0
BMW Nexon,2023,996000.0,51393.0,Petrol,Dealer,Manual,First Owner,13.7 kmpl,998 CC,86.5 bhp,5.0
BMW Swift,2023,680000.0,19249.0,Petrol,Individual,Manual,First Owner,21.7 kmpl,796 CC,51.7 bhp,5.0
Honda 320d,2019,157000.0,45295.0,Petrol,Individual,Manual,Fourth & Above Owner,24.0 kmpl,1248 CC,69.7 bhp,5.0
Toyota Figo,2006,39000.0,220303.0,Petrol,Individual,Manual,First Owner,14.7 kmpl,1197 CC,105.4 bhp,5.0
BMW XUV,2007,203000.0,167001.0,Petrol,Individual,Manual,First Owner,16.4 kmpl,2179 CC,138.6 bhp,5.0
Tata i20,2008,48000.0,117601.0,Petrol,Individual,Manual,First Owner,13.6 kmpl,1582 CC,112.9 bhp,5.0
Toyota Polo,2023,552000.0,27242.0,Diesel,Dealer,Manual,First Owner,20.4 kmpl,1197 CC,92.3 bhp,7.0
Ford Nexon,2011,107000.0,146139.0,Petrol,Individual,Automatic,First Owner,20.6 kmpl,2179 CC,179.7 bhp,5.0
Tata Figo,2022,228000.0,55404.0,LPG,Individual,Manual,First Owner,17.3 kmpl,998 CC,56.3 bhp,5.0
Ford i20,2015,55000.0,96064.0,Petrol,Dealer,Manual,Fourth & Above Owner,10.7 kmpl,796 CC,66.7 bhp,5.0
Audi XUV,2023,846000.0,48273.0,Petrol,Individual,Manual,Second Owner,25.5 kmpl,1582 CC,127.7 bhp,5.0
Toyota Figo,2013,99000.0,205966.0,Diesel,Individual,Manual,First Owner,17.8 kmpl,1498 CC,110.3 bhp,5.0
Ford A4,2016,100000.0,153482.0,Petrol,Dealer,Manual,First Owner,23.7 kmpl,1968 CC,131.3 bhp,5.0
Maruti XUV,2011,35000.0,219522.0,Petrol,Individual,Manual,First Owner,25.5 kmpl,1197 CC,99.3 bhp,5.0
Honda 320d,2008,39000.0,183397.0,Diesel,Individual,Manual,Fourth & Above Owner,18.0 kmpl,796 CC,51.5 bhp,5.0
Toyota XUV,2017,182000.0,123455.0,Petrol,Dealer,Manual,First Owner,21.8 kmpl,998 CC,76.7 bhp,5.0
Mahindra A4,2019,242000.0,66939.0,Diesel,Individual,Manual,Second Owner,25.2 kmpl,2179 CC,186.7 bhp,5.0
Hyundai XUV,2022,301000.0,54255.0,Diesel,Individual,Manual,Second Owner,23.7 kmpl,1248 CC,100.1 bhp,5.0
Honda A4,2024,262000.0,38295.0,Petrol,Individual,Manual,Second Owner,14.4 kmpl,998 CC,69.1 bhp,4.0
Mahindra A4,2014,119000.0,152940.0,Petrol,Individual,Automatic,First Owner,11.7 kmpl,1197 CC,101.8 bhp,5.0
Skoda Innova,2007,44000.0,233864.0,Petrol,Individual,Manual,Third Owner,11.8 kmpl,1582 CC,100.9 bhp,5.0
Hyundai XUV,2015,116000.0,66396.0,Petrol,Individual,Manual,First Owner,19.1 kmpl,1498 CC,110.7 bhp,5.0
Ford Rapid,2019,234000.0,49061.0,Petrol,Individual,Manual,First Owner,13.9 kmpl,2179 CC,147.9 bhp,7.0
Honda 320d,2025,443000.0,22825.0,CNG,Dealer,Automatic,First Owner,24.3 kmpl,796 CC,51.6 bhp,
Honda Polo,2018,214000.0,97242.0,Petrol,Individual,Manual,First Owner,22.9 kmpl,1968 CC,173.2 bhp,5.0
Toyota Rapid,2024,577000.0,17302.0,Diesel,Individual,Manual,First Owner,16.3 kmpl,998 CC,,5.0
Maruti Nexon,2011,74000.0,216950.0,Diesel,Individual,Automatic,First Owner,18.5 kmpl,1498 CC,85.1 bhp,5.0
Honda Rapid,2014,87000.0,143462.0,CNG,Individual,Automatic,Third Owner,12.2 kmpl,998 CC,83.7 bhp,5.0
Tata Swift,2009,53000.0,162290.0,Petrol,Individual,Manual,First Owner,12.6 kmpl,1968 CC,169.0 bhp,5.0
Audi Figo,2006,193000.0,180451.0,Petrol,Individual,Automatic,First Owner,15.0 kmpl,2179 CC,185.1 bhp,5.0
Honda 320d,2004,29000.0,233554.0,Petrol,Individual,Manual,Second Owner,23.0 kmpl,1498 CC,89.3 bhp,7.0
Hyundai A4,2020,225000.0,38248.0,Petrol,Individual,Manual,Second Owner,15.2 kmpl,1582 CC,121.9 bhp,
Maruti 320d,2025,495000.0,34942.0,Diesel,Dealer,Manual,First Owner,11.8 kmpl,1968 CC,148.6 bhp,5.0
Honda Polo,2004,51000.0,259708.0,Diesel,Individual,Manual,First Owner,10.7 kmpl,1968 CC,115.4 bhp,5.0
Honda City,2017,193000.0,144186.0,Diesel,Individual,Manual,First Owner,13.9 kmpl,1498 CC,93.6 bhp,7.0
Hyundai 320d,2015,111000.0,72948.0,Petrol,Individual,Manual,First Owner,14.8 kmpl,,67.6 bhp,5.0
Maruti Polo,2013,60000.0,195987.0,Petrol,Individual,Manual,First Owner,25.9 kmpl,1197 CC,104.9 bhp,7.0
Mahindra A4,2023,289000.0,36956.0,Petrol,Individual,Manual,First Owner,10.5 kmpl,998 CC,62.1 bhp,5.0
Maruti City,2006,40000.0,265058.0,Diesel,Individual,Automatic,First Owner,14.5 kmpl,1582 CC,129.2 bhp,5.0
Ford A4,2011,46000.0,121984.0,Petrol,Individual,Manual,First Owner,18.7 kmpl,796 CC,48.3 bhp,7.0
Maruti 320d,2025,564000.0,33578.0,Diesel,Dealer,Manual,First Owner,24.7 kmpl,1968 CC,170.3 bhp,5.0
Mahindra i20,2017,100000.0,81297.0,CNG,Dealer,Manual,Second Owner,25.0 kmpl,796 CC,55.2 bhp,4.0
Maruti XUV,2017,194000.0,53336.0,Diesel,Dealer,Automatic,First Owner,19.7 kmpl,1248 CC,92.5 bhp,5.0
Hyundai Nexon,2005,20000.0,266075.0,Diesel,Individual,Automatic,Second Owner,22.6 kmpl,796 CC,63.0 bhp,5.0
Audi Figo,2014,265000.0,120041.0,Diesel,Individual,Manual,Second Owner,,1498 CC,93.5 bhp,5.0
Honda Polo,2013,58000.0,184724.0,Diesel,Individual,Manual,First Owner,11.8 kmpl,796 CC,45.1 bhp,5.0
Volkswagen Polo,2023,327000.0,59531.0, petrol ,Individual,Manual,First Owner,11.3 kmpl,1248 CC,93.7 bhp,5.0
Toyota City,2011,92000.0,228309.0,Petrol,Dealer,Automatic,Second Owner,15.9 kmpl,1968 CC,128.0 bhp,7.0
Toyota Innova,2013,107000.0,165231.0,Petrol,Individual,Manual,First Owner,18.7 kmpl,998 CC,64.9 bhp,5.0
Mahindra Figo,2012,113000.0,180903.0,Diesel,Individual,Automatic,Third Owner,10.2 kmpl,2179 CC,141.6 bhp,5.0
Mahindra Figo,2010,54000.0,203686.0,Petrol,Individual,Manual,First Owner,13.7 kmpl,1498 CC,95.0 bhp,5.0
Hyundai Swift,2025,429000.0,25076.0,Diesel,Individual,Automatic,First Owner,22.9 kmpl,796 CC,67.1 bhp,7.0
Tata City,2023,306000.0,54045.0,Diesel,Individual,Manual,First Owner,15.3 kmpl,1248 CC,106.8 bhp,5.0
Maruti A4,2025,314000.0,21618.0,Petrol,Individual,Manual,First Owner,16.8 kmpl,1197 CC,72.7 bhp,5.0
Hyundai Rapid,2025,520000.0,14327.0,Diesel,Individual,Manual,First Owner,17.9 kmpl,1498 CC,124.2 bhp,5.0
Honda Rapid,2004,27000.0,274735.0,Diesel,Individual,Automatic,First Owner,17.8 kmpl,998 CC,74.3 bhp,5.0
Maruti A4,2020,182000.0,89194.0,Petrol,Individual,Manual,Second Owner,16.2 kmpl,1968 CC,147.8 bhp,4.0
Maruti 320d,2021,153000.0,60554.0,Diesel,Individual,Manual,First Owner,16.8 kmpl,796 CC,62.5 bhp,5.0
Maruti Swift,2007,39000.0,117949.0,Diesel,Individual,Automatic,First Owner,20.5 kmpl,796 CC,66.4 bhp,5.0
Skoda City,2009,38000.0,176160.0,Diesel,Individual,Manual,Second Owner,15.1 kmpl,796 CC,47.2 bhp,5.0
Volkswagen Rapid,2024,746000.0,23865.0,Diesel,Individual,Manual,First Owner,24.7 kmpl,2179 CC,191.1 bhp,5.0
Skoda A4,2022,252000.0,32388.0,Petrol,Individual,Manual,Second Owner,24.6 kmpl,1197 CC,73.3 bhp,5.0
Maruti Figo,2004,17000.0,249379.0,Diesel,Individual,Automatic,First Owner,12.6 kmpl,998 CC,85.7 bhp,5.0
Ford Nexon,2024,269000.0,46251.0,Petrol,Individual,Manual,First Owner,25.9 kmpl,998 CC,84.1 bhp,5.0
Maruti Innova,2011,44000.0,218728.0,Petrol,Dealer,Manual,Second Owner,19.2 kmpl,1498 CC,124.4 bhp,5.0
Ford Rapid,2023,355000.0,46089.0,LPG,Dealer,Manual,First Owner,14.0 kmpl,1582 CC,92.0 bhp,5.0
Honda i20,2012,62000.0,196054.0,Petrol,Individual,Automatic,Second Owner,12.1 kmpl,1197 CC,97.7 bhp,5.0
Maruti XUV,2017,202000.0,75954.0,Petrol,Individual,Manual,First Owner,,2179 CC,162.2 bhp,5.0
BMW Rapid,2013,253000.0,161549.0,Diesel,Individual,Manual,Second Owner,,1248 CC,80.7 bhp,5.0
Tata Polo,2005,34000.0,153682.0,Diesel,Individual,Manual,Second Owner,11.7 kmpl,1968 CC,129.6 bhp,7.0
Skoda Figo,2014,198000.0,116737.0,Petrol,Individual,Automatic,First Owner,16.2 kmpl,1968 CC,153.4 bhp,5.0
Audi A4,2008,128000.0,103509.0,Diesel,Individual,Manual,First Owner,13.5 kmpl,796 CC,62.3 bhp,5.0
Maruti Nexon,2020,154000.0,79475.0,Petrol,Individual,Manual,First Owner,11.1 kmpl,1248 CC,87.4 bhp,5.0
Hyundai Figo,2004,11000.0,326243.0,Petrol,Individual,Manual,Second Owner,24.1 kmpl,998 CC,74.2 bhp,5.0
Skoda XUV,2011,129000.0,81538.0,Diesel,Trustmark Dealer,Automatic,First Owner,16.7 kmpl,1197 CC,96.1 bhp,5.0
Audi Swift,2013,425000.0,121693.0,Diesel,Individual,Manual,First Owner,10.9 kmpl,1498 CC,124.0 bhp,4.0
Hyundai Nexon,2007,26000.0,281357.0,Diesel,Dealer,Manual,Second Owner,23.1 kmpl,998 CC,65.1 bhp,5.0
Hyundai Nexon,2025,550000.0,20480.0,Petrol,Individual,Automatic,First Owner,15.1 kmpl,1582 CC,141.2 bhp,5.0
Honda Polo,2006,52000.0,286516.0,Petrol,Individual,Manual,First Owner,13.6 kmpl,2179 CC,128.6 bhp,5.0
Toyota Nexon,2018,182000.0,84884.0,Diesel,Individual,Automatic,Second Owner,12.4 kmpl,998 CC,59.6 bhp,5.0
Hyundai 320d,2011,68000.0,219958.0,Diesel,Individual,Manual,First Owner,12.3 kmpl,1197 CC,88.7 bhp,5.0
Hyundai Nexon,2020,313000.0,43018.0,Diesel,Individual,Automatic,Second Owner,17.4 kmpl,1248 CC,83.6 bhp,5.0
Honda Figo,2011,110000.0,95916.0,Petrol,Individual,Manual,First Owner,24.6 kmpl,1582 CC,92.0 bhp,5.0
Skoda Nexon,2005,19000.0,235202.0,Petrol,Individual,Manual,First Owner,18.6 kmpl,998 CC,71.3 bhp,5.0
Honda Figo,2014,94000.0,79079.0,Petrol,Individual,Manual,Second Owner,10.4 kmpl,998 CC,64.7 bhp,5.0
Tata XUV,2025,359000.0,10311.0,Diesel,Individual,Manual,Second Owner,12.1 kmpl,1582 CC,115.7 bhp,7.0
Hyundai City,2018,152000.0,130383.0,Diesel,Individual,Automatic,Second Owner,23.9 kmpl,1498 CC,123.9 bhp,5.0
Mahindra XUV,2005,50000.0,161085.0,Petrol,Individual,Manual,First Owner,11.4 kmpl,1582 CC,94.8 bhp,5.0
Maruti XUV,2008,38000.0,222498.0,Diesel,Dealer,Automatic,First Owner,16.7 kmpl,796 CC,48.2 bhp,
Toyota Innova,2022,324000.0,80416.0,Diesel,Dealer,Manual,Second Owner,22.9 kmpl,998 CC,56.2 bhp,5.0
Maruti Nexon,2021,124000.0,56976.0,Diesel,Individual,Manual,Second Owner,19.5 kmpl,796 CC,54.9 bhp,5.0
Mahindra Nexon,2007,43000.0,194548.0,Petrol,Individual,Manual,Second Owner,16.5 kmpl,1968 CC,131.5 bhp,5.0
Mahindra Nexon,2011,73000.0,208056.0,Petrol,Individual,Automatic,First Owner,12.3 kmpl,1248 CC,102.6 bhp,5.0
Skoda Polo,2010,53000.0,192027.0,Diesel,Dealer,Automatic,First Owner,22.5 kmpl,796 CC,55.0 bhp,7.0
Mahindra A4,2020,158000.0,77788.0,Petrol,Individual,Manual,First Owner,18.9 kmpl,796 CC,61.6 bhp,5.0
Tata City,2024,334000.0,20755.0,Diesel,Individual,Manual,First Owner,11.9 kmpl,1197 CC,95.4 bhp,5.0
Toyota Rapid,2015,169000.0,159452.0,CNG,Individual,Automatic,First Owner,14.0 kmpl,1197 CC,78.9 bhp,5.0
Maruti Rapid,2004,17000.0,264562.0,Diesel,Individual,Manual,Third Owner,13.7 kmpl,998 CC,57.1 bhp,5.0
Audi Rapid,2021,946000.0,40775.0,Diesel,Individual,Manual,Third Owner,21.9 kmpl,1968 CC,119.8 bhp,5.0
Tata Swift,2015,150000.0,73905.0,Petrol,Individual,Manual,Third Owner,15.5 kmpl,2179 CC,,5.0
Volkswagen Swift,2016,108000.0,100090.0,Petrol,Individual,Manual,Second Owner,17.4 kmpl,1248 CC,86.4 bhp,5.0
Tata City,2025,345000.0,11113.0,Diesel,Individual,Manual,First Owner,16.6 kmpl,998 CC,61.3 bhp,5.0
Honda City,2016,185000.0,75232.0,Diesel,Individual,Manual,First Owner,22.7 kmpl,1498 CC,120.9 bhp,5.0
Honda Swift,2017,218000.0,121431.0,Petrol,Dealer,Manual,First Owner,13.0 kmpl,1968 CC,141.4 bhp,5.0
Skoda A4,2019,345000.0,68108.0,Diesel,Dealer,Automatic,First Owner,20.5 kmpl,1498 CC,109.9 bhp,5.0
Mahindra A4,2010,79000.0,177173.0,Petrol,Dealer,Automatic,Second Owner,17.6 kmpl,1968 CC,151.5 bhp,5.0
Hyundai Swift,2008,55000.0,,Petrol,Individual,Manual,First Owner,25.6 kmpl,1968 CC,126.2 bhp,5.0
Mahindra City,2020,332000.0,60513.0,Diesel,Individual,Automatic,First Owner,,1197 CC,97.4 bhp,7.0
Toyota Figo,2023,797000.0,44103.0,Petrol,Individual,Automatic,First Owner,25.9 kmpl,1968 CC,167.5 bhp,5.0
Ford Polo,2008,39000.0,130057.0,Petrol,Individual,Manual,Second Owner,11.6 kmpl,1197 CC,67.0 bhp,5.0
Hyundai Nexon,2004,39000.0,230145.0,Diesel,Individual,Manual,First Owner,13.2 kmpl,2179 CC,191.7 bhp,5.0
Tata Nexon,2025,451000.0,19678.0,Petrol,Trustmark Dealer,Manual,First Owner,15.1 kmpl,1582 CC,111.9 bhp,5.0
Toyota Polo,2011,147000.0,114804.0,Diesel,Dealer,Manual,First Owner,17.5 kmpl,2179 CC,172.1 bhp,5.0
Honda A4,2020,245000.0,98262.0,Diesel,Individual,Automatic,First Owner,13.1 kmpl,998 CC,85.3 bhp,5.0
Maruti Swift,2020,213000.0,52739.0,Petrol,Individual,Manual,First Owner,18.5 kmpl,1248 CC,78.8 bhp,5.0
Tata i20,2009,79000.0,135455.0,Diesel,Individual,Manual,First Owner,22.6 kmpl,1968 CC,125.7 bhp,7.0
Volkswagen A4,2021,347000.0,33126.0,Petrol,Individual,Manual,First Owner,11.3 kmpl,1498 CC,112.4 bhp,5.0
Ford Nexon,2015,84000.0,90430.0,Petrol,Individual,Manual,First Owner,12.1 kmpl,1197 CC,74.5 bhp,5.0
Ford Rapid,2012,117000.0,104390.0,Petrol,Dealer,Manual,First Owner,12.1 kmpl,1968 CC,140.0 bhp,5.0
Toyota 320d,2008,60000.0,,Petrol,Individual,Manual,First Owner,24.4 kmpl,1582 CC,141.0 bhp,5.0
Volkswagen City,2016,106000.0,69015.0,Petrol,Individual,Manual,Third Owner,13.6 kmpl,998 CC,57.6 bhp,5.0
Mahindra Polo,2009,70000.0,147671.0,Diesel,Individual,Manual,Second Owner,22.2 kmpl,1582 CC,117.8 bhp,5.0
Hyundai Innova,2018,163000.0,50822.0,CNG,Individual,Manual,First Owner,,1248 CC,77.7 bhp,5.0
Toyota A4,2010,147000.0,127898.0,Diesel,Individual,Automatic,Fourth & Above Owner,18.8 kmpl,1582 CC,98.5 bhp,5.0
Maruti Polo,2025,474000.0,10240.0,Diesel,Dealer,Automatic,First Owner,12.8 kmpl,1582 CC,,5.0
Mahindra City,2010,68000.0,132970.0,Petrol,Individual,Manual,First Owner,18.4 kmpl,998 CC,89.7 bhp,5.0
BMW Polo,2016,428000.0,83938.0,Diesel,Individual,Manual,Third Owner,14.7 kmpl,1197 CC,91.0 bhp,5.0
Honda A4,2015,152000.0,136194.0,CNG,Individual,Manual,First Owner,19.7 kmpl,2179 CC,147.1 bhp,5.0
Volkswagen Innova,2024,474000.0,21260.0,Petrol,Individual,Manual,First Owner,22.3 kmpl,1582 CC,99.4 bhp,5.0
Honda Nexon,2023,359000.0,45643.0,Diesel,Individual,Automatic,Second Owner,24.2 kmpl,1197 CC,92.2 bhp,5.0
Hyundai Nexon,2014,119000.0,78356.0,Petrol,Individual,Automatic,Second Owner,21.6 kmpl,1582 CC,114.2 bhp,5.0
Tata Polo,2007,36000.0,229332.0,Diesel,Dealer,Automatic,First Owner,,1197 CC,85.3 bhp,5.0
Tata XUV,2010,28000.0,211993.0,Diesel,Individual,Manual,Fourth & Above Owner,16.3 kmpl,998 CC,65.3 bhp,5.0
Maruti Polo,2020,118000.0,58925.0,Petrol,Individual,Manual,Second Owner,17.1 kmpl,1197 CC,70.8 bhp,5.0
Tata Rapid,2017,125000.0,57353.0,Petrol,Individual,Automatic,First Owner,25.1 kmpl,998 CC,66.8 bhp,5.0
Honda Rapid,2011,59000.0,134603.0,Petrol,Individual,Manual,First Owner,13.9 kmpl,796 CC,71.1 bhp,5.0
Maruti XUV,2009,64000.0,114678.0,CNG,Individual,Automatic,First Owner,12.7 kmpl,1498 CC,109.5 bhp,7.0
Audi Figo,2013,267000.0,147774.0,CNG,Individual,Manual,First Owner,12.8 kmpl,,107.7 bhp,5.0
Toyota XUV,2022,386000.0,58757.0,Petrol,Individual,Manual,Second Owner,13.2 kmpl,1197 CC,85.3 bhp,5.0
Audi Nexon,2022,789000.0,38643.0,Diesel,Individual,Manual,First Owner,12.6 kmpl,796 CC,63.4 bhp,7.0
Volkswagen Figo,2009,71000.0,189046.0,Diesel,Dealer,Manual,Second Owner,23.5 kmpl,1968 CC,150.6 bhp,7.0
Hyundai Rapid,2013,81000.0,127851.0,Diesel,Dealer,Manual,First Owner,21.9 kmpl,998 CC,67.5 bhp,5.0
Mahindra XUV,2011,160000.0,152758.0,Diesel,Dealer,Automatic,First Owner,12.9 kmpl,2179 CC,130.1 bhp,5.0
Hyundai 320d,2004,35000.0,256398.0,Diesel,Dealer,Automatic,Second Owner,21.9 kmpl,1582 CC,121.5 bhp,7.0
Honda Polo,2012,120000.0,153517.0,Petrol,Individual,Manual,First Owner,,1968 CC,115.5 bhp,5.0
Ford Swift,2013,71000.0,187317.0,Diesel,Individual,Manual,Third Owner,25.3 kmpl,1498 CC,125.6 bhp,5.0
Tata City,2014,67000.0,139907.0,Diesel,Individual,Manual,Second Owner,16.0 kmpl,1248 CC,93.0 bhp,5.0
Toyota i20,2018,256000.0,106024.0,Diesel,Individual,Manual,Second Owner,18.4 kmpl,1248 CC,92.2 bhp,5.0
Hyundai Polo,2009,44000.0,180197.0,Petrol,Individual,Manual,First Owner,13.4 kmpl,1248 CC,104.8 bhp,5.0
Maruti City,2015,147000.0,63579.0,Diesel,Dealer,Manual,First Owner,17.3 kmpl,1968 CC,114.2 bhp,5.0
Toyota Figo,2005,42000.0,291526.0,Petrol,Dealer,Manual,First Owner,15.3 kmpl,1498 CC,127.3 bhp,5.0
Hyundai Nexon,2005,38000.0,160153.0,CNG,Individual,Manual,First Owner,10.4 kmpl,1582 CC,96.5 bhp,4.0
Honda Rapid,2017,226000.0,116597.0,Diesel,Individual,Automatic,First Owner,23.0 kmpl,1582 CC,113.5 bhp,5.0
Ford Rapid,2011,76000.0,140802.0,Petrol,Individual,Manual,First Owner,20.7 kmpl,1582 CC,129.3 bhp,7.0
Maruti City,2025,436000.0,15738.0,Diesel,Individual,Manual,First Owner,22.7 kmpl,1197 CC,96.3 bhp,5.0
Audi Swift,2014,267000.0,127258.0,Petrol,Dealer,Manual,First Owner,19.8 kmpl,998 CC,81.6 bhp,5.0
Ford Polo,2018,143000.0,120643.0,Petrol,Individual,Automatic,Third Owner,24.7 kmpl,1248 CC,,5.0
Skoda Rapid,2021,324000.0,51555.0,Petrol,Individual,Automatic,First Owner,16.0 kmpl,998 CC,55.2 bhp,5.0
Hyundai XUV,2023,247000.0,49833.0,Diesel,Individual,Manual,Second Owner,22.0 kmpl,998 CC,70.3 bhp,5.0
Ford A4,2016,157000.0,56585.0,Petrol,Individual,Manual,First Owner,13.6 kmpl,1498 CC,98.9 bhp,5.0
Maruti City,2020,187000.0,94443.0,Diesel,Dealer,Manual,First Owner,14.1 kmpl,998 CC,83.8 bhp,5.0
Tata i20,2019,165000.0,61448.0,Petrol,Dealer,Manual,Second Owner,,1582 CC,128.2 bhp,5.0
Toyota Rapid,2010,117000.0,87025.0,Diesel,Individual,Manual,First Owner,19.4 kmpl,1197 CC,84.5 bhp,5.0
Maruti i20,2004,21000.0,250463.0,Petrol,Individual,Automatic,First Owner,11.5 kmpl,,61.9 bhp,5.0
Maruti A4,2020,181000.0,66407.0,Petrol,Individual,Manual,Second Owner,16.1 kmpl,1968 CC,161.0 bhp,7.0
Hyundai Innova,2015,120000.0,152475.0,Diesel,Individual,Manual,First Owner,,1248 CC,98.5 bhp,5.0
Maruti Figo,2023,289000.0,59682.0,Petrol,Individual,Manual,First Owner,22.5 kmpl,,103.2 bhp,5.0
Honda Figo,2004,23000.0,231365.0,Petrol,Individual,Manual,First Owner,25.5 kmpl,1197 CC,68.6 bhp,5.0
Hyundai 320d,2007,40000.0,302642.0,Diesel,Individual,Manual,Second Owner,21.3 kmpl,2179 CC,158.5 bhp,5.0
Maruti Swift,2017,208000.0,56941.0,Diesel,Individual,Manual,First Owner,15.7 kmpl,1968 CC,171.5 bhp,5.0
Volkswagen Polo,2015,187000.0,112898.0,Petrol,Individual,Manual,First Owner,10.2 kmpl,1968 CC,111.4 bhp,5.0
Volkswagen Innova,2010,39000.0,178779.0,CNG,Individual,Manual,Third Owner,22.6 kmpl,998 CC,82.5 bhp,5.0
Skoda Figo,2018,214000.0,125571.0,Diesel,Individual,Manual,First Owner,22.2 kmpl,1968 CC,166.8 bhp,5.0
Maruti Nexon,2019,113000.0,88931.0,Petrol,Trustmark Dealer,Manual,First Owner,16.5 kmpl,796 CC,48.1 bhp,7.0
Ford Rapid,2020,318000.0,94173.0,Diesel,Individual,Automatic,First Owner,19.6 kmpl,1968 CC,171.8 bhp,5.0
Volkswagen Polo,2016,89000.0,74612.0,Petrol,Individual,Manual,First Owner,14.8 kmpl,796 CC,61.5 bhp,5.0
Maruti Nexon,2011,80000.0,150141.0,Petrol,Individual,Manual,First Owner,12.8 kmpl,2179 CC,178.4 bhp,5.0
Hyundai Innova,2013,156000.0,100432.0,Diesel,Individual,Manual,First Owner,10.9 kmpl,1498 CC,85.0 bhp,5.0
Audi A4,2004,82000.0,315411.0,Petrol,Individual,Manual,First Owner,19.9 kmpl,2179 CC,180.3 bhp,5.0
BMW i20,2016,346000.0,165143.0,Petrol,Individual,Manual,First Owner,21.3 kmpl,1248 CC,82.1 bhp,5.0
Maruti Innova,2014,67000.0,173545.0,Diesel,Individual,Manual,Second Owner,25.6 kmpl,1248 CC,71.9 bhp,5.0
Toyota Figo,2011,86000.0,78356.0,Petrol,Dealer,Manual,Second Owner,24.2 kmpl,796 CC,62.3 bhp,5.0
Mahindra A4,2008,48000.0,275660.0,Petrol,Dealer,Automatic,First Owner,17.4 kmpl,1582 CC,136.1 bhp,5.0
Hyundai 320d,2011,83000.0,189866.0,Petrol,Individual,Manual,First Owner,14.0 kmpl,2179 CC,166.8 bhp,5.0
Mahindra 320d,2012,111000.0,149245.0,Petrol,Individual,Manual,First Owner,15.4 kmpl,2179 CC,178.3 bhp,5.0
Volkswagen 320d,2020,292000.0,71770.0,Diesel,Individual,Manual,First Owner,11.2 kmpl,1582 CC,122.9 bhp,5.0
Maruti Figo,2007,23000.0,294467.0,Petrol,Individual,Manual,Fourth & Above Owner,12.9 kmpl,1582 CC,101.3 bhp,5.0
Skoda Swift,2008,76000.0,233121.0,Diesel,Individual,Automatic,Second Owner,13.9 kmpl,1968 CC,141.9 bhp,5.0
Volkswagen Swift,2024,476000.0,39214.0,Diesel,Individual,Automatic,First Owner,20.0 kmpl,1248 CC,103.6 bhp,5.0
Mahindra 320d,2008,35000.0,263225.0,Diesel,Individual,Manual,First Owner,10.9 kmpl,796 CC,64.1 bhp,5.0
Ford i20,2011,50000.0,229583.0,Petrol,Individual,Manual,First Owner,24.9 kmpl,1248 CC,82.4 bhp,7.0
Hyundai City,2015,68000.0,179997.0,Petrol,Individual,Manual,Second Owner,25.0 kmpl,1248 CC,76.2 bhp,5.0
BMW Nexon,2012,326000.0,143500.0,Diesel,Individual,Manual,First Owner,24.1 kmpl,1248 CC,110.7 bhp,5.0
Mahindra 320d,2009,73000.0,157947.0,Petrol,Individual,Manual,First Owner,17.9 kmpl,1968 CC,156.7 bhp,7.0
Maruti Rapid,2012,85000.0,179174.0,Petrol,Individual,Manual,First Owner,25.9 kmpl,2179 CC,174.6 bhp,5.0
Maruti Nexon,2025,455000.0,15624.0,Diesel,Dealer,Manual,Second Owner,12.7 kmpl,1968 CC,171.9 bhp,5.0
BMW A4,2008,250000.0,132143.0,Diesel,Dealer,Manual,First Owner,24.9 kmpl,2179 CC,191.0 bhp,5.0
Tata i20,2018,124000.0,91368.0,Diesel,Dealer,Manual,First Owner,15.2 kmpl,998 CC,59.7 bhp,5.0
Volkswagen City,2004,25000.0,318528.0,Diesel,Individual,Automatic,First Owner,23.6 kmpl,1248 CC,84.4 bhp,5.0
Mahindra Innova,2008,60000.0,100044.0,Diesel,Individual,Manual,First Owner,15.6 kmpl,998 CC,73.6 bhp,5.0
Maruti City,2018,115000.0,58058.0,Diesel,Individual,Automatic,First Owner,20.4 kmpl,796 CC,70.5 bhp,5.0
Toyota i20,2006,63000.0,248917.0,Diesel,Trustmark Dealer,Manual,First Owner,26.0 kmpl,1248 CC,,
BMW Innova,2021,1158000.0,74919.0,Petrol,Individual,Manual,First Owner,13.4 kmpl,2179 CC,,5.0
Honda Nexon,2010,92000.0,169415.0,Diesel,Individual,Manual,First Owner,12.3 kmpl,1968 CC,131.0 bhp,5.0
Tata A4,2020,300000.0,73248.0,Diesel,Individual,Automatic,Second Owner,,2179 CC,144.6 bhp,4.0
Toyota Innova,2021,222000.0,79206.0,Petrol,Individual,Manual,First Owner,16.0 kmpl,796 CC,64.5 bhp,5.0
Maruti Polo,2023,438000.0,29054.0,Petrol,Individual,Manual,First Owner,20.0 kmpl,1968 CC,157.2 bhp,5.0
Honda Figo,2024,864000.0,20550.0,Diesel,Individual,Manual,First Owner,18.6 kmpl,2179 CC,141.9 bhp,5.0
Hyundai Innova,2007,59000.0,224002.0,Diesel,Individual,Manual,First Owner,13.6 kmpl,1968 CC,172.9 bhp,5.0
Tata 320d,2022,272000.0,46354.0,Petrol,Individual,Manual,Second Owner,12.5 kmpl,1968 CC,150.4 bhp,5.0
Hyundai Innova,2014,101000.0,106725.0,Petrol,Individual,Automatic,First Owner,25.9 kmpl,998 CC,62.5 bhp,5.0
Toyota Nexon,2018,307000.0,108153.0,Diesel,Individual,Automatic,First Owner,14.4 kmpl,1498 CC,116.0 bhp,5.0
Ford i20,2017,192000.0,63964.0,Diesel,Individual,Manual,First Owner,15.5 kmpl,1582 CC,106.0 bhp,5.0
Ford A4,2024,496000.0,19176.0,Petrol,Individual,Automatic,First Owner,18.9 kmpl,1248 CC,91.8 bhp,5.0
Tata Figo,2012,94000.0,127061.0,Petrol,Individual,Automatic,First Owner,,1968 CC,155.0 bhp,5.0
Ford 320d,2023,332000.0,32523.0,Diesel,Individual,Manual,First Owner,21.8 kmpl,998 CC,66.8 bhp,5.0
Mahindra XUV,2010,94000.0,209653.0,Diesel,Dealer,Manual,Third Owner,10.1 kmpl,1968 CC,163.6 bhp,7.0
Honda 320d,2005,34000.0,227026.0,Petrol,Individual,Manual,First Owner,23.6 kmpl,1197 CC,68.2 bhp,5.0
Maruti Nexon,2010,32000.0,226769.0,Petrol,Individual,Manual,Third Owner,24.4 kmpl,1248 CC,76.2 bhp,5.0
Toyota Nexon,2008,63000.0,117906.0,Petrol,Individual,Automatic,First Owner,25.7 kmpl,796 CC,46.9 bhp,5.0
Honda Polo,2007,47000.0,177527.0,Petrol,Individual,Manual,First Owner,17.0 kmpl,1498 CC,131.8 bhp,5.0
Volkswagen Innova,2009,59000.0,136646.0,Petrol,Dealer,Automatic,Second Owner,,1248 CC,111.1 bhp,5.0
Mahindra Figo,2008,38000.0,128542.0,Petrol,Individual,Manual,First Owner,16.7 kmpl,,69.6 bhp,5.0
Toyota A4,2019,424000.0,41196.0,Diesel,Individual,Manual,Second Owner,15.7 kmpl,1968 CC,152.5 bhp,5.0
Ford Nexon,2013,65000.0,97469.0,Petrol,Dealer,Manual,First Owner,13.4 kmpl,796 CC,71.2 bhp,5.0
Maruti 320d,2005,15000.0,288253.0,CNG,Individual,Manual,Second Owner,14.6 kmpl,796 CC,47.0 bhp,5.0
Hyundai Polo,2019,166000.0,100147.0,Diesel,Individual,Manual,First Owner,25.2 kmpl,998 CC,79.9 bhp,5.0
Hyundai Rapid,2008,37000.0,283943.0,Petrol,Dealer,Manual,Third Owner,10.1 kmpl,2179 CC,159.3 bhp,5.0
Maruti XUV,2025,243000.0,12411.0,Petrol,Individual,Manual,Second Owner,17.4 kmpl,998 CC,76.7 bhp,5.0
Hyundai i20,2021,223000.0,58219.0,CNG,Individual,Automatic,Fourth & Above Owner,16.3 kmpl,998 CC,89.4 bhp,4.0
BMW Nexon,2007,74000.0,288700.0,Petrol,Individual,Manual,First Owner,15.2 kmpl,1197 CC,96.8 bhp,5.0
Mahindra XUV,2017,189000.0,69284.0,Diesel,Dealer,Manual,Third Owner,,1248 CC,108.6 bhp,5.0
Skoda Rapid,2010,54000.0,199937.0,Diesel,Individual,Manual,First Owner,11.1 kmpl,1248 CC,76.9 bhp,5.0
Ford Polo,2013,87000.0,152576.0,Petrol,Individual,Manual,Second Owner,,1498 CC,115.0 bhp,
Tata Nexon,2005,20000.0,225013.0,Petrol,Individual,Manual,Third Owner,19.5 kmpl,998 CC,85.9 bhp,5.0
Volkswagen City,2015,131000.0,78959.0,Petrol,Individual,Manual,First Owner,19.9 kmpl,1582 CC,128.4 bhp,5.0
Honda 320d,2025,917000.0,27636.0,Diesel,Individual,Automatic,First Owner,21.4 kmpl,1968 CC,137.1 bhp,5.0
Honda Rapid,2016,185000.0,85778.0,Petrol,Individual,Manual,First Owner,11.6 kmpl,1968 CC,108.3 bhp,5.0
Maruti XUV,2012,70000.0,77084.0,Diesel,Individual,Automatic,First Owner,15.6 kmpl,796 CC,46.9 bhp,5.0
Tata 320d,2025,414000.0,19945.0,Diesel,Individual,Manual,Second Owner,22.8 kmpl,1498 CC,122.7 bhp,5.0
Hyundai i20,2010,43000.0,106847.0,Petrol,Individual,Manual,Second Owner,24.1 kmpl,796 CC,67.3 bhp,5.0
Skoda 320d,2015,180000.0,109966.0,Petrol,Individual,Manual,First Owner,20.3 kmpl,1582 CC,133.3 bhp,5.0
Maruti Rapid,2015,54000.0,122592.0,Petrol,Individual,Manual,Second Owner,16.2 kmpl,998 CC,73.6 bhp,5.0
Volkswagen Innova,2025,408000.0,19029.0,Petrol,Individual,Manual,First Owner,21.4 kmpl,1582 CC,134.0 bhp,5.0
Hyundai Swift,2020,212000.0,38219.0,Diesel,Trustmark Dealer,Manual,First Owner,24.4 kmpl,1248 CC,98.1 bhp,5.0
Maruti Rapid,2004,34000.0,135016.0,Petrol,Individual,Manual,First Owner,19.5 kmpl,2179 CC,186.8 bhp,5.0
Toyota A4,2023,640000.0,24714.0,Petrol,Individual,Manual,Second Owner,12.9 kmpl,1968 CC,170.4 bhp,5.0
Toyota Polo,2008,63000.0,,Petrol,Individual,Manual,First Owner,15.5 kmpl,998 CC,63.7 bhp,5.0
Hyundai Innova,2006,20000.0,282523.0,Petrol,Individual,Manual,Second Owner,10.9 kmpl,1197 CC,67.1 bhp,5.0
Tata Rapid,2018,90000.0,110185.0,Petrol,Individual,Manual,Second Owner,14.8 kmpl,1248 CC,73.8 bhp,5.0
BMW Swift,2004,138000.0,183114.0,Diesel,Individual,Manual,First Owner,19.4 kmpl,1968 CC,135.3 bhp,
Volkswagen 320d,2021,174000.0,42132.0,Diesel,Dealer,Manual,Third Owner,20.3 kmpl,796 CC,60.7 bhp,5.0
Hyundai 320d,2019,229000.0,45664.0,Petrol,Dealer,Manual,First Owner,13.7 kmpl,1582 CC,115.2 bhp,5.0
Tata City,2021,181000.0,74194.0,Petrol,Individual,Manual,First Owner,10.7 kmpl,998 CC,56.1 bhp,5.0
Maruti 320d,2010,72000.0,158505.0,Diesel,Individual,Automatic,First Owner,15.9 kmpl,1248 CC,91.7 bhp,5.0
Mahindra Rapid,2025,407000.0,19760.0,Diesel,Individual,Manual,First Owner,19.8 kmpl,998 CC,60.7 bhp,5.0
Honda Nexon,2021,371000.0,52517.0,Diesel,Individual,Manual,First Owner,23.1 kmpl,1197 CC,82.9 bhp,5.0
Mahindra 320d,2021,201000.0,29501.0,Petrol,Dealer,Manual,Second Owner,,998 CC,83.5 bhp,7.0
Ford Innova,2019,197000.0,85207.0,Petrol,Individual,Automatic,Third Owner,15.1 kmpl,1248 CC,93.4 bhp,5.0
Maruti Figo,2010,54000.0,,Diesel,Trustmark Dealer,Manual,Third Owner,21.3 kmpl,1968 CC,111.4 bhp,5.0
Volkswagen Nexon,2014,187000.0,125521.0,Diesel,Individual,Manual,First Owner,,2179 CC,160.8 bhp,5.0
Volkswagen Swift,2022,419000.0,34966.0,Diesel,Individual,Manual,First Owner,20.4 kmpl,1498 CC,113.5 bhp,5.0
Maruti Figo,2020,291000.0,76912.0,Diesel,Individual,Manual,First Owner,12.8 kmpl,2179 CC,166.7 bhp,5.0
Skoda i20,2009,55000.0,91223.0,Diesel,Individual,Manual,Second Owner,25.8 kmpl,998 CC,80.5 bhp,5.0
Honda Rapid,2010,39000.0,229749.0,Petrol,Individual,Manual,First Owner,24.9 kmpl,998 CC,61.3 bhp,5.0
Hyundai Nexon,2009,38000.0,112155.0,Petrol,Individual,Manual,First Owner,20.1 kmpl,796 CC,61.0 bhp,5.0
Hyundai XUV,2024,428000.0,13219.0,Diesel,Individual,Manual,First Owner,19.7 kmpl,1197 CC,68.7 bhp,5.0
Skoda Nexon,2006,45000.0,123399.0,Petrol,Individual,Manual,First Owner,25.7 kmpl,1197 CC,93.3 bhp,5.0
Toyota A4,2025,581000.0,11499.0,Petrol,Individual,Manual,Second Owner,12.3 kmpl,1248 CC,77.4 bhp,5.0
Mahindra 320d,2020,269000.0,104214.0,Petrol,Individual,Manual,First Owner,19.7 kmpl,1582 CC,94.0 bhp,5.0
Toyota Polo,2009,67000.0,265075.0,Petrol,Individual,Manual,First Owner,24.9 kmpl,1968 CC,162.1 bhp,
Skoda Polo,2019,308000.0,61403.0,Petrol,Dealer,Manual,Fourth & Above Owner,,1968 CC,127.8 bhp,5.0
Mahindra Polo,2022,396000.0,36572.0,Diesel,Individual,Manual,First Owner,10.1 kmpl,1197 CC,87.2 bhp,5.0
Honda Figo,2022,184000.0,58074.0,Diesel,Individual,Manual,Second Owner,15.5 kmpl,796 CC,45.0 bhp,
Mahindra City,2020,181000.0,49812.0,Diesel,Individual,Manual,Third Owner,11.9 kmpl,998 CC,75.9 bhp,5.0
Skoda City,2004,21000.0,220488.0,Petrol,Individual,Manual,Second Owner,14.8 kmpl,1248 CC,105.1 bhp,7.0
Hyundai A4,2012,119000.0,140846.0,Petrol,Individual,Manual,First Owner,25.9 kmpl,1968 CC,137.0 bhp,5.0
Maruti Nexon,2016,113000.0,107887.0,Petrol,Individual,Manual,First Owner,23.8 kmpl,1582 CC,140.3 bhp,5.0
Ford Nexon,2013,69000.0,155702.0,Diesel,Individual,Manual,Third Owner,20.3 kmpl,998 CC,86.9 bhp,5.0
Honda i20,2005,28000.0,154619.0,Petrol,Individual,Manual,First Owner,19.6 kmpl,998 CC,60.8 bhp,5.0
Honda i20,2020,159000.0,77924.0,Petrol,Dealer,Manual,Second Owner,25.2 kmpl,998 CC,74.8 bhp,5.0
Mahindra Innova,2007,36000.0,177028.0,Petrol,Individual,Manual,Second Owner,14.1 kmpl,1248 CC,81.8 bhp,5.0
Mahindra 320d,2012,102000.0,119620.0,LPG,Individual,Manual,First Owner,10.3 kmpl,1582 CC,122.7 bhp,5.0
Honda i20,2013,83000.0,176540.0,Diesel,Individual,Manual,Fourth & Above Owner,22.6 kmpl,1197 CC,102.3 bhp,5.0
Maruti Swift,2007,58000.0,,Petrol,Individual,Automatic,First Owner,17.3 kmpl,1968 CC,165.2 bhp,5.0
Skoda Rapid,2004,29000.0,251186.0,Petrol,Individual,Manual,Second Owner,20.5 kmpl,1968 CC,172.3 bhp,5.0
Maruti i20,2016,102000.0,54701.0,Petrol,Individual,Manual,Second Owner,12.4 kmpl,1197 CC,107.6 bhp,5.0
Tata City,2021,193000.0,63139.0,Diesel,Individual,Manual,First Owner,13.7 kmpl,1197 CC,69.3 bhp,5.0
Honda Polo,2011,53000.0,234500.0,Diesel,Individual,Manual,Second Owner,24.5 kmpl,1498 CC,91.3 bhp,7.0
Volkswagen City,2006,26000.0,262698.0,Petrol,Individual,Automatic,Third Owner,21.4 kmpl,998 CC,85.3 bhp,7.0
Hyundai Nexon,2011,114000.0,110247.0,Diesel,Individual,Automatic,First Owner,11.8 kmpl,1197 CC,87.2 bhp,5.0
Skoda i20,2024,525000.0,43073.0,Petrol,Individual,Manual,Second Owner,,1968 CC,151.2 bhp,7.0
Hyundai XUV,2021,217000.0,83411.0,Diesel,Individual,Manual,Second Owner,24.4 kmpl,1248 CC,103.3 bhp,5.0
Toyota Innova,2007,46000.0,249388.0,Diesel,Individual,Manual,First Owner,14.3 kmpl,1197 CC,70.8 bhp,5.0
Honda A4,2008,31000.0,259355.0,Petrol,Individual,Manual,Second Owner,25.6 kmpl,1248 CC,87.1 bhp,5.0
Maruti Figo,2025,675000.0,14121.0,Diesel,Individual,Automatic,First Owner,11.9 kmpl,1968 CC,171.2 bhp,5.0
Honda Rapid,2008,99000.0,163075.0,Diesel,Dealer,Manual,First Owner,13.3 kmpl,2179 CC,121.4 bhp,5.0
Tata Polo,2012,40000.0,202932.0,Petrol,Individual,Manual,Second Owner,19.7 kmpl,998 CC,79.9 bhp,7.0
Maruti Figo,2019,279000.0,48535.0,Diesel,Individual,Automatic,First Owner,17.6 kmpl,1968 CC,,5.0
Mahindra Rapid,2014,102000.0,145588.0,Petrol,Individual,Manual,First Owner,19.9 kmpl,1248 CC,80.4 bhp,7.0
BMW Nexon,2021,897000.0,68020.0,Diesel,Individual,Manual,Second Owner,12.5 kmpl,1197 CC,90.0 bhp,7.0
Maruti Figo,2011,74000.0,100604.0,Diesel,Individual,Automatic,Second Owner,14.6 kmpl,1498 CC,82.7 bhp,5.0
Tata Figo,2006,35000.0,254562.0,Petrol,Individual,Manual,Second Owner,18.4 kmpl,2179 CC,127.5 bhp,5.0
Honda Nexon,2022,306000.0,28868.0,Diesel,Individual,Manual,First Owner,11.0 kmpl,796 CC,55.2 bhp,5.0
Honda i20,2025,473000.0,18140.0,Petrol,Individual,Manual,First Owner,10.1 kmpl,1498 CC,120.3 bhp,7.0
Hyundai City,2017,157000.0,84712.0,Diesel,Individual,Manual,Second Owner,25.6 kmpl,1498 CC,121.9 bhp,5.0
Mahindra City,2020,236000.0,90922.0,Petrol,Individual,Manual,First Owner,16.0 kmpl,1197 CC,104.1 bhp,5.0
Tata 320d,2011,44000.0,196108.0,Petrol,Dealer,Manual,First Owner,25.4 kmpl,1248 CC,100.8 bhp,5.0
Maruti Polo,2014,46000.0,154543.0,Petrol,Individual,Manual,Second Owner,23.4 kmpl,998 CC,60.9 bhp,5.0
Maruti A4,2008,24000.0,254782.0,Diesel,Individual,Manual,Second Owner,17.4 kmpl,796 CC,52.9 bhp,5.0
Volkswagen Swift,2025,558000.0,24264.0,Diesel,Dealer,Manual,First Owner,10.8 kmpl,1248 CC,102.5 bhp,5.0
Toyota Polo,2019,329000.0,62638.0,Diesel,Individual,Manual,First Owner,18.8 kmpl,1248 CC,105.9 bhp,5.0
Maruti Polo,2024,308000.0,32991.0,Petrol,Individual,Manual,Second Owner,21.1 kmpl,2179 CC,170.6 bhp,5.0
Mahindra Nexon,2010,71000.0,180076.0,Petrol,Individual,Automatic,First Owner,14.6 kmpl,1582 CC,111.2 bhp,5.0
Ford 320d,2019,235000.0,85155.0,Petrol,Individual,Manual,Third Owner,24.8 kmpl,2179 CC,172.2 bhp,7.0
Toyota Innova,2006,70000.0,250145.0,Petrol,Individual,Automatic,First Owner,,1968 CC,122.4 bhp,5.0
Mahindra 320d,2024,358000.0,41753.0,Petrol,Individual,Automatic,Third Owner,11.9 kmpl,998 CC,67.8 bhp,5.0
BMW City,2011,180000.0,131176.0,Petrol,Individual,Manual,First Owner,17.6 kmpl,998 CC,79.5 bhp,7.0
Skoda Swift,2004,20000.0,270646.0,Petrol,Individual,Manual,First Owner,22.4 kmpl,998 CC,68.0 bhp,5.0
Toyota Polo,2014,182000.0,186933.0,Petrol,Individual,Automatic,First Owner,22.1 kmpl,1968 CC,172.1 bhp,5.0
Toyota Polo,2008,92000.0,156941.0,Diesel,Individual,Automatic,First Owner,14.3 kmpl,998 CC,77.3 bhp,5.0
Mahindra Rapid,2022,322000.0,40750.0,Petrol,Individual,Manual,Fourth & Above Owner,16.5 kmpl,1197 CC,92.9 bhp,5.0
Hyundai City,2021,256000.0,65655.0,Petrol,Individual,Automatic,Second Owner,20.1 kmpl,1498 CC,83.1 bhp,5.0
Maruti Figo,2008,41000.0,110040.0,Petrol,Dealer,Automatic,First Owner,17.7 kmpl,796 CC,51.9 bhp,5.0
Tata Nexon,2004,17000.0,302865.0,Petrol,Individual,Manual,Second Owner,13.1 kmpl,1197 CC,,5.0
Maruti City,2012,64000.0,192170.0,Petrol,Individual,Manual,First Owner,20.7 kmpl,1582 CC,88.8 bhp,7.0
Honda City,2018,194000.0,128539.0,Diesel,Trustmark Dealer,Manual,First Owner,25.0 kmpl,1248 CC,104.8 bhp,7.0
Skoda Swift,2012,81000.0,174431.0,Diesel,Individual,Manual,First Owner,16.3 kmpl,998 CC,77.2 bhp,5.0
Hyundai Innova,2008,46000.0,150283.0,CNG,Individual,Manual,First Owner,,1582 CC,121.9 bhp,5.0
Tata XUV,2016,103000.0,89954.0,Diesel,Individual,Manual,First Owner,19.0 kmpl,998 CC,61.8 bhp,4.0
Maruti Rapid,2021,295000.0,31997.0,Diesel,Individual,Automatic,First Owner,13.5 kmpl,998 CC,71.8 bhp,7.0
Volkswagen Figo,2018,126000.0,59647.0,Petrol,Trustmark Dealer,Manual,Second Owner,20.0 kmpl,1197 CC,102.1 bhp,5.0
Mahindra Figo,2007,36000.0,190127.0,Petrol,Individual,Automatic,First Owner,16.4 kmpl,796 CC,71.3 bhp,7.0
Ford Nexon,2017,87000.0,124705.0,Petrol,Dealer,Manual,Second Owner,10.4 kmpl,1197 CC,92.9 bhp,5.0
Honda XUV,2005,37000.0,332014.0,Petrol,Individual,Manual,First Owner,16.8 kmpl,2179 CC,153.1 bhp,5.0
Hyundai Figo,2022,268000.0,62691.0,Diesel,Dealer,Manual,Second Owner,24.0 kmpl,1582 CC,107.0 bhp,7.0
Hyundai Nexon,2009,73000.0,113226.0,Diesel,Trustmark Dealer,Manual,Second Owner,23.2 kmpl,1968 CC,149.2 bhp,5.0
Tata City,2019,173000.0,48523.0,Diesel,Individual,Manual,First Owner,24.6 kmpl,1498 CC,82.5 bhp,5.0
Mahindra A4,2013,91000.0,197457.0,Petrol,Trustmark Dealer,Manual,First Owner,12.5 kmpl,1197 CC,80.7 bhp,5.0
Maruti A4,2006,51000.0,163381.0,Petrol,Individual,Automatic,Third Owner,13.6 kmpl,2179 CC,195.1 bhp,5.0
Hyundai A4,2011,77000.0,110994.0,Diesel,Individual,Manual,Second Owner,25.3 kmpl,1498 CC,84.4 bhp,5.0
Tata Polo,2018,96000.0,124336.0,CNG,Individual,Automatic,Third Owner,23.7 kmpl,796 CC,66.0 bhp,7.0
Hyundai Figo,2021,251000.0,49428.0,Petrol,Individual,Manual,First Owner,21.6 kmpl,1248 CC,73.7 bhp,5.0
Honda Nexon,2018,169000.0,84939.0,Petrol,Individual,Manual,Second Owner,14.2 kmpl,1248 CC,97.8 bhp,5.0
Ford Figo,2014,59000.0,143741.0,Petrol,Individual,Manual,First Owner,19.7 kmpl,796 CC,,7.0
Ford i20,2022,174000.0,49773.0,Diesel,Individual,Manual,Second Owner,25.8 kmpl,998 CC,69.9 bhp,5.0
Volkswagen XUV,2013,56000.0,174384.0,Petrol,Individual,Manual,First Owner,10.9 kmpl,796 CC,63.6 bhp,7.0
Toyota Figo,2005,41000.0,193933.0,Petrol,Individual,Manual,First Owner,14.2 kmpl,1248 CC,91.9 bhp,5.0
Hyundai City,2014,87000.0,91146.0,Petrol,Individual,Manual,Second Owner,12.2 kmpl,1197 CC,95.2 bhp,7.0
Hyundai City,2022,180000.0,45651.0,CNG,Individual,Manual,Second Owner,12.7 kmpl,,66.8 bhp,5.0
Mahindra Rapid,2020,371000.0,97874.0,Diesel,Individual,Manual,First Owner,18.0 kmpl,1582 CC,109.6 bhp,5.0
BMW Swift,2008,118000.0,251495.0,Petrol,Individual,Manual,First Owner,19.8 kmpl,,77.9 bhp,7.0
Skoda i20,2005,48000.0,314467.0,Diesel,Individual,Automatic,Second Owner,19.9 kmpl,2179 CC,159.7 bhp,5.0
Hyundai Innova,2010,58000.0,193679.0,Petrol,Individual,Manual,First Owner,14.1 kmpl,1582 CC,117.4 bhp,5.0
Maruti Rapid,2022,205000.0,57768.0,Petrol,Individual,Manual,Second Owner,17.2 kmpl,1498 CC,99.5 bhp,5.0
Skoda Nexon,2006,26000.0,300191.0,Petrol,Individual,Manual,Second Owner,14.2 kmpl,1197 CC,100.7 bhp,7.0
Volkswagen 320d,2011,54000.0,127897.0,CNG,Individual,Manual,Third Owner,11.2 kmpl,796 CC,66.2 bhp,5.0
Volkswagen Innova,2023,442000.0,30378.0,Petrol,Individual,Manual,First Owner,13.4 kmpl,2179 CC,142.0 bhp,5.0
Mahindra 320d,2006,73000.0,108101.0,Diesel,Individual,Manual,First Owner,23.5 kmpl,2179 CC,195.2 bhp,5.0
Honda Swift,2021,436000.0,49161.0,Diesel,Individual,Automatic,First Owner,23.2 kmpl,1968 CC,161.2 bhp,5.0
Hyundai Nexon,2007,36000.0,129441.0,Petrol,Dealer,Manual,Second Owner,,1582 CC,117.4 bhp,5.0
Maruti Swift,2024,237000.0,13341.0,Petrol,Individual,Manual,Third Owner,25.0 kmpl,1197 CC,86.6 bhp,5.0
Toyota City,2013,71000.0,163162.0,Petrol,Individual,Manual,Second Owner,21.0 kmpl,796 CC,64.8 bhp,5.0
Ford i20,2020,224000.0,95806.0,Diesel,Individual,Manual,First Owner,14.9 kmpl,1248 CC,110.0 bhp,5.0
Maruti Swift,2020,138000.0,63461.0,Diesel,Dealer,Manual,Third Owner,24.4 kmpl,796 CC,57.2 bhp,5.0
BMW Rapid,2023,1141000.0,39168.0,Petrol,Individual,Manual,First Owner,25.1 kmpl,1248 CC,96.6 bhp,5.0
Maruti Polo,2019,175000.0,99994.0,Diesel,Dealer,Manual,First Owner,12.3 kmpl,1582 CC,133.3 bhp,5.0
Hyundai XUV,2008,49000.0,272589.0,Diesel,Individual,Manual,First Owner,22.2 kmpl,1582 CC,131.3 bhp,5.0
Mahindra A4,2010,96000.0,193775.0,Diesel,Individual,Manual,First Owner,25.3 kmpl,2179 CC,188.5 bhp,5.0
Hyundai Figo,2013,110000.0,122781.0,Petrol,Individual,Automatic,First Owner,17.6 kmpl,1248 CC,74.7 bhp,5.0
Toyota City,2004,37000.0,251384.0,Petrol,Individual,Manual,First Owner,14.9 kmpl,1498 CC,105.7 bhp,5.0
Honda Nexon,2007,30000.0,232017.0,Diesel,Individual,Automatic,First Owner,11.9 kmpl,796 CC,66.2 bhp,5.0
Maruti 320d,2010,68000.0,158542.0,CNG,Individual,Automatic,Second Owner,13.2 kmpl,1968 CC,126.0 bhp,7.0
Maruti A4,2010,41000.0,222967.0,Petrol,Individual,Manual,First Owner,19.2 kmpl,998 CC,87.7 bhp,5.0
Maruti Polo,2005,30000.0,169211.0,Petrol,Individual,Automatic,Second Owner,21.8 kmpl,1582 CC,90.7 bhp,5.0
Honda Nexon,2013,131000.0,88694.0,Petrol,Individual,Manual,First Owner,24.7 kmpl,2179 CC,133.4 bhp,5.0
Tata Figo,2013,143000.0,81819.0,Diesel,Trustmark Dealer,Manual,First Owner,23.4 kmpl,2179 CC,135.4 bhp,7.0
Maruti Nexon,2017,102000.0,66397.0,Petrol,Individual,Manual,Second Owner,15.5 kmpl,1498 CC,109.6 bhp,5.0
Skoda Innova,2015,95000.0,72727.0,Petrol,Individual,Manual,Second Owner,12.7 kmpl,1197 CC,98.3 bhp,5.0
Honda Rapid,2019,249000.0,106633.0,Diesel,Individual,Manual,Third Owner,14.2 kmpl,1582 CC,112.3 bhp,5.0
Toyota 320d,2007,59000.0,146850.0,Diesel,Individual,Manual,First Owner,18.0 kmpl,1248 CC,101.1 bhp,5.0
Tata Figo,2004,41000.0,143878.0,Diesel,Individual,Manual,First Owner,13.0 kmpl,1968 CC,108.8 bhp,5.0
Skoda Nexon,2018,257000.0,104595.0,Petrol,Individual,Manual,First Owner,12.5 kmpl,1498 CC,128.1 bhp,7.0
Volkswagen 320d,2019,207000.0,108635.0,Diesel,Individual,Manual,Third Owner,22.8 kmpl,1582 CC,89.1 bhp,5.0
Maruti Polo,2016,77000.0,153458.0,Petrol,Individual,Manual,Second Owner,16.8 kmpl,1248 CC,81.3 bhp,5.0
Tata A4,2020,168000.0,67782.0,Petrol,Dealer,Manual,Second Owner,22.2 kmpl,1197 CC,85.8 bhp,7.0
BMW Polo,2024,1585000.0,16336.0,Diesel,Dealer,Manual,Second Owner,20.9 kmpl,1582 CC,118.5 bhp,7.0
Toyota 320d,2004,32000.0,192581.0,Petrol,Individual,Manual,Second Owner,20.8 kmpl,1248 CC,90.9 bhp,5.0
Hyundai XUV,2018,262000.0,86710.0,Petrol,Individual,Manual,First Owner,13.0 kmpl,2179 CC,131.8 bhp,5.0
Skoda 320d,2005,25000.0,166598.0,Petrol,Dealer,Manual,First Owner,15.2 kmpl,998 CC,61.1 bhp,5.0
Hyundai 320d,2022,355000.0,51781.0,Petrol,Individual,Automatic,Fourth & Above Owner,19.5 kmpl,1968 CC,177.1 bhp,7.0
Maruti 320d,2023,173000.0,18589.0,Petrol,Individual,Manual,First Owner,15.5 kmpl,796 CC,52.5 bhp,5.0
Maruti i20,2020,147000.0,40889.0,CNG,Individual,Manual,Third Owner,23.4 kmpl,1498 CC,105.3 bhp,5.0
Volkswagen 320d,2006,36000.0,250645.0,Petrol,Individual,Manual,First Owner,19.5 kmpl,2179 CC,158.8 bhp,5.0
Hyundai A4,2019,291000.0,60421.0,Diesel,Individual,Automatic,First Owner,15.6 kmpl,1582 CC,90.4 bhp,5.0
Toyota Figo,2018,180000.0,123189.0,Petrol,Individual,Manual,Second Owner,12.5 kmpl,1582 CC,120.1 bhp,5.0
Toyota 320d,2018,201000.0,77701.0,Petrol,Dealer,Manual,First Owner,23.6 kmpl,998 CC,58.0 bhp,4.0
Skoda Rapid,2014,243000.0,126082.0,Diesel,Individual,Manual,First Owner,15.5 kmpl,2179 CC,174.6 bhp,5.0
Honda City,2022,453000.0,28022.0,Diesel,Dealer,Manual,First Owner,20.2 kmpl,1582 CC,106.0 bhp,5.0
Volkswagen Innova,2024,508000.0,29114.0,Diesel,Individual,Automatic,First Owner,23.1 kmpl,1248 CC,87.1 bhp,5.0
Skoda Nexon,2018,187000.0,55216.0,Petrol,Individual,Manual,First Owner,23.6 kmpl,998 CC,83.9 bhp,5.0
BMW Swift,2005,117000.0,131096.0,Diesel,Individual,Manual,First Owner,21.8 kmpl,1197 CC,95.1 bhp,5.0
Hyundai 320d,2021,209000.0,59888.0,Diesel,Individual,Manual,First Owner,18.1 kmpl,998 CC,67.6 bhp,5.0
Honda Nexon,2013,78000.0,156010.0,Diesel,Individual,Manual,Fourth & Above Owner,13.3 kmpl,998 CC,73.8 bhp,5.0
Toyota XUV,2010,112000.0,173461.0,Diesel,Individual,Manual,First Owner,16.1 kmpl,1582 CC,115.9 bhp,7.0
Honda i20,2009,70000.0,110019.0,Diesel,Individual,Manual,Second Owner,24.4 kmpl,1582 CC,121.3 bhp,5.0
Maruti City,2009,40000.0,104558.0,Petrol,Individual,Manual,Third Owner,13.9 kmpl,1248 CC,76.6 bhp,5.0
Ford City,2004,26000.0,288633.0,Petrol,Individual,Manual,First Owner,22.6 kmpl,2179 CC,122.3 bhp,5.0
Tata City,2013,65000.0,184909.0,Petrol,Individual,Manual,First Owner,25.0 kmpl,998 CC,74.8 bhp,5.0
Maruti 320d,2025,500000.0,24668.0,Diesel,Individual,Automatic,First Owner,14.6 kmpl,1498 CC,108.4 bhp,5.0
Toyota A4,2019,229000.0,113176.0,Petrol,Dealer,Manual,First Owner,13.7 kmpl,998 CC,82.9 bhp,5.0
Hyundai Nexon,2018,159000.0,111822.0,Diesel,Individual,Manual,Second Owner,14.9 kmpl,1582 CC,103.0 bhp,5.0
Tata A4,2007,35000.0,290081.0,CNG,Individual,Manual,First Owner,23.0 kmpl,2179 CC,164.4 bhp,5.0
BMW XUV,2013,316000.0,198035.0,Petrol,Individual,Automatic,First Owner,14.8 kmpl,2179 CC,165.0 bhp,4.0
Toyota XUV,2010,131000.0,109861.0,Petrol,Individual,Manual,First Owner,11.5 kmpl,1968 CC,121.3 bhp,5.0
Audi Innova,2013,276000.0,163488.0,Petrol,Trustmark Dealer,Manual,First Owner,10.3 kmpl,1968 CC,143.9 bhp,5.0
Hyundai i20,2024,384000.0,17848.0,Diesel,Dealer,Manual,First Owner,10.3 kmpl,1197 CC,84.4 bhp,5.0
Mahindra Nexon,2007,42000.0,266658.0,Petrol,Individual,Manual,First Owner,17.7 kmpl,1968 CC,131.6 bhp,7.0
Volkswagen Innova,2020,283000.0,50974.0,Diesel,Individual,Manual,First Owner,14.0 kmpl,1582 CC,96.3 bhp,5.0
Maruti Polo,2006,27000.0,148034.0,Petrol,Individual,Manual,First Owner,14.1 kmpl,1248 CC,81.3 bhp,5.0
Skoda Swift,2008,42000.0,232204.0,Petrol,Dealer,Manual,Third Owner,23.0 kmpl,1498 CC,88.1 bhp,5.0
Ford i20,2005,26000.0,127811.0,Diesel,Individual,Manual,First Owner,,796 CC,45.3 bhp,7.0
Maruti Nexon,2012,68000.0,218472.0,Diesel,Individual,Automatic,Third Owner,22.3 kmpl,1582 CC,118.2 bhp,7.0
Toyota XUV,2023,518000.0,54262.0,CNG,Individual,Manual,First Owner,23.0 kmpl,1968 CC,120.7 bhp,5.0
Hyundai Nexon,2006,17000.0,301688.0,Petrol,Individual,Manual,First Owner,23.3 kmpl,796 CC,45.5 bhp,5.0
Mahindra Figo,2020,265000.0,96556.0,Diesel,Individual,Manual,First Owner,20.0 kmpl,1248 CC,76.1 bhp,5.0
Volkswagen Figo,2024,315000.0,29873.0,Diesel,Individual,Manual,First Owner,20.0 kmpl,1197 CC,89.5 bhp,5.0
Volkswagen Swift,2025,727000.0,11960.0,Diesel,Dealer,Automatic,First Owner,11.0 kmpl,1582 CC,132.4 bhp,5.0
Hyundai Figo,2006,16000.0,305342.0,Diesel,Individual,Manual,Second Owner,16.0 kmpl,998 CC,70.2 bhp,5.0
Hyundai Figo,2024,460000.0,,Diesel,Individual,Manual,First Owner,26.0 kmpl,1968 CC,149.9 bhp,
Hyundai i20,2009,38000.0,206483.0,Diesel,Individual,Automatic,Second Owner,14.4 kmpl,796 CC,55.1 bhp,
Volkswagen Polo,2016,83000.0,102194.0,Diesel,Individual,Manual,Second Owner,17.3 kmpl,796 CC,63.2 bhp,7.0
Mahindra i20,2025,694000.0,14101.0,Petrol,Individual,Automatic,First Owner,23.7 kmpl,1498 CC,90.6 bhp,5.0
Maruti Figo,2024,341000.0,21518.0,Petrol,Individual,Automatic,Third Owner,12.9 kmpl,1498 CC,94.0 bhp,5.0
Tata Swift,2021,281000.0,64013.0,Petrol,Individual,Automatic,First Owner,24.7 kmpl,1498 CC,128.8 bhp,4.0
Mahindra Nexon,2021,349000.0,47081.0,Petrol,Dealer,Manual,First Owner,20.4 kmpl,1498 CC,115.4 bhp,5.0
Mahindra A4,2018,143000.0,61629.0,Petrol,Individual,Manual,First Owner,19.1 kmpl,796 CC,61.2 bhp,5.0
Hyundai Nexon,2012,70000.0,130483.0,Petrol,Dealer,Manual,Third Owner,14.0 kmpl,1248 CC,107.0 bhp,5.0
Volkswagen Rapid,2021,397000.0,65053.0,Petrol,Individual,Automatic,Second Owner,15.0 kmpl,1582 CC,134.2 bhp,5.0
Honda Polo,2012,85000.0,161986.0,CNG,Individual,Manual,First Owner,12.9 kmpl,1968 CC,135.4 bhp,5.0
Maruti Polo,2009,29000.0,139554.0,Petrol,Individual,Manual,First Owner,14.6 kmpl,796 CC,53.4 bhp,
Volkswagen Nexon,2018,116000.0,67942.0,Diesel,Individual,Manual,Third Owner,22.8 kmpl,796 CC,53.0 bhp,5.0
Maruti Nexon,2020,196000.0,57297.0,Petrol,Individual,Automatic,First Owner,17.3 kmpl,1197 CC,69.3 bhp,5.0
Hyundai Swift,2011,130000.0,,Diesel,Individual,Automatic,First Owner,14.1 kmpl,2179 CC,141.9 bhp,5.0
Hyundai Swift,2011,42000.0,211718.0,Petrol,Individual,Manual,Second Owner,25.6 kmpl,1197 CC,87.5 bhp,7.0
BMW Innova,2004,62000.0,239864.0,Petrol,Dealer,Manual,First Owner,13.0 kmpl,998 CC,89.0 bhp,5.0
Honda i20,2022,201000.0,71227.0,Petrol,Individual,Manual,First Owner,16.3 kmpl,796 CC,44.7 bhp,5.0
Maruti City,2006,15000.0,288883.0,Petrol,Individual,Manual,Fourth & Above Owner,11.2 kmpl,1582 CC,124.7 bhp,5.0
BMW Polo,2020,1125000.0,78882.0,Petrol,Individual,Automatic,First Owner,15.2 kmpl,2179 CC,176.2 bhp,5.0
Hyundai 320d,2020,315000.0,101522.0,Petrol,Individual,Automatic,First Owner,20.0 kmpl,2179 CC,124.1 bhp,5.0
Tata 320d,2025,340000.0,19098.0,Petrol,Individual,Manual,Second Owner,24.1 kmpl,1968 CC,164.8 bhp,5.0
Honda Innova,2015,94000.0,120164.0,Petrol,Individual,Manual,Second Owner,10.2 kmpl,1197 CC,73.9 bhp,5.0
Honda Innova,2010,71000.0,123789.0,Diesel,Dealer,Manual,First Owner,16.4 kmpl,796 CC,64.2 bhp,5.0
Skoda Swift,2025,399000.0,17407.0,Diesel,Individual,Manual,Second Owner,16.1 kmpl,1248 CC,94.3 bhp,7.0
Maruti Swift,2016,121000.0,138908.0,Petrol,Individual,Manual,First Owner,21.3 kmpl,1498 CC,110.6 bhp,5.0
Honda Figo,2024,517000.0,24730.0,Petrol,Individual,Manual,First Owner,16.7 kmpl,1498 CC,,7.0
Maruti Innova,2013,98000.0,90752.0,Diesel,Dealer,Manual,Third Owner,15.1 kmpl,1968 CC,127.7 bhp,5.0
Mahindra Figo,2016,180000.0,93196.0,CNG,Individual,Automatic,First Owner,23.0 kmpl,1197 CC,103.0 bhp,5.0
Hyundai City,2019,197000.0,104580.0,CNG,Individual,Manual,First Owner,22.3 kmpl,1968 CC,151.8 bhp,5.0
Toyota XUV,2017,121000.0,119894.0,Petrol,Individual,Manual,Second Owner,15.2 kmpl,796 CC,64.1 bhp,7.0
Mahindra City,2010,55000.0,152454.0,Diesel,Trustmark Dealer,Automatic,First Owner,20.1 kmpl,796 CC,46.6 bhp,7.0
Ford Swift,2006,31000.0,221737.0,Petrol,Dealer,Manual,First Owner,,1498 CC,86.8 bhp,5.0
Mahindra Nexon,2010,81000.0,131913.0,Diesel,Individual,Manual,Second Owner,11.0 kmpl,2179 CC,183.9 bhp,5.0
Skoda Rapid,2015,132000.0,99013.0,Petrol,Individual,Manual,Third Owner,16.3 kmpl,1582 CC,99.2 bhp,4.0
BMW Nexon,2008,190000.0,132445.0,Petrol,Individual,Automatic,First Owner,18.6 kmpl,998 CC,59.4 bhp,5.0
Volkswagen Innova,2011,85000.0,199781.0,Diesel,Individual,Manual,First Owner,18.4 kmpl,1498 CC,,5.0
Maruti City,2017,117000.0,59385.0,Diesel,Individual,Manual,Second Owner,15.7 kmpl,998 CC,72.5 bhp,5.0
Audi Nexon,2013,225000.0,216113.0,Diesel,Dealer,Manual,Second Owner,15.5 kmpl,1498 CC,123.1 bhp,5.0
Tata i20,2016,85000.0,92247.0,Petrol,Individual,Manual,Second Owner,10.1 kmpl,998 CC,61.0 bhp,5.0
Maruti Nexon,2022,277000.0,41720.0,Petrol,Individual,Manual,Second Owner,10.5 kmpl,2179 CC,135.7 bhp,5.0
Skoda Swift,2021,312000.0,,LPG,Individual,Manual,First Owner,15.1 kmpl,1197 CC,82.3 bhp,5.0
Mahindra 320d,2017,184000.0,105724.0,Diesel,Individual,Automatic,First Owner,18.2 kmpl,1197 CC,90.5 bhp,5.0
Mahindra A4,2018,174000.0,128574.0,Petrol,Dealer,Manual,First Owner,17.3 kmpl,1248 CC,109.2 bhp,5.0
Toyota Rapid,2025,541000.0,25389.0,Diesel,Individual,Manual,First Owner,18.7 kmpl,796 CC,70.7 bhp,5.0
Toyota 320d,2022,347000.0,67029.0,Diesel,Trustmark Dealer,Manual,Third Owner,13.6 kmpl,998 CC,62.9 bhp,5.0
Hyundai Figo,2016,145000.0,145474.0,Petrol,Individual,Manual,Second Owner,20.8 kmpl,1968 CC,169.8 bhp,5.0
Toyota City,2006,54000.0,260970.0,Petrol,Individual,Manual,First Owner,18.8 kmpl,2179 CC,184.8 bhp,5.0
Honda Figo,2010,92000.0,114544.0,Petrol,Individual,Manual,First Owner,24.6 kmpl,1498 CC,103.4 bhp,7.0
Mahindra Polo,2019,352000.0,108275.0,Diesel,Individual,Manual,First Owner,18.3 kmpl,2179 CC,146.6 bhp,7.0
Hyundai A4,2018,186000.0,83232.0,Diesel,Individual,Manual,First Owner,25.0 kmpl,1248 CC,87.2 bhp,5.0
Hyundai Polo,2016,121000.0,148678.0,Petrol,Dealer,Manual,First Owner,20.2 kmpl,1498 CC,96.4 bhp,5.0
Mahindra Rapid,2014,77000.0,78776.0,Petrol,Individual,Manual,First Owner,18.9 kmpl,1197 CC,88.1 bhp,5.0
Toyota A4,2017,300000.0,97288.0,Diesel,Individual,Manual,First Owner,24.9 kmpl,1968 CC,151.4 bhp,7.0
Maruti Nexon,2020,105000.0,58656.0,Petrol,Individual,Manual,Second Owner,15.9 kmpl,796 CC,44.8 bhp,5.0
Ford Nexon,2014,96000.0,105161.0,Petrol,Individual,Automatic,First Owner,12.4 kmpl,796 CC,69.1 bhp,5.0
Tata Figo,2017,159000.0,62108.0,Diesel,Individual,Manual,Second Owner,21.5 kmpl,1968 CC,174.9 bhp,5.0
Toyota Polo,2009,85000.0,176473.0,Diesel,Individual,Manual,First Owner,12.9 kmpl,1498 CC,90.3 bhp,5.0
Hyundai i20,2019,151000.0,42707.0,Petrol,Individual,Manual,First Owner,18.9 kmpl,1248 CC,105.3 bhp,4.0
Honda Innova,2009,85000.0,244528.0,Diesel,Individual,Manual,First Owner,12.0 kmpl,2179 CC,149.3 bhp,5.0
Mahindra City,2019,151000.0,108987.0,Diesel,Trustmark Dealer,Manual,Second Owner,13.0 kmpl,998 CC,77.0 bhp,5.0
Volkswagen Rapid,2017,115000.0,112249.0,Diesel,Individual,Automatic,First Owner,16.3 kmpl,796 CC,61.1 bhp,5.0
Maruti Rapid,2013,60000.0,112799.0,Petrol,Dealer,Manual,First Owner,11.9 kmpl,998 CC,58.7 bhp,5.0
Audi 320d,2017,504000.0,124893.0,Diesel,Individual,Manual,First Owner,21.4 kmpl,1582 CC,129.7 bhp,5.0
Mahindra Swift,2006,31000.0,141796.0,Petrol,Individual,Manual,Third Owner,24.7 kmpl,1248 CC,73.2 bhp,5.0
Tata 320d,2009,49000.0,159345.0,Diesel,Trustmark Dealer,Manual,Second Owner,20.9 kmpl,2179 CC,136.6 bhp,5.0
Maruti XUV,2023,141000.0,,Petrol,Individual,Manual,Third Owner,,796 CC,54.5 bhp,5.0
Hyundai Innova,2025,738000.0,11233.0,Diesel,Individual,Manual,First Owner,21.5 kmpl,2179 CC,193.2 bhp,5.0
Audi XUV,2006,110000.0,201072.0,Diesel,Individual,Automatic,Third Owner,20.6 kmpl,1248 CC,80.1 bhp,7.0
Skoda A4,2024,622000.0,30776.0,Petrol,Individual,Manual,First Owner,18.2 kmpl,2179 CC,161.2 bhp,5.0
Ford i20,2021,331000.0,36336.0,Diesel,Individual,Manual,First Owner,15.8 kmpl,1582 CC,96.2 bhp,5.0
Hyundai Rapid,2025,582000.0,17616.0,Diesel,Dealer,Manual,First Owner,22.2 kmpl,1582 CC,128.7 bhp,5.0
Toyota City,2021,269000.0,38661.0,Diesel,Individual,Manual,Second Owner,15.7 kmpl,796 CC,68.1 bhp,5.0
Tata Polo,2017,196000.0,131584.0,Petrol,Dealer,Manual,First Owner,16.3 kmpl,2179 CC,122.2 bhp,5.0
Honda Figo,2018,252000.0,127652.0,Petrol,Individual,Automatic,First Owner,24.3 kmpl,1582 CC,95.6 bhp,5.0
Toyota Figo,2006,81000.0,213752.0,CNG,Dealer,Manual,First Owner,13.7 kmpl,2179 CC,169.6 bhp,5.0
Hyundai City,2017,184000.0,96288.0,Diesel,Individual,Manual,First Owner,13.2 kmpl,,132.7 bhp,5.0
Hyundai Swift,2009,63000.0,250135.0,Petrol,Individual,Automatic,Second Owner,14.6 kmpl,2179 CC,152.8 bhp,7.0
Maruti Rapid,2025,305000.0,20113.0,Petrol,Individual,Manual,First Owner,20.8 kmpl,998 CC,56.5 bhp,5.0
Honda XUV,2008,34000.0,272703.0,Petrol,Individual,Manual,Second Owner,14.9 kmpl,998 CC,55.7 bhp,7.0
Maruti i20,2024,337000.0,,Diesel,Individual,Manual,First Owner,20.5 kmpl,1498 CC,132.6 bhp,5.0
Ford Figo,2012,95000.0,125945.0,Diesel,Individual,Manual,First Owner,16.9 kmpl,1582 CC,122.2 bhp,7.0
Maruti Swift,2012,60000.0,182032.0,Diesel,Individual,Manual,Second Owner,19.2 kmpl,1498 CC,97.8 bhp,7.0
Ford Figo,2015,108000.0,79347.0,Petrol,Dealer,Manual,Second Owner,13.2 kmpl,1968 CC,142.6 bhp,5.0
Toyota Figo,2016,210000.0,62494.0,Petrol,Individual,Manual,First Owner,15.6 kmpl,1498 CC,102.2 bhp,7.0
Honda Nexon,2005,30000.0,222828.0,Petrol,Dealer,Manual,Third Owner,20.6 kmpl,1197 CC,83.6 bhp,5.0
Mahindra 320d,2013,93000.0,182156.0,Diesel,Individual,Manual,Second Owner,23.7 kmpl,1498 CC,113.4 bhp,5.0
Honda A4,2009,62000.0,161360.0,Petrol,Individual,Manual,First Owner,12.9 kmpl,1248 CC,93.5 bhp,5.0
Mahindra A4,2011,113000.0,190781.0,Diesel,Individual,Automatic,First Owner,24.5 kmpl,1498 CC,106.5 bhp,7.0
Skoda A4,2023,384000.0,21335.0,Diesel,Individual,Manual,Third Owner,18.1 kmpl,1582 CC,129.1 bhp,5.0
Honda City,2010,76000.0,101159.0,Petrol,Individual,Manual,First Owner,10.4 kmpl,1248 CC,80.3 bhp,5.0
Audi Nexon,2017,629000.0,119318.0,Diesel,Individual,Manual,First Owner,22.7 kmpl,1582 CC,,4.0
Tata A4,2006,27000.0,196911.0,Petrol,Trustmark Dealer,Manual,First Owner,10.4 kmpl,796 CC,66.1 bhp,5.0
Skoda Figo,2017,359000.0,52887.0,Petrol,Individual,Manual,First Owner,24.0 kmpl,1968 CC,173.9 bhp,5.0
Maruti Swift,2019,142000.0,87660.0,Petrol,Individual,Manual,First Owner,25.9 kmpl,1248 CC,84.3 bhp,5.0
Maruti Figo,2012,81000.0,94377.0,Petrol,Individual,Manual,Second Owner,19.0 kmpl,1582 CC,110.7 bhp,5.0
Volkswagen Nexon,2010,37000.0,228557.0,CNG,Individual,Manual,Second Owner,15.2 kmpl,1197 CC,75.6 bhp,5.0
BMW Rapid,2013,206000.0,154690.0,CNG,Individual,Manual,First Owner,14.8 kmpl,796 CC,70.2 bhp,5.0
Honda Swift,2013,117000.0,140520.0,Diesel,Individual,Manual,First Owner,22.3 kmpl,1582 CC,99.4 bhp,5.0
Honda 320d,2007,40000.0,248635.0,Petrol,Individual,Automatic,First Owner,16.9 kmpl,1197 CC,81.8 bhp,5.0
Maruti 320d,2023,402000.0,33342.0,Petrol,Individual,Automatic,First Owner,14.3 kmpl,1968 CC,153.3 bhp,5.0
Maruti Figo,2006,38000.0,312603.0,Diesel,Dealer,Manual,First Owner,15.3 kmpl,2179 CC,145.5 bhp,5.0
Hyundai 320d,2005,23000.0,181177.0,Petrol,Individual,Manual,Second Owner,18.7 kmpl,998 CC,85.0 bhp,5.0
Maruti Polo,2019,300000.0,48312.0,Petrol,Individual,Automatic,First Owner,19.6 kmpl,1968 CC,166.5 bhp,5.0
Maruti Figo,2004,18000.0,247494.0, petrol ,Individual,Manual,First Owner,13.4 kmpl,1197 CC,77.8 bhp,5.0
Maruti Figo,2012,51000.0,176771.0,Petrol,Individual,Manual,Second Owner,19.8 kmpl,1582 CC,132.2 bhp,5.0
Hyundai 320d,2018,181000.0,116318.0,Petrol,Individual,Manual,First Owner,14.3 kmpl,1248 CC,84.2 bhp,7.0
Volkswagen XUV,2008,44000.0,241970.0,Diesel,Individual,Manual,Second Owner,25.5 kmpl,1582 CC,101.4 bhp,4.0
Maruti XUV,2025,416000.0,23378.0,CNG,Dealer,Manual,First Owner,12.2 kmpl,1498 CC,130.4 bhp,5.0
Volkswagen i20,2024,588000.0,23608.0,Diesel,Dealer,Manual,Second Owner,23.7 kmpl,1968 CC,153.1 bhp,7.0
Tata Polo,2004,31000.0,250205.0,Diesel,Dealer,Manual,First Owner,17.7 kmpl,1968 CC,118.1 bhp,5.0
BMW 320d,2023,1137000.0,50578.0,Petrol,Individual,Manual,Second Owner,18.2 kmpl,1582 CC,110.0 bhp,7.0
Hyundai 320d,2024,335000.0,19630.0,CNG,Individual,Manual,Third Owner,13.7 kmpl,1498 CC,95.9 bhp,5.0
Hyundai Polo,2012,63000.0,122828.0,Petrol,Individual,Manual,First Owner,23.6 kmpl,1197 CC,76.2 bhp,5.0
Toyota Innova,2019,240000.0,74814.0,Petrol,Individual,Manual,Second Owner,22.6 kmpl,1498 CC,89.9 bhp,5.0
Mahindra Polo,2020,340000.0,59633.0,Diesel,Dealer,Automatic,Third Owner,20.2 kmpl,1498 CC,90.6 bhp,5.0
Maruti Innova,2025,440000.0,25581.0,Diesel,Individual,Manual,Second Owner,20.8 kmpl,1968 CC,175.2 bhp,5.0
Toyota A4,2017,300000.0,53051.0,Petrol,Individual,Automatic,First Owner,25.6 kmpl,2179 CC,151.3 bhp,5.0
Mahindra 320d,2004,38000.0,205582.0,Petrol,Dealer,Manual,Second Owner,19.5 kmpl,2179 CC,,5.0
Honda Polo,2020,405000.0,66960.0,Diesel,Individual,Manual,First Owner,10.9 kmpl,2179 CC,173.6 bhp,7.0
Honda Nexon,2008,62000.0,272606.0,Petrol,Dealer,Manual,First Owner,13.9 kmpl,2179 CC,194.8 bhp,5.0
Toyota Nexon,2021,312000.0,47751.0,Diesel,Individual,Manual,Third Owner,19.7 kmpl,1248 CC,100.9 bhp,5.0
Mahindra XUV,2014,140000.0,127594.0,Diesel,Individual,Automatic,First Owner,16.9 kmpl,1197 CC,68.1 bhp,5.0
Tata Rapid,2022,230000.0,42919.0,Diesel,Individual,Manual,First Owner,14.9 kmpl,796 CC,52.4 bhp,7.0
Toyota Swift,2021,533000.0,47411.0,Diesel,Individual,Manual,First Owner,23.2 kmpl,1498 CC,102.2 bhp,5.0
Toyota Polo,2018,145000.0,69294.0,Petrol,Individual,Manual,Second Owner,16.8 kmpl,796 CC,58.3 bhp,5.0
BMW Rapid,2022,954000.0,45650.0,Petrol,Trustmark Dealer,Automatic,Second Owner,21.1 kmpl,1248 CC,70.6 bhp,5.0
Tata Polo,2008,35000.0,264635.0,Petrol,Individual,Manual,First Owner,10.6 kmpl,1498 CC,119.5 bhp,5.0
Hyundai Nexon,2008,52000.0,164624.0,Petrol,Individual,Manual,Second Owner,22.9 kmpl,2179 CC,163.0 bhp,5.0
Honda City,2014,116000.0,75339.0,Petrol,Individual,Manual,Fourth & Above Owner,21.0 kmpl,1582 CC,131.9 bhp,5.0
Tata City,2023,292000.0,42464.0,Petrol,Individual,Automatic,Second Owner,11.5 kmpl,1582 CC,130.6 bhp,5.0
Tata i20,2015,103000.0,122060.0,Diesel,Individual,Manual,First Owner,20.1 kmpl,1248 CC,75.0 bhp,5.0
Mahindra XUV,2019,162000.0,115454.0,Diesel,Individual,Manual,Second Owner,16.8 kmpl,998 CC,63.5 bhp,4.0
Honda 320d,2007,53000.0,166023.0,Petrol,Individual,Automatic,First Owner,24.5 kmpl,1248 CC,95.1 bhp,5.0
Honda Swift,2021,171000.0,89274.0,Petrol,Dealer,Manual,Second Owner,20.4 kmpl,998 CC,77.1 bhp,5.0
Volkswagen XUV,2016,99000.0,116256.0,Diesel,Individual,Manual,Second Owner,13.9 kmpl,998 CC,62.4 bhp,4.0
Volkswagen Nexon,2013,127000.0,122784.0,Petrol,Individual,Manual,Second Owner,16.7 kmpl,2179 CC,194.5 bhp,
Maruti 320d,2016,161000.0,67979.0,Petrol,Dealer,Automatic,First Owner,21.1 kmpl,,132.2 bhp,5.0
Tata Figo,2004,27000.0,307152.0,Petrol,Individual,Automatic,First Owner,23.9 kmpl,1582 CC,139.5 bhp,5.0
Toyota A4,2021,212000.0,72742.0,Petrol,Individual,Manual,Second Owner,22.6 kmpl,998 CC,84.2 bhp,5.0
Maruti Polo,2004,38000.0,,Petrol,Dealer,Manual,First Owner,15.5 kmpl,1968 CC,114.2 bhp,5.0
Hyundai Figo,2015,78000.0,115273.0,Petrol,Individual,Manual,Third Owner,15.8 kmpl,1197 CC,93.5 bhp,5.0
Maruti Swift,2025,329000.0,27834.0,Diesel,Individual,Manual,Third Owner,18.6 kmpl,1197 CC,103.5 bhp,7.0
Hyundai Swift,2015,142000.0,82774.0,Petrol,Individual,Manual,First Owner,25.8 kmpl,1582 CC,116.4 bhp,7.0
Toyota Rapid,2009,70000.0,210899.0,Diesel,Individual,Manual,First Owner,10.4 kmpl,1498 CC,127.1 bhp,5.0
Mahindra Figo,2009,81000.0,185077.0,Petrol,Individual,Manual,Third Owner,21.1 kmpl,2179 CC,158.6 bhp,5.0
Honda A4,2018,355000.0,59336.0,Petrol,Individual,Automatic,First Owner,21.3 kmpl,1968 CC,159.6 bhp,7.0
Tata City,2010,24000.0,256499.0,Petrol,Individual,Manual,Third Owner,21.3 kmpl,796 CC,48.6 bhp,5.0
Volkswagen A4,2015,117000.0,92876.0,Petrol,Individual,Manual,First Owner,,1248 CC,99.8 bhp,5.0
Honda 320d,2024,346000.0,29662.0,Petrol,Individual,Manual,Second Owner,15.1 kmpl,998 CC,88.7 bhp,7.0
Mahindra City,2019,152000.0,70780.0,Diesel,Individual,Manual,Second Owner,21.3 kmpl,796 CC,62.0 bhp,7.0
Audi Rapid,2018,506000.0,45852.0,Petrol,Individual,Manual,First Owner,22.7 kmpl,998 CC,89.1 bhp,5.0
Skoda XUV,2008,47000.0,152101.0,Diesel,Individual,Manual,First Owner,11.7 kmpl,998 CC,,5.0
Hyundai Swift,2012,54000.0,,Diesel,Individual,Manual,First Owner,13.0 kmpl,998 CC,63.2 bhp,5.0
Skoda Figo,2020,231000.0,99651.0,Diesel,Individual,Manual,First Owner,19.8 kmpl,998 CC,58.9 bhp,5.0
Maruti i20,2013,77000.0,134685.0,Petrol,Individual,Automatic,First Owner,17.0 kmpl,1248 CC,98.2 bhp,5.0
Honda Nexon,2013,58000.0,185646.0,CNG,Individual,Manual,Second Owner,18.7 kmpl,1197 CC,99.6 bhp,5.0
Hyundai Polo,2004,49000.0,126878.0,Diesel,Individual,Automatic,Fourth & Above Owner,21.7 kmpl,2179 CC,127.2 bhp,
Mahindra 320d,2024,678000.0,27487.0,Diesel,Dealer,Manual,First Owner,15.0 kmpl,2179 CC,131.8 bhp,5.0
Tata Innova,2015,91000.0,105998.0,Petrol,Individual,Manual,Second Owner,16.0 kmpl,1197 CC,68.2 bhp,7.0
Tata XUV,2021,312000.0,38284.0,Petrol,Individual,Automatic,First Owner,22.8 kmpl,1582 CC,108.2 bhp,5.0
Tata Polo,2004,27000.0,302080.0,Diesel,Dealer,Manual,First Owner,13.9 kmpl,2179 CC,122.8 bhp,5.0
Volkswagen A4,2020,202000.0,89227.0,Petrol,Trustmark Dealer,Manual,Second Owner,18.5 kmpl,1582 CC,117.1 bhp,5.0
Honda City,2004,27000.0,202902.0,Diesel,Individual,Manual,First Owner,23.3 kmpl,796 CC,,5.0
BMW Rapid,2023,1991000.0,46950.0,Diesel,Individual,Manual,First Owner,14.9 kmpl,2179 CC,186.9 bhp,7.0
Toyota Innova,2025,323000.0,17628.0,Petrol,Individual,Manual,First Owner,22.0 kmpl,796 CC,59.8 bhp,5.0
Maruti Innova,2009,47000.0,118106.0,Diesel,Dealer,Manual,Third Owner,22.4 kmpl,1248 CC,89.4 bhp,5.0
Maruti Nexon,2004,27000.0,240877.0,Petrol,Dealer,Automatic,First Owner,13.9 kmpl,1582 CC,97.0 bhp,5.0
Hyundai i20,2021,264000.0,41819.0,Petrol,Dealer,Automatic,First Owner,19.7 kmpl,998 CC,85.5 bhp,5.0
Tata A4,2024,512000.0,26882.0,Diesel,Individual,Manual,First Owner,22.5 kmpl,1968 CC,148.3 bhp,5.0
Mahindra Figo,2006,59000.0,230363.0,Diesel,Individual,Manual,Third Owner,16.1 kmpl,2179 CC,135.9 bhp,5.0
Hyundai Rapid,2012,132000.0,84208.0,Petrol,Individual,Automatic,First Owner,17.8 kmpl,1968 CC,160.2 bhp,5.0
Mahindra 320d,2010,97000.0,199515.0,Diesel,Individual,Manual,First Owner,25.3 kmpl,2179 CC,130.9 bhp,5.0
Honda A4,2009,75000.0,234736.0,Petrol,Individual,Manual,First Owner,21.7 kmpl,2179 CC,138.4 bhp,
Maruti A4,2021,196000.0,52248.0,Diesel,Dealer,Manual,First Owner,24.4 kmpl,998 CC,64.5 bhp,5.0
Skoda Nexon,2007,43000.0,127778.0,Diesel,Dealer,Automatic,First Owner,18.6 kmpl,796 CC,57.3 bhp,5.0
Ford i20,2012,50000.0,206816.0,Diesel,Individual,Manual,First Owner,16.8 kmpl,998 CC,67.0 bhp,5.0
Volkswagen Polo,2007,46000.0,267515.0,Petrol,Dealer,Manual,First Owner,18.0 kmpl,2179 CC,190.9 bhp,5.0
Tata i20,2013,40000.0,179551.0,Petrol,Individual,Manual,Third Owner,25.1 kmpl,796 CC,61.2 bhp,7.0
Honda Nexon,2007,39000.0,280152.0,Petrol,Individual,Manual,Third Owner,23.0 kmpl,1968 CC,132.0 bhp,5.0
Maruti A4,2020,204000.0,96235.0,Diesel,Individual,Manual,Third Owner,16.2 kmpl,1498 CC,108.5 bhp,7.0
Hyundai City,2011,79000.0,81556.0,Diesel,Individual,Manual,First Owner,16.9 kmpl,1197 CC,92.5 bhp,5.0
Maruti Polo,2010,57000.0,123079.0,Petrol,Dealer,Manual,First Owner,24.5 kmpl,1498 CC,129.3 bhp,5.0
Honda Figo,2019,283000.0,85427.0,Diesel,Individual,Manual,First Owner,18.5 kmpl,1498 CC,117.5 bhp,7.0
Maruti Innova,2022,227000.0,44612.0,Diesel,Individual,Manual,First Owner,22.2 kmpl,998 CC,65.7 bhp,5.0
Hyundai City,2011,66000.0,206682.0,Petrol,Individual,Manual,First Owner,10.0 kmpl,1582 CC,140.0 bhp,7.0
Mahindra City,2012,90000.0,102131.0,Petrol,Individual,Automatic,First Owner,23.6 kmpl,998 CC,85.7 bhp,5.0
Maruti i20,2004,36000.0,170103.0,Diesel,Dealer,Manual,First Owner,23.0 kmpl,1968 CC,154.1 bhp,5.0
Volkswagen City,2010,59000.0,211041.0,Diesel,Individual,Manual,First Owner,11.0 kmpl,1197 CC,78.3 bhp,5.0
Honda Polo,2018,129000.0,55527.0,Petrol,Individual,Manual,Second Owner,17.3 kmpl,796 CC,52.9 bhp,5.0
Ford A4,2024,410000.0,27836.0,Petrol,Individual,Manual,First Owner,17.6 kmpl,1968 CC,116.4 bhp,5.0
Maruti XUV,2021,305000.0,44097.0,Diesel,Individual,Manual,First Owner,22.1 kmpl,1968 CC,147.1 bhp,5.0
Volkswagen Innova,2021,309000.0,66822.0,Petrol,Individual,Automatic,First Owner,18.1 kmpl,1197 CC,97.2 bhp,5.0
Volkswagen XUV,2016,147000.0,96091.0,Petrol,Individual,Automatic,First Owner,25.5 kmpl,1197 CC,100.2 bhp,5.0
Mahindra Polo,2013,113000.0,183902.0,Diesel,Individual,Manual,First Owner,20.2 kmpl,1498 CC,120.5 bhp,5.0
Honda Rapid,2023,305000.0,20567.0,Diesel,Individual,Manual,First Owner,12.6 kmpl,796 CC,67.3 bhp,5.0
Toyota Rapid,2012,93000.0,176217.0,Petrol,Individual,Manual,First Owner,20.2 kmpl,1197 CC,104.2 bhp,5.0
Tata Figo,2004,18000.0,200928.0,Petrol,Individual,Manual,First Owner,12.7 kmpl,998 CC,80.0 bhp,5.0
Hyundai i20,2020,165000.0,53236.0,Petrol,Individual,Manual,First Owner,10.9 kmpl,796 CC,,5.0
Toyota 320d,2013,88000.0,88078.0,Petrol,Individual,Manual,First Owner,24.5 kmpl,796 CC,55.6 bhp,5.0
Tata 320d,2010,41000.0,,Diesel,Individual,Manual,First Owner,18.1 kmpl,796 CC,62.8 bhp,5.0
Hyundai XUV,2019,359000.0,80348.0,Diesel,Individual,Automatic,First Owner,16.4 kmpl,1968 CC,164.9 bhp,5.0
Maruti Polo,2009,69000.0,100024.0,Diesel,Trustmark Dealer,Manual,First Owner,21.4 kmpl,2179 CC,,5.0
Honda XUV,2010,87000.0,135365.0,Diesel,Individual,Automatic,First Owner,13.6 kmpl,1197 CC,76.7 bhp,5.0
BMW 320d,2017,500000.0,102534.0,Diesel,Individual,Manual,First Owner,16.9 kmpl,1498 CC,117.4 bhp,5.0
Volkswagen A4,2021,239000.0,35848.0,Diesel,Individual,Manual,First Owner,25.9 kmpl,998 CC,78.6 bhp,7.0
Volkswagen Nexon,2025,446000.0,21433.0,Diesel,Individual,Manual,Third Owner,25.6 kmpl,1582 CC,111.5 bhp,7.0
Toyota i20,2005,49000.0,190622.0,Diesel,Dealer,Manual,First Owner,20.6 kmpl,1498 CC,104.3 bhp,5.0
Hyundai i20,2024,323000.0,19790.0,Petrol,Individual,Manual,First Owner,23.0 kmpl,998 CC,73.8 bhp,4.0
Maruti i20,2004,14000.0,325253.0,Petrol,Individual,Automatic,First Owner,,796 CC,61.6 bhp,5.0
Honda Polo,2008,53000.0,106761.0,CNG,Trustmark Dealer,Manual,First Owner,14.4 kmpl,1248 CC,97.9 bhp,5.0
Hyundai Innova,2025,511000.0,12746.0,Petrol,Individual,Manual,First Owner,20.3 kmpl,1498 CC,118.1 bhp,5.0
Volkswagen 320d,2015,117000.0,149369.0,Petrol,Individual,Manual,First Owner,21.7 kmpl,1582 CC,107.1 bhp,5.0
Honda A4,2022,471000.0,43993.0,Diesel,Individual,Automatic,Fourth & Above Owner,17.1 kmpl,1498 CC,113.3 bhp,5.0
Toyota A4,2011,88000.0,206033.0,Petrol,Individual,Manual,First Owner,13.0 kmpl,1248 CC,94.3 bhp,4.0
Skoda City,2025,481000.0,16424.0,Diesel,Individual,Manual,Second Owner,19.1 kmpl,1197 CC,73.2 bhp,5.0
Tata City,2008,29000.0,279068.0,Diesel,Individual,Automatic,First Owner,10.8 kmpl,998 CC,60.6 bhp,5.0
Hyundai Figo,2010,56000.0,172672.0,Petrol,Individual,Manual,First Owner,16.6 kmpl,1582 CC,134.9 bhp,5.0
Maruti Swift,2013,95000.0,156684.0,Diesel,Individual,Manual,First Owner,10.0 kmpl,1498 CC,117.4 bhp,
Tata A4,2010,35000.0,202426.0,Petrol,Individual,Manual,First Owner,12.4 kmpl,796 CC,55.7 bhp,4.0
Ford City,2022,212000.0,78774.0,Diesel,Individual,Automatic,Second Owner,11.4 kmpl,998 CC,73.2 bhp,5.0
Mahindra Innova,2004,31000.0,177097.0,Petrol,Individual,Manual,First Owner,23.0 kmpl,998 CC,66.0 bhp,5.0
Hyundai Rapid,2017,194000.0,64395.0,Petrol,Individual,Manual,First Owner,21.9 kmpl,2179 CC,121.8 bhp,7.0
Skoda City,2007,76000.0,186367.0,Diesel,Dealer,Automatic,First Owner,19.7 kmpl,1968 CC,158.0 bhp,5.0
Maruti Swift,2009,37000.0,240215.0,Diesel,Individual,Manual,First Owner,18.8 kmpl,1498 CC,104.0 bhp,5.0
Tata 320d,2012,62000.0,102278.0,Diesel,Dealer,Manual,Second Owner,14.8 kmpl,998 CC,76.4 bhp,5.0
Maruti Polo,2012,64000.0,188775.0,Diesel,Individual,Manual,Second Owner,12.6 kmpl,1248 CC,109.1 bhp,5.0
Honda 320d,2012,84000.0,74324.0,Petrol,Individual,Manual,First Owner,17.6 kmpl,998 CC,83.7 bhp,5.0
Skoda XUV,2022,285000.0,39117.0,Diesel,Individual,Manual,Third Owner,19.4 kmpl,796 CC,69.4 bhp,5.0
Ford i20,2022,219000.0,33610.0,Petrol,Individual,Automatic,Second Owner,11.6 kmpl,998 CC,72.1 bhp,5.0
Honda XUV,2025,618000.0,29467.0,CNG,Dealer,Manual,First Owner,21.4 kmpl,1498 CC,124.4 bhp,5.0
Ford 320d,2017,148000.0,150000.0,Petrol,Individual,Automatic,First Owner,,1197 CC,81.2 bhp,5.0
Volkswagen XUV,2021,289000.0,77544.0,Petrol,Individual,Automatic,First Owner,17.9 kmpl,1197 CC,74.7 bhp,5.0
Ford Nexon,2011,88000.0,175400.0,Diesel,Individual,Manual,First Owner,22.7 kmpl,2179 CC,150.0 bhp,5.0
Maruti Innova,2022,214000.0,35429.0,Diesel,Individual,Manual,First Owner,15.1 kmpl,796 CC,55.8 bhp,5.0
Tata Rapid,2015,128000.0,72163.0,Petrol,Individual,Manual,First Owner,19.9 kmpl,2179 CC,144.3 bhp,5.0
Maruti Swift,2005,18000.0,175116.0,Diesel,Individual,Manual,First Owner,11.7 kmpl,796 CC,49.1 bhp,5.0
Tata i20,2008,37000.0,221438.0,Petrol,Individual,Manual,First Owner,19.6 kmpl,1498 CC,130.4 bhp,5.0
Tata A4,2018,94000.0,99952.0,Petrol,Individual,Manual,First Owner,17.9 kmpl,998 CC,66.9 bhp,7.0
Hyundai i20,2013,82000.0,170015.0,Petrol,Individual,Manual,First Owner,24.0 kmpl,1248 CC,90.9 bhp,
Ford XUV,2023,277000.0,41455.0,Petrol,Individual,Manual,First Owner,10.2 kmpl,1197 CC,85.7 bhp,5.0
Hyundai Rapid,2006,19000.0,,Petrol,Individual,Manual,First Owner,18.2 kmpl,796 CC,61.0 bhp,5.0
Ford Swift,2010,54000.0,237874.0,Petrol,Individual,Manual,First Owner,13.5 kmpl,2179 CC,189.8 bhp,5.0
Hyundai City,2020,154000.0,46989.0,Diesel,Individual,Manual,First Owner,17.5 kmpl,796 CC,47.1 bhp,5.0
Maruti Nexon,2024,248000.0,12521.0,Diesel,Individual,Manual,Second Owner,20.3 kmpl,998 CC,55.3 bhp,5.0
Honda XUV,2015,166000.0,87150.0,Diesel,Individual,Manual,Fourth & Above Owner,18.4 kmpl,1582 CC,140.4 bhp,5.0
Honda XUV,2008,45000.0,111272.0,Petrol,Dealer,Manual,First Owner,13.8 kmpl,998 CC,64.2 bhp,5.0
Hyundai Rapid,2004,23000.0,255105.0,CNG,Individual,Manual,Third Owner,17.0 kmpl,1197 CC,76.1 bhp,5.0
Maruti Swift,2014,97000.0,63570.0,Diesel,Individual,Manual,First Owner,19.9 kmpl,998 CC,65.9 bhp,5.0
Skoda i20,2005,23000.0,311937.0,Petrol,Individual,Manual,Fourth & Above Owner,14.9 kmpl,1248 CC,93.4 bhp,5.0
Tata A4,2023,295000.0,32645.0,Diesel,Individual,Manual,First Owner,24.8 kmpl,1197 CC,81.3 bhp,5.0
Honda Rapid,2007,24000.0,280052.0,LPG,Individual,Manual,Second Owner,18.5 kmpl,998 CC,71.9 bhp,5.0
Volkswagen A4,2005,33000.0,,Diesel,Individual,Manual,First Owner,21.3 kmpl,1197 CC,80.5 bhp,5.0
Honda 320d,2025,552000.0,25111.0,Diesel,Dealer,Manual,Second Owner,25.6 kmpl,1197 CC,84.7 bhp,5.0
Honda Nexon,2020,395000.0,66784.0,CNG,Individual,Manual,First Owner,11.9 kmpl,1968 CC,,7.0
Hyundai Figo,2012,83000.0,124949.0,Petrol,Individual,Manual,First Owner,17.8 kmpl,1498 CC,93.6 bhp,7.0
Toyota Polo,2011,97000.0,156547.0,Petrol,Individual,Manual,First Owner,10.0 kmpl,1582 CC,94.5 bhp,5.0
Tata City,2007,20000.0,282208.0,Petrol,Individual,Manual,Second Owner,14.3 kmpl,1248 CC,89.1 bhp,5.0
Mahindra Polo,2013,99000.0,135350.0,Petrol,Dealer,Manual,First Owner,16.7 kmpl,998 CC,81.0 bhp,5.0
Ford XUV,2004,25000.0,118481.0,Diesel,Individual,Manual,First Owner,11.4 kmpl,796 CC,59.1 bhp,7.0
Toyota Figo,2012,110000.0,109671.0,Diesel,Individual,Manual,First Owner,22.8 kmpl,1197 CC,88.0 bhp,
Honda XUV,2005,53000.0,130298.0,Petrol,Individual,Manual,First Owner,20.3 kmpl,1968 CC,158.4 bhp,
Tata Swift,2024,481000.0,32190.0,Petrol,Individual,Manual,First Owner,20.8 kmpl,1968 CC,169.6 bhp,5.0
Tata 320d,2012,86000.0,84981.0,Diesel,Individual,Manual,Fourth & Above Owner,21.9 kmpl,1582 CC,87.8 bhp,5.0
Maruti Figo,2007,20000.0,268069.0,Petrol,Individual,Manual,First Owner,15.5 kmpl,796 CC,63.8 bhp,5.0
BMW Figo,2022,565000.0,50267.0,Petrol,Individual,Manual,Second Owner,24.2 kmpl,796 CC,44.9 bhp,5.0
Tata Innova,2009,42000.0,144518.0,Petrol,Individual,Automatic,Second Owner,10.5 kmpl,796 CC,44.3 bhp,5.0
Ford i20,2004,21000.0,336935.0,Diesel,Individual,Automatic,Second Owner,10.2 kmpl,1248 CC,107.9 bhp,5.0
Mahindra Polo,2023,354000.0,53873.0,Diesel,Individual,Automatic,First Owner,14.5 kmpl,1197 CC,106.5 bhp,5.0
Honda A4,2020,319000.0,46561.0,Petrol,Individual,Manual,First Owner,12.8 kmpl,1248 CC,98.2 bhp,5.0
Honda A4,2005,58000.0,217825.0,Petrol,Individual,Manual,First Owner,16.3 kmpl,2179 CC,142.7 bhp,5.0
Hyundai Swift,2024,319000.0,28551.0,Petrol,Dealer,Manual,First Owner,14.3 kmpl,998 CC,67.7 bhp,5.0
Audi i20,2024,1522000.0,29868.0,Diesel,Individual,Manual,First Owner,18.4 kmpl,2179 CC,129.0 bhp,7.0
Mahindra i20,2016,143000.0,66883.0,Diesel,Individual,Manual,Second Owner,15.6 kmpl,1248 CC,104.4 bhp,5.0
Tata A4,2005,26000.0,198440.0,Petrol,Dealer,Manual,First Owner,23.7 kmpl,1498 CC,104.7 bhp,5.0
Mahindra Innova,2010,51000.0,184905.0,Petrol,Dealer,Manual,First Owner,18.0 kmpl,1248 CC,71.6 bhp,5.0
Maruti 320d,2021,288000.0,54977.0,Diesel,Dealer,Manual,First Owner,11.9 kmpl,1498 CC,127.2 bhp,5.0
Hyundai Nexon,2023,426000.0,61175.0,Petrol,Individual,Automatic,First Owner,18.5 kmpl,1498 CC,126.9 bhp,5.0
Tata City,2014,117000.0,76428.0,Petrol,Individual,Manual,First Owner,14.4 kmpl,1968 CC,143.7 bhp,5.0
Honda Swift,2011,61000.0,221749.0,Petrol,Individual,Manual,Second Owner,20.9 kmpl,1968 CC,157.3 bhp,5.0
Tata City,2025,282000.0,22985.0,Diesel,Individual,Manual,First Owner,15.3 kmpl,796 CC,49.7 bhp,5.0
Ford 320d,2012,86000.0,135752.0,Diesel,Individual,Automatic,Second Owner,11.6 kmpl,1968 CC,141.8 bhp,7.0
Toyota i20,2019,180000.0,88462.0,Diesel,Individual,Manual,Second Owner,16.9 kmpl,796 CC,71.5 bhp,5.0
Tata Nexon,2014,93000.0,74671.0,Diesel,Individual,Manual,First Owner,13.3 kmpl,,100.4 bhp,5.0
Honda Figo,2020,310000.0,85828.0,Diesel,Individual,Manual,First Owner,14.2 kmpl,1582 CC,119.5 bhp,
Volkswagen Rapid,2009,60000.0,143809.0,Petrol,Individual,Manual,First Owner,22.2 kmpl,1498 CC,127.5 bhp,5.0
Mahindra Innova,2008,49000.0,249151.0,Diesel,Individual,Automatic,Third Owner,12.0 kmpl,1197 CC,105.6 bhp,7.0
Ford XUV,2011,83000.0,128730.0,CNG,Individual,Manual,First Owner,17.2 kmpl,1498 CC,123.6 bhp,5.0
Maruti Swift,2020,239000.0,37567.0,Diesel,Individual,Manual,First Owner,10.8 kmpl,1248 CC,82.2 bhp,5.0
Honda Nexon,2019,265000.0,93285.0,CNG,Individual,Manual,First Owner,20.0 kmpl,1968 CC,171.4 bhp,5.0
Tata Swift,2005,30000.0,178919.0,Diesel,Individual,Manual,Second Owner,,1498 CC,89.5 bhp,5.0
Maruti Figo,2011,77000.0,114679.0,Diesel,Individual,Manual,First Owner,18.9 kmpl,1498 CC,88.4 bhp,7.0
Ford A4,2007,48000.0,180746.0,Diesel,Individual,Manual,Third Owner,14.5 kmpl,1968 CC,119.0 bhp,5.0
Hyundai Nexon,2010,55000.0,116630.0,Diesel,Dealer,Manual,Second Owner,21.7 kmpl,998 CC,84.3 bhp,5.0
Maruti XUV,2007,32000.0,179518.0,Petrol,Individual,Manual,First Owner,23.7 kmpl,1197 CC,85.7 bhp,5.0
BMW City,2007,96000.0,155327.0,Diesel,Individual,Manual,Second Owner,21.5 kmpl,796 CC,60.1 bhp,5.0
Toyota XUV,2022,488000.0,23774.0,Diesel,Individual,Manual,First Owner,13.0 kmpl,1498 CC,90.8 bhp,5.0
Honda 320d,2007,68000.0,142227.0,Diesel,Individual,Manual,First Owner,23.0 kmpl,1582 CC,118.6 bhp,5.0
BMW A4,2024,1659000.0,16948.0,Petrol,Individual,Automatic,First Owner,18.8 kmpl,1498 CC,128.4 bhp,5.0
Toyota Nexon,2005,51000.0,251271.0,Petrol,Individual,Manual,First Owner,17.5 kmpl,1968 CC,171.6 bhp,5.0
Tata Figo,2016,197000.0,68834.0,Petrol,Individual,Automatic,First Owner,14.5 kmpl,1968 CC,128.1 bhp,5.0
Honda Swift,2008,31000.0,282141.0,Diesel,Individual,Manual,First Owner,15.3 kmpl,998 CC,70.9 bhp,4.0
Toyota 320d,2005,79000.0,185624.0,Diesel,Trustmark Dealer,Automatic,First Owner,14.7 kmpl,1968 CC,,5.0
Ford 320d,2025,457000.0,10210.0,Petrol,Individual,Manual,First Owner,17.0 kmpl,1498 CC,109.4 bhp,7.0
Mahindra Swift,2004,47000.0,132986.0,Petrol,Individual,Manual,Second Owner,13.2 kmpl,2179 CC,122.0 bhp,5.0
Skoda Innova,2016,274000.0,87770.0,Diesel,Individual,Automatic,First Owner,15.5 kmpl,1582 CC,100.1 bhp,4.0
Hyundai City,2016,99000.0,81521.0,Petrol,Trustmark Dealer,Manual,First Owner,19.7 kmpl,1248 CC,85.9 bhp,5.0
Tata A4,2005,33000.0,178462.0,Petrol,Individual,Manual,First Owner,23.9 kmpl,1968 CC,172.0 bhp,5.0
Ford Swift,2005,13000.0,319790.0,Petrol,Individual,Manual,Second Owner,21.5 kmpl,796 CC,70.0 bhp,5.0
Ford City,2012,94000.0,166606.0,Petrol,Individual,Manual,Third Owner,11.7 kmpl,2179 CC,188.5 bhp,
Volkswagen i20,2019,292000.0,61127.0,Petrol,Individual,Manual,First Owner,16.7 kmpl,1582 CC,95.5 bhp,5.0
Hyundai Rapid,2005,19000.0,292828.0,Diesel,Individual,Manual,Second Owner,11.6 kmpl,1197 CC,71.2 bhp,5.0
Tata i20,2010,42000.0,243935.0,Petrol,Individual,Manual,Second Owner,24.0 kmpl,1498 CC,102.7 bhp,5.0
Volkswagen XUV,2015,200000.0,64050.0,Diesel,Individual,Manual,First Owner,20.4 kmpl,2179 CC,131.1 bhp,5.0
Hyundai Figo,2013,109000.0,155329.0,Diesel,Individual,Manual,First Owner,15.1 kmpl,1498 CC,84.2 bhp,7.0
Volkswagen Innova,2021,300000.0,68302.0,Diesel,Individual,Manual,Third Owner,19.6 kmpl,1968 CC,140.1 bhp,5.0
Tata Rapid,2016,87000.0,58903.0,Diesel,Individual,Manual,Second Owner,20.0 kmpl,796 CC,57.8 bhp,5.0
Mahindra i20,2012,119000.0,96629.0,Diesel,Individual,Automatic,Second Owner,18.4 kmpl,1498 CC,122.1 bhp,5.0
Tata Swift,2016,165000.0,75281.0,Petrol,Individual,Manual,First Owner,20.9 kmpl,1968 CC,125.6 bhp,5.0
Toyota Rapid,2023,502000.0,62704.0,Petrol,Dealer,Manual,First Owner,,1498 CC,99.7 bhp,5.0
Maruti City,2008,31000.0,257950.0,Petrol,Individual,Manual,First Owner,25.2 kmpl,1582 CC,141.7 bhp,5.0
Ford Innova,2021,191000.0,72279.0,Petrol,Individual,Manual,Second Owner,15.1 kmpl,,111.8 bhp,7.0
Toyota Figo,2024,873000.0,33943.0,Diesel,Individual,Manual,First Owner,24.4 kmpl,2179 CC,192.8 bhp,5.0
Mahindra Innova,2013,87000.0,160967.0,Petrol,Individual,Manual,First Owner,12.2 kmpl,1498 CC,101.5 bhp,5.0
Maruti Rapid,2007,26000.0,,Petrol,Individual,Manual,Second Owner,18.8 kmpl,1498 CC,83.6 bhp,5.0
Mahindra XUV,2009,89000.0,92210.0,Diesel,Individual,Manual,First Owner,24.5 kmpl,1248 CC,75.5 bhp,5.0
Ford City,2013,49000.0,115681.0,Diesel,Individual,Manual,Second Owner,24.4 kmpl,796 CC,44.3 bhp,5.0
Mahindra A4,2021,374000.0,45176.0,Diesel,Individual,Manual,First Owner,18.1 kmpl,1582 CC,88.8 bhp,5.0
Volkswagen i20,2020,255000.0,54087.0,Diesel,Individual,Manual,First Owner,16.5 kmpl,1248 CC,76.0 bhp,5.0
Hyundai 320d,2022,388000.0,49900.0,Diesel,Individual,Manual,First Owner,21.6 kmpl,1498 CC,106.4 bhp,5.0
Maruti City,2007,32000.0,274934.0,Petrol,Individual,Manual,First Owner,21.0 kmpl,1968 CC,132.3 bhp,5.0
Volkswagen XUV,2018,209000.0,78113.0,Petrol,Individual,Manual,Second Owner,18.9 kmpl,1968 CC,170.5 bhp,4.0
Maruti Swift,2014,112000.0,93357.0,Diesel,Individual,Manual,First Owner,12.3 kmpl,,102.4 bhp,5.0
Maruti Innova,2019,135000.0,50934.0,CNG,Individual,Automatic,First Owner,18.8 kmpl,998 CC,70.6 bhp,5.0
BMW A4,2020,372000.0,92966.0,Petrol,Individual,Manual,Second Owner,11.6 kmpl,796 CC,50.0 bhp,5.0
Tata Swift,2006,41000.0,139480.0,Diesel,Individual,Manual,Second Owner,14.6 kmpl,1968 CC,175.1 bhp,5.0
Skoda 320d,2011,74000.0,231370.0,Diesel,Individual,Manual,Third Owner,19.1 kmpl,1498 CC,,4.0
Maruti Swift,2016,93000.0,130991.0,Petrol,Dealer,Manual,First Owner,10.5 kmpl,1197 CC,104.5 bhp,5.0
Honda XUV,2022,506000.0,36626.0,Diesel,Individual,Manual,First Owner,14.4 kmpl,1582 CC,132.5 bhp,5.0
Volkswagen Polo,2021,308000.0,49685.0,Petrol,Individual,Manual,Second Owner,11.9 kmpl,2179 CC,183.7 bhp,4.0
Tata Swift,2007,29000.0,165748.0,Diesel,Individual,Manual,First Owner,11.3 kmpl,796 CC,48.6 bhp,5.0
Volkswagen Innova,2014,84000.0,174873.0,Diesel,Individual,Manual,First Owner,14.5 kmpl,,73.9 bhp,5.0
Mahindra Rapid,2010,51000.0,249421.0,Petrol,Individual,Manual,First Owner,24.7 kmpl,998 CC,63.7 bhp,5.0
Ford Figo,2017,98000.0,80528.0,Petrol,Individual,Manual,First Owner,17.5 kmpl,998 CC,66.5 bhp,5.0
Tata Figo,2015,117000.0,70508.0,Petrol,Dealer,Automatic,First Owner,24.5 kmpl,1498 CC,125.6 bhp,5.0
Maruti i20,2025,357000.0,15870.0,Petrol,Dealer,Automatic,Second Owner,23.2 kmpl,1197 CC,100.9 bhp,5.0
Tata A4,2012,40000.0,150030.0,Diesel,Individual,Manual,Second Owner,16.3 kmpl,796 CC,64.9 bhp,5.0
Hyundai Nexon,2023,526000.0,34410.0,Petrol,Individual,Automatic,First Owner,14.5 kmpl,2179 CC,138.5 bhp,5.0
Tata Rapid,2018,124000.0,92224.0,Petrol,Individual,Manual,First Owner,13.7 kmpl,998 CC,77.9 bhp,5.0
Honda Rapid,2005,52000.0,,Petrol,Dealer,Automatic,First Owner,25.9 kmpl,2179 CC,174.5 bhp,5.0
Volkswagen i20,2011,75000.0,184301.0,Diesel,Dealer,Automatic,First Owner,13.4 kmpl,998 CC,66.8 bhp,5.0
Volkswagen Innova,2005,36000.0,243527.0,LPG,Individual,Manual,First Owner,13.2 kmpl,2179 CC,159.0 bhp,5.0
Honda Rapid,2024,424000.0,37494.0,Petrol,Individual,Manual,First Owner,12.5 kmpl,1197 CC,82.1 bhp,5.0
Honda 320d,2018,184000.0,102104.0, petrol ,Individual,Automatic,First Owner,21.6 kmpl,998 CC,70.0 bhp,7.0
Honda Figo,2021,189000.0,75070.0,Petrol,Individual,Manual,First Owner,14.7 kmpl,796 CC,62.4 bhp,5.0
Honda Innova,2019,234000.0,100544.0,Petrol,Individual,Manual,Third Owner,21.5 kmpl,2179 CC,123.8 bhp,5.0
Hyundai Nexon,2018,332000.0,66145.0,Diesel,Dealer,Manual,First Owner,,2179 CC,178.6 bhp,7.0
Maruti Figo,2007,41000.0,173751.0,Diesel,Individual,Manual,Third Owner,17.9 kmpl,1968 CC,144.9 bhp,5.0
Toyota i20,2006,61000.0,299113.0,Petrol,Individual,Automatic,First Owner,14.6 kmpl,2179 CC,164.2 bhp,5.0
Maruti A4,2018,207000.0,106703.0,Diesel,Individual,Manual,First Owner,22.9 kmpl,1968 CC,168.8 bhp,5.0
Ford A4,2013,76000.0,175431.0,Diesel,Dealer,Manual,First Owner,19.7 kmpl,1197 CC,80.8 bhp,5.0
Audi i20,2014,319000.0,130521.0,Diesel,Individual,Manual,First Owner,18.3 kmpl,1248 CC,77.1 bhp,5.0
Hyundai Nexon,2018,277000.0,57512.0,Diesel,Dealer,Manual,First Owner,13.3 kmpl,1968 CC,157.4 bhp,5.0
Tata A4,2013,85000.0,180231.0,Petrol,Individual,Manual,First Owner,10.1 kmpl,1582 CC,127.7 bhp,5.0
Maruti Swift,2014,90000.0,85402.0,Petrol,Individual,Automatic,First Owner,22.2 kmpl,1197 CC,93.2 bhp,5.0
Maruti Figo,2006,17000.0,188797.0,Petrol,Individual,Manual,Second Owner,22.7 kmpl,1248 CC,91.5 bhp,5.0
Skoda Figo,2006,34000.0,106666.0,Petrol,Individual,Manual,Second Owner,13.1 kmpl,1197 CC,91.4 bhp,5.0
Ford Nexon,2005,18000.0,300768.0,Petrol,Individual,Manual,Second Owner,24.6 kmpl,998 CC,74.8 bhp,7.0
Mahindra i20,2025,586000.0,19011.0,Diesel,Individual,Automatic,Second Owner,13.5 kmpl,1498 CC,124.0 bhp,5.0
Maruti Innova,2023,263000.0,44604.0,Petrol,Individual,Automatic,First Owner,18.1 kmpl,998 CC,82.2 bhp,
Tata XUV,2006,37000.0,276469.0,Diesel,Individual,Automatic,First Owner,20.6 kmpl,1248 CC,82.3 bhp,5.0
Maruti Polo,2017,145000.0,94974.0,Diesel,Dealer,Manual,Third Owner,24.6 kmpl,1968 CC,174.1 bhp,5.0
Toyota Innova,2013,81000.0,150402.0,Petrol,Individual,Manual,Second Owner,13.5 kmpl,1248 CC,109.1 bhp,7.0
Mahindra 320d,2007,33000.0,157543.0,Petrol,Individual,Manual,Second Owner,17.5 kmpl,796 CC,44.5 bhp,7.0
Volkswagen Nexon,2015,179000.0,74043.0,Diesel,Individual,Manual,First Owner,10.1 kmpl,2179 CC,148.6 bhp,5.0
Maruti Nexon,2018,210000.0,44867.0,Diesel,Individual,Automatic,First Owner,14.7 kmpl,998 CC,59.1 bhp,5.0
Hyundai i20,2005,35000.0,324981.0,Petrol,Individual,Manual,First Owner,25.8 kmpl,2179 CC,142.1 bhp,5.0
Mahindra i20,2005,26000.0,282670.0,Petrol,Individual,Manual,First Owner,16.0 kmpl,1248 CC,96.0 bhp,5.0
Volkswagen i20,2017,126000.0,59011.0,Petrol,Individual,Manual,Second Owner,12.4 kmpl,796 CC,51.0 bhp,5.0
Honda Polo,2011,86000.0,121780.0,Petrol,Individual,Manual,Third Owner,17.3 kmpl,2179 CC,162.5 bhp,5.0
Volkswagen Swift,2012,67000.0,105314.0,Petrol,Individual,Manual,First Owner,17.4 kmpl,1197 CC,95.3 bhp,5.0
Honda Polo,2013,75000.0,133450.0,Petrol,Dealer,Manual,First Owner,13.8 kmpl,1248 CC,111.2 bhp,7.0
Mahindra XUV,2012,122000.0,197080.0,Petrol,Individual,Manual,First Owner,22.9 kmpl,1968 CC,122.7 bhp,5.0
Hyundai City,2017,222000.0,86404.0,Diesel,Dealer,Manual,First Owner,18.5 kmpl,2179 CC,184.2 bhp,5.0
Volkswagen Figo,2012,69000.0,105862.0,Diesel,Trustmark Dealer,Manual,Second Owner,,1248 CC,71.0 bhp,5.0
Volkswagen Rapid,2011,116000.0,140270.0,Diesel,Individual,Automatic,Second Owner,24.6 kmpl,2179 CC,125.8 bhp,5.0
Ford Innova,2024,256000.0,35119.0,Petrol,Individual,Manual,First Owner,10.0 kmpl,,57.2 bhp,5.0
BMW Innova,2008,98000.0,239646.0,Diesel,Individual,Manual,Fourth & Above Owner,13.2 kmpl,1248 CC,79.1 bhp,7.0
Honda City,2005,25000.0,308789.0,Diesel,Individual,Manual,First Owner,15.2 kmpl,1248 CC,79.5 bhp,7.0
Maruti A4,2010,33000.0,161185.0,Diesel,Individual,Manual,First Owner,22.5 kmpl,796 CC,46.1 bhp,5.0
Honda 320d,2017,166000.0,83194.0,Diesel,Dealer,Manual,First Owner,23.6 kmpl,,98.7 bhp,5.0
Maruti Figo,2018,224000.0,116451.0,Petrol,Individual,Manual,First Owner,13.5 kmpl,2179 CC,156.2 bhp,5.0
Mahindra Polo,2013,84000.0,94657.0,Petrol,Individual,Manual,Second Owner,24.6 kmpl,1498 CC,125.9 bhp,4.0
Maruti Swift,2018,81000.0,103002.0,Petrol,Individual,Manual,Third Owner,20.8 kmpl,998 CC,69.3 bhp,5.0
Volkswagen Nexon,2008,35000.0,185171.0,Petrol,Individual,Automatic,First Owner,10.6 kmpl,796 CC,65.1 bhp,7.0
Hyundai Rapid,2024,385000.0,25362.0,Diesel,Individual,Manual,First Owner,18.0 kmpl,,124.6 bhp,5.0
Honda Nexon,2014,77000.0,97074.0,CNG,Individual,Manual,Second Owner,21.4 kmpl,998 CC,84.8 bhp,7.0
Toyota Innova,2019,266000.0,56009.0,Diesel,Individual,Manual,First Owner,25.9 kmpl,1197 CC,95.1 bhp,4.0
Honda i20,2019,249000.0,103820.0,Diesel,Dealer,Manual,First Owner,19.2 kmpl,1197 CC,92.2 bhp,5.0
Ford City,2015,85000.0,65568.0,Petrol,Individual,Manual,First Owner,25.9 kmpl,796 CC,55.9 bhp,5.0
Toyota Swift,2011,170000.0,234102.0,Petrol,Individual,Automatic,First Owner,19.9 kmpl,2179 CC,,5.0
Ford A4,2014,134000.0,91426.0,Petrol,Dealer,Manual,First Owner,25.5 kmpl,1582 CC,108.4 bhp,5.0
Hyundai Rapid,2005,43000.0,295535.0,Diesel,Individual,Automatic,First Owner,10.1 kmpl,2179 CC,123.2 bhp,5.0
Hyundai A4,2017,76000.0,134522.0,Petrol,Individual,Manual,Second Owner,17.9 kmpl,998 CC,,
Honda Figo,2014,153000.0,89834.0,Petrol,Individual,Manual,First Owner,13.4 kmpl,1968 CC,156.8 bhp,5.0
Tata A4,2004,18000.0,197762.0,Petrol,Individual,Manual,First Owner,14.8 kmpl,796 CC,57.7 bhp,7.0
Ford XUV,2011,73000.0,194904.0,LPG,Individual,Manual,First Owner,20.1 kmpl,1582 CC,96.8 bhp,5.0
Mahindra i20,2008,32000.0,286232.0,Petrol,Individual,Manual,Second Owner,14.0 kmpl,1582 CC,106.7 bhp,5.0
Volkswagen Swift,2008,33000.0,254796.0,Diesel,Dealer,Manual,Second Owner,25.7 kmpl,1248 CC,84.1 bhp,7.0
Maruti Rapid,2018,192000.0,58387.0,Diesel,Individual,Manual,First Owner,13.2 kmpl,1498 CC,125.7 bhp,5.0
BMW XUV,2009,184000.0,225655.0,Petrol,Individual,Manual,Second Owner,13.7 kmpl,1968 CC,162.4 bhp,5.0
Toyota 320d,2008,98000.0,175740.0,Diesel,Individual,Manual,First Owner,12.9 kmpl,1248 CC,96.6 bhp,5.0
Maruti XUV,2025,340000.0,16747.0,Petrol,Individual,Manual,First Owner,15.3 kmpl,1197 CC,106.4 bhp,5.0
Maruti 320d,2009,32000.0,94440.0,Diesel,Individual,Manual,Second Owner,17.1 kmpl,796 CC,45.1 bhp,5.0
Toyota Rapid,2021,465000.0,82128.0,Petrol,Individual,Manual,Fourth & Above Owner,23.7 kmpl,2179 CC,177.9 bhp,5.0
Tata A4,2020,220000.0,80931.0,Diesel,Individual,Manual,Third Owner,21.3 kmpl,1582 CC,88.4 bhp,5.0
Honda Innova,2024,406000.0,26324.0,Diesel,Individual,Manual,Second Owner,25.3 kmpl,1498 CC,100.6 bhp,5.0
Honda XUV,2005,58000.0,255931.0,Diesel,Individual,Manual,First Owner,23.1 kmpl,2179 CC,176.4 bhp,5.0
Tata City,2013,83000.0,102592.0,Diesel,Dealer,Manual,Second Owner,16.0 kmpl,1498 CC,124.4 bhp,5.0
Maruti A4,2017,94000.0,82026.0,Petrol,Dealer,Manual,Third Owner,25.5 kmpl,1197 CC,82.1 bhp,5.0
Audi Figo,2024,818000.0,22789.0,Diesel,Individual,Manual,Third Owner,11.9 kmpl,998 CC,70.3 bhp,5.0
Ford 320d,2019,240000.0,78961.0,CNG,Individual,Automatic,First Owner,13.6 kmpl,1498 CC,105.7 bhp,5.0
Volkswagen Swift,2024,284000.0,39404.0,Petrol,Trustmark Dealer,Manual,First Owner,19.6 kmpl,796 CC,60.6 bhp,7.0
Mahindra 320d,2006,40000.0,173579.0,Diesel,Individual,Manual,First Owner,20.7 kmpl,998 CC,56.2 bhp,5.0
Honda Innova,2015,118000.0,98488.0,Petrol,Individual,Manual,First Owner,23.5 kmpl,796 CC,65.1 bhp,
Honda Rapid,2024,419000.0,18830.0,Petrol,Individual,Manual,First Owner,24.5 kmpl,1197 CC,69.8 bhp,7.0
Honda Rapid,2014,86000.0,90016.0,Petrol,Dealer,Manual,Second Owner,16.4 kmpl,998 CC,56.0 bhp,5.0
Tata Figo,2011,71000.0,173082.0,Diesel,Dealer,Automatic,Third Owner,18.2 kmpl,1498 CC,98.7 bhp,5.0
Honda A4,2005,55000.0,236919.0,Diesel,Individual,Automatic,First Owner,12.5 kmpl,1582 CC,128.8 bhp,5.0
Skoda Swift,2019,205000.0,54897.0,Diesel,Individual,Manual,Second Owner,23.6 kmpl,1197 CC,72.8 bhp,5.0
Maruti A4,2016,105000.0,58235.0,CNG,Individual,Manual,Second Owner,21.5 kmpl,1582 CC,132.4 bhp,5.0
Maruti XUV,2015,85000.0,73550.0,LPG,Individual,Manual,First Owner,24.5 kmpl,998 CC,62.2 bhp,5.0
Hyundai i20,2013,65000.0,206636.0,Petrol,Individual,Manual,First Owner,22.3 kmpl,1197 CC,91.0 bhp,5.0
Toyota Innova,2018,430000.0,106757.0,Diesel,Individual,Manual,First Owner,19.5 kmpl,1968 CC,143.1 bhp,5.0
Maruti Nexon,2009,36000.0,174563.0,Petrol,Individual,Automatic,First Owner,13.1 kmpl,998 CC,55.8 bhp,5.0
Honda Figo,2012,136000.0,170419.0,Diesel,Individual,Manual,First Owner,24.1 kmpl,1968 CC,146.8 bhp,5.0
Maruti A4,2025,340000.0,19473.0,Diesel,Individual,Manual,First Owner,18.0 kmpl,998 CC,80.8 bhp,4.0
Tata Innova,2012,72000.0,93703.0,Diesel,Individual,Manual,First Owner,13.4 kmpl,998 CC,79.7 bhp,5.0
Hyundai Nexon,2005,26000.0,200088.0,Petrol,Dealer,Manual,Second Owner,19.2 kmpl,1498 CC,129.7 bhp,5.0
Honda A4,2006,60000.0,140134.0,Diesel,Individual,Manual,First Owner,15.2 kmpl,1582 CC,,5.0
Hyundai Innova,2017,175000.0,55045.0,CNG,Dealer,Manual,Second Owner,21.8 kmpl,1498 CC,134.0 bhp,7.0
Hyundai A4,2018,215000.0,54578.0,Diesel,Individual,Manual,Second Owner,21.3 kmpl,1968 CC,144.4 bhp,7.0
Hyundai Nexon,2014,85000.0,98820.0,Diesel,Individual,Manual,Second Owner,,1197 CC,69.3 bhp,5.0
Skoda Figo,2016,199000.0,77424.0,Diesel,Individual,Manual,First Owner,15.0 kmpl,1248 CC,83.8 bhp,5.0
Maruti Swift,2004,16000.0,319411.0,Petrol,Individual,Automatic,First Owner,21.2 kmpl,998 CC,69.5 bhp,5.0
Volkswagen Figo,2018,127000.0,92179.0,Petrol,Individual,Automatic,First Owner,21.3 kmpl,796 CC,66.7 bhp,4.0
Hyundai Rapid,2009,84000.0,96568.0,Diesel,Individual,Automatic,First Owner,16.9 kmpl,1248 CC,69.8 bhp,5.0
Volkswagen XUV,2020,199000.0,46651.0,Petrol,Dealer,Manual,First Owner,18.7 kmpl,1197 CC,95.1 bhp,7.0
Ford 320d,2010,74000.0,203877.0,Diesel,Individual,Manual,First Owner,15.3 kmpl,1968 CC,134.5 bhp,5.0
Audi Polo,2006,108000.0,200308.0,Diesel,Dealer,Automatic,Fourth & Above Owner,15.4 kmpl,1197 CC,72.4 bhp,5.0
Mahindra Innova,2007,31000.0,229740.0,Diesel,Individual,Manual,First Owner,20.6 kmpl,1197 CC,102.0 bhp,5.0
BMW i20,2019,814000.0,110959.0,Diesel,Dealer,Manual,First Owner,12.9 kmpl,1968 CC,144.6 bhp,4.0
Maruti Swift,2025,253000.0,16706.0,Petrol,Dealer,Manual,Second Owner,19.5 kmpl,1248 CC,74.9 bhp,5.0
Hyundai 320d,2013,74000.0,158787.0,Petrol,Dealer,Manual,Second Owner,13.5 kmpl,1498 CC,127.9 bhp,5.0
Mahindra Innova,2018,124000.0,102414.0,Petrol,Trustmark Dealer,Manual,First Owner,17.2 kmpl,796 CC,55.1 bhp,5.0
Hyundai Polo,2019,209000.0,67744.0,Diesel,Individual,Manual,Third Owner,10.6 kmpl,1498 CC,96.4 bhp,5.0
Hyundai Swift,2012,54000.0,108590.0,Petrol,Individual,Manual,First Owner,23.5 kmpl,998 CC,62.1 bhp,5.0
Hyundai Swift,2015,96000.0,124659.0, petrol ,Individual,Manual,First Owner,15.2 kmpl,1248 CC,72.1 bhp,7.0
Honda Rapid,2020,373000.0,78936.0,Diesel,Individual,Manual,First Owner,14.5 kmpl,2179 CC,160.9 bhp,5.0
Hyundai XUV,2010,63000.0,100370.0,Diesel,Individual,Manual,First Owner,12.0 kmpl,796 CC,55.7 bhp,5.0
Maruti XUV,2025,706000.0,26798.0,Diesel,Individual,Manual,First Owner,24.1 kmpl,2179 CC,121.9 bhp,5.0
Honda City,2006,23000.0,180392.0,Petrol,Individual,Manual,Fourth & Above Owner,16.4 kmpl,796 CC,65.5 bhp,5.0
Mahindra XUV,2015,106000.0,144414.0,Petrol,Individual,Manual,Second Owner,23.3 kmpl,1498 CC,93.8 bhp,5.0
Maruti 320d,2006,23000.0,227517.0,Petrol,Individual,Manual,First Owner,20.1 kmpl,998 CC,75.6 bhp,5.0
Volkswagen A4,2012,99000.0,117563.0,Petrol,Dealer,Manual,First Owner,25.7 kmpl,1582 CC,103.3 bhp,5.0
Hyundai XUV,2023,309000.0,30454.0,Petrol,Individual,Manual,First Owner,23.7 kmpl,1582 CC,128.4 bhp,5.0
Hyundai i20,2011,40000.0,130066.0,Petrol,Individual,Manual,First Owner,,796 CC,61.5 bhp,5.0
Hyundai Polo,2018,156000.0,94797.0,Petrol,Individual,Manual,First Owner,15.6 kmpl,998 CC,88.1 bhp,5.0
Maruti XUV,2014,91000.0,86329.0,Petrol,Individual,Manual,First Owner,20.3 kmpl,1248 CC,100.4 bhp,5.0
Mahindra 320d,2010,128000.0,198322.0,Diesel,Individual,Automatic,First Owner,24.4 kmpl,2179 CC,175.9 bhp,5.0
Hyundai A4,2022,355000.0,74576.0,Petrol,Individual,Manual,Second Owner,,1968 CC,119.9 bhp,5.0
BMW 320d,2011,227000.0,219778.0,Diesel,Individual,Manual,First Owner,25.8 kmpl,1582 CC,124.8 bhp,5.0
Honda Swift,2015,83000.0,172605.0,Petrol,Individual,Manual,First Owner,13.7 kmpl,998 CC,60.0 bhp,5.0
Maruti Figo,2009,41000.0,171374.0,Petrol,Individual,Manual,First Owner,22.9 kmpl,1582 CC,,5.0
Mahindra A4,2012,70000.0,170059.0,CNG,Individual,Manual,Third Owner,12.4 kmpl,998 CC,55.4 bhp,7.0
Toyota XUV,2007,28000.0,239206.0,Petrol,Individual,Manual,First Owner,23.1 kmpl,796 CC,56.2 bhp,7.0
Honda A4,2017,177000.0,55040.0,Petrol,Individual,Manual,First Owner,23.4 kmpl,1498 CC,105.4 bhp,5.0
Audi Swift,2010,117000.0,177725.0,Petrol,Trustmark Dealer,Manual,First Owner,12.1 kmpl,796 CC,60.5 bhp,5.0
Honda Nexon,2017,267000.0,76246.0,Petrol,Individual,Manual,First Owner,10.7 kmpl,2179 CC,157.9 bhp,5.0
Mahindra Nexon,2024,470000.0,33256.0,Petrol,Individual,Manual,First Owner,,1498 CC,123.2 bhp,4.0
Maruti XUV,2012,39000.0,113588.0,Petrol,Individual,Manual,First Owner,21.7 kmpl,796 CC,44.2 bhp,5.0
Skoda Figo,2012,52000.0,206298.0,Petrol,Individual,Manual,First Owner,13.4 kmpl,796 CC,47.0 bhp,5.0
Audi XUV,2008,116000.0,109528.0,Petrol,Individual,Manual,First Owner,17.2 kmpl,998 CC,83.1 bhp,5.0
BMW Figo,2013,401000.0,83651.0,Diesel,Individual,Manual,First Owner,20.0 kmpl,1498 CC,133.8 bhp,5.0
Volkswagen Figo,2019,291000.0,100644.0,CNG,Individual,Automatic,Second Owner,10.0 kmpl,2179 CC,121.5 bhp,5.0
BMW Nexon,2021,1154000.0,69709.0,Petrol,Trustmark Dealer,Manual,Second Owner,14.4 kmpl,2179 CC,122.2 bhp,5.0
Honda Innova,2015,149000.0,60143.0,Petrol,Individual,Manual,First Owner,15.5 kmpl,1582 CC,138.3 bhp,5.0
Toyota XUV,2022,669000.0,33519.0,Petrol,Individual,Manual,First Owner,10.2 kmpl,2179 CC,121.9 bhp,4.0
BMW Innova,2022,1053000.0,29511.0,Petrol,Individual,Manual,Third Owner,19.5 kmpl,1968 CC,117.1 bhp,5.0
Maruti Nexon,2006,26000.0,298503.0,Diesel,Individual,Manual,First Owner,11.3 kmpl,1498 CC,103.0 bhp,7.0
Tata XUV,2006,19000.0,290702.0,Petrol,Dealer,Manual,First Owner,14.4 kmpl,998 CC,83.0 bhp,5.0
Honda Nexon,2025,267000.0,32893.0,LPG,Dealer,Manual,Second Owner,18.5 kmpl,796 CC,58.5 bhp,5.0
Hyundai City,2024,411000.0,32209.0,Petrol,Individual,Manual,Second Owner,14.6 kmpl,1968 CC,130.1 bhp,7.0
Volkswagen XUV,2015,108000.0,150585.0,Petrol,Dealer,Automatic,First Owner,11.3 kmpl,998 CC,72.5 bhp,5.0
Honda Figo,2013,88000.0,126568.0,Petrol,Individual,Manual,Second Owner,17.1 kmpl,1498 CC,119.8 bhp,5.0
Maruti Rapid,2011,112000.0,121414.0,Petrol,Individual,Automatic,First Owner,23.7 kmpl,2179 CC,127.6 bhp,5.0
Tata A4,2015,85000.0,107349.0,Diesel,Individual,Automatic,Third Owner,17.9 kmpl,1197 CC,73.4 bhp,5.0
Volkswagen Polo,2025,376000.0,14523.0,Petrol,Dealer,Manual,First Owner,13.6 kmpl,1248 CC,79.2 bhp,5.0
Skoda Nexon,2009,101000.0,158721.0,Petrol,Individual,Automatic,First Owner,19.8 kmpl,1968 CC,127.0 bhp,5.0
Maruti City,2008,54000.0,199600.0,Petrol,Individual,Automatic,First Owner,25.4 kmpl,2179 CC,181.5 bhp,7.0
Maruti Nexon,2022,304000.0,68313.0,Petrol,Individual,Automatic,First Owner,18.7 kmpl,1498 CC,118.5 bhp,5.0
Maruti Nexon,2005,21000.0,239302.0,Diesel,Dealer,Manual,First Owner,17.8 kmpl,998 CC,60.4 bhp,5.0
Toyota Figo,2012,158000.0,106336.0,Petrol,Individual,Manual,First Owner,,1968 CC,140.6 bhp,5.0
BMW Nexon,2023,908000.0,26308.0,Petrol,Individual,Manual,First Owner,22.4 kmpl,1197 CC,73.9 bhp,5.0
Toyota A4,2007,45000.0,,Petrol,Individual,Manual,Third Owner,24.6 kmpl,1582 CC,93.8 bhp,5.0
Maruti 320d,2011,39000.0,166105.0,Petrol,Individual,Manual,First Owner,20.9 kmpl,796 CC,54.0 bhp,5.0
Tata A4,2015,75000.0,142099.0,Diesel,Dealer,Manual,First Owner,18.7 kmpl,1197 CC,84.8 bhp,5.0
Toyota A4,2008,51000.0,195491.0,Petrol,Individual,Manual,First Owner,19.1 kmpl,1248 CC,95.1 bhp,5.0
Honda Swift,2015,73000.0,163686.0,Diesel,Dealer,Manual,First Owner,16.0 kmpl,796 CC,52.6 bhp,5.0
Honda City,2023,567000.0,36193.0,Petrol,Individual,Automatic,First Owner,15.2 kmpl,2179 CC,150.8 bhp,5.0
Hyundai Swift,2016,158000.0,126623.0,Petrol,Individual,Manual,Third Owner,15.9 kmpl,2179 CC,157.8 bhp,5.0
Hyundai Figo,2016,128000.0,154234.0,Petrol,Dealer,Manual,First Owner,15.1 kmpl,1498 CC,95.7 bhp,7.0
Skoda Polo,2022,565000.0,38016.0,Diesel,Individual,Automatic,First Owner,11.3 kmpl,1582 CC,139.4 bhp,7.0
Ford Figo,2021,232000.0,70403.0,Diesel,Individual,Manual,Second Owner,21.2 kmpl,1248 CC,79.0 bhp,5.0
Toyota Nexon,2007,88000.0,108593.0,Petrol,Individual,Manual,First Owner,11.6 kmpl,1968 CC,154.7 bhp,5.0
Volkswagen Figo,2020,237000.0,84089.0,Diesel,Individual,Manual,Third Owner,16.7 kmpl,1498 CC,104.2 bhp,5.0
Mahindra Swift,2019,247000.0,76912.0,Petrol,Individual,Manual,Second Owner,25.4 kmpl,1968 CC,131.3 bhp,5.0
Maruti Nexon,2005,19000.0,292379.0,Diesel,Dealer,Manual,First Owner,13.5 kmpl,1248 CC,101.0 bhp,5.0
Maruti Innova,2015,63000.0,85928.0,Petrol,Individual,Manual,First Owner,23.3 kmpl,796 CC,61.5 bhp,5.0
Toyota i20,2019,419000.0,46857.0,Diesel,Individual,Manual,Third Owner,24.4 kmpl,2179 CC,156.1 bhp,5.0
Honda Polo,2023,407000.0,60446.0,Petrol,Individual,Manual,First Owner,,1248 CC,91.1 bhp,5.0
Mahindra City,2007,65000.0,194737.0,Diesel,Individual,Manual,First Owner,12.0 kmpl,1582 CC,96.8 bhp,5.0
Honda Nexon,2024,452000.0,23829.0,Diesel,Individual,Manual,Second Owner,19.8 kmpl,1582 CC,109.7 bhp,7.0
Skoda Nexon,2024,614000.0,21120.0,Petrol,Dealer,Manual,First Owner,13.4 kmpl,1582 CC,107.0 bhp,7.0
Hyundai A4,2011,70000.0,220709.0,Petrol,Individual,Manual,First Owner,25.1 kmpl,1968 CC,176.3 bhp,5.0
Volkswagen Polo,2022,389000.0,29213.0,Diesel,Individual,Manual,First Owner,23.7 kmpl,1498 CC,110.5 bhp,5.0
Ford Polo,2012,68000.0,167083.0,Petrol,Dealer,Manual,First Owner,16.4 kmpl,1248 CC,81.2 bhp,5.0
Hyundai XUV,2015,113000.0,62717.0,CNG,Individual,Manual,First Owner,20.7 kmpl,1197 CC,66.4 bhp,5.0
Honda A4,2015,98000.0,170090.0,Petrol,Individual,Manual,First Owner,15.4 kmpl,998 CC,85.6 bhp,5.0
Toyota 320d,2017,140000.0,115487.0,Petrol,Individual,Manual,Second Owner,11.0 kmpl,998 CC,88.1 bhp,5.0
Hyundai Rapid,2018,230000.0,68178.0,Diesel,Individual,Manual,First Owner,19.2 kmpl,1498 CC,,5.0
Hyundai Figo,2025,277000.0,14056.0,Petrol,Trustmark Dealer,Manual,First Owner,14.0 kmpl,796 CC,71.0 bhp,5.0
Honda Innova,2022,368000.0,40010.0,Diesel,Individual,Manual,First Owner,24.9 kmpl,1248 CC,86.9 bhp,5.0
Honda Rapid,2007,38000.0,138376.0,Petrol,Trustmark Dealer,Manual,First Owner,18.6 kmpl,998 CC,75.4 bhp,7.0
Honda Nexon,2024,524000.0,36010.0,Diesel,Individual,Manual,First Owner,20.1 kmpl,1498 CC,91.7 bhp,5.0
Mahindra Innova,2022,247000.0,40973.0,Diesel,Individual,Manual,Second Owner,24.6 kmpl,998 CC,67.7 bhp,5.0
Tata City,2018,274000.0,53641.0,CNG,Individual,Manual,First Owner,17.2 kmpl,2179 CC,170.9 bhp,5.0
Hyundai XUV,2016,158000.0,63376.0,Petrol,Dealer,Manual,First Owner,23.4 kmpl,1582 CC,93.8 bhp,5.0
Skoda Swift,2023,270000.0,38003.0,Petrol,Individual,Manual,Third Owner,12.6 kmpl,796 CC,58.4 bhp,5.0
Toyota Rapid,2004,83000.0,176000.0,Petrol,Individual,Automatic,First Owner,16.5 kmpl,2179 CC,181.3 bhp,4.0
Honda Figo,2015,187000.0,70854.0,Petrol,Individual,Manual,First Owner,23.5 kmpl,1498 CC,99.8 bhp,5.0
Tata Nexon,2010,51000.0,204943.0,Petrol,Trustmark Dealer,Manual,First Owner,12.2 kmpl,1197 CC,96.9 bhp,5.0
Maruti 320d,2019,135000.0,105588.0,Diesel,Individual,Manual,First Owner,10.8 kmpl,998 CC,82.5 bhp,5.0
Honda Polo,2009,27000.0,236622.0,Petrol,Individual,Manual,First Owner,20.0 kmpl,796 CC,49.5 bhp,5.0
Tata Figo,2025,422000.0,16996.0,Diesel,Individual,Manual,First Owner,12.3 kmpl,1582 CC,120.6 bhp,5.0
Volkswagen A4,2006,56000.0,219487.0,Diesel,Individual,Manual,First Owner,16.7 kmpl,2179 CC,184.3 bhp,5.0
Hyundai A4,2011,38000.0,162201.0,Petrol,Individual,Manual,Third Owner,23.7 kmpl,796 CC,49.8 bhp,
Toyota 320d,2016,154000.0,,Petrol,Individual,Manual,Third Owner,19.4 kmpl,1197 CC,106.4 bhp,5.0
Maruti Figo,2017,199000.0,124464.0,Diesel,Individual,Manual,First Owner,16.5 kmpl,2179 CC,,4.0
Hyundai 320d,2017,186000.0,131061.0,Petrol,Individual,Manual,Second Owner,24.9 kmpl,1968 CC,129.3 bhp,5.0
Ford Polo,2024,206000.0,14119.0,Petrol,Trustmark Dealer,Manual,Third Owner,19.6 kmpl,796 CC,48.4 bhp,5.0
Mahindra Nexon,2014,225000.0,99232.0,Diesel,Individual,Manual,First Owner,25.9 kmpl,1968 CC,171.2 bhp,5.0
Toyota 320d,2006,86000.0,104846.0,Petrol,Individual,Automatic,Second Owner,11.6 kmpl,1968 CC,165.3 bhp,5.0
Hyundai 320d,2008,63000.0,226569.0,Diesel,Individual,Manual,First Owner,11.8 kmpl,1582 CC,88.2 bhp,5.0
Honda Polo,2005,45000.0,147467.0,Diesel,Dealer,Manual,Third Owner,13.6 kmpl,1498 CC,129.7 bhp,5.0
Toyota Polo,2018,318000.0,134000.0,Petrol,Individual,Manual,First Owner,25.4 kmpl,1582 CC,99.2 bhp,5.0
Skoda Rapid,2023,394000.0,36880.0,Petrol,Individual,Manual,Second Owner,18.4 kmpl,1582 CC,141.9 bhp,5.0
Honda Nexon,2012,86000.0,183457.0,Diesel,Individual,Manual,First Owner,19.0 kmpl,1498 CC,84.2 bhp,7.0
Skoda A4,2009,70000.0,167457.0,Petrol,Individual,Automatic,Second Owner,14.5 kmpl,1582 CC,99.8 bhp,5.0
Hyundai Swift,2024,243000.0,27641.0,Petrol,Dealer,Manual,First Owner,17.0 kmpl,998 CC,57.5 bhp,7.0
Mahindra 320d,2019,266000.0,93169.0,Petrol,Individual,Manual,Second Owner,23.2 kmpl,2179 CC,164.2 bhp,5.0
Mahindra Figo,2015,137000.0,113446.0,Diesel,Individual,Manual,First Owner,25.7 kmpl,1498 CC,97.4 bhp,7.0
Hyundai XUV,2016,170000.0,53806.0,Diesel,Individual,Manual,First Owner,17.1 kmpl,1968 CC,137.2 bhp,5.0
Hyundai City,2015,62000.0,158846.0,Petrol,Individual,Manual,Second Owner,18.5 kmpl,998 CC,56.9 bhp,5.0
Mahindra A4,2015,88000.0,75497.0,Diesel,Dealer,Manual,Third Owner,23.3 kmpl,998 CC,85.2 bhp,5.0
Maruti A4,2011,57000.0,140336.0,CNG,Individual,Manual,First Owner,12.7 kmpl,1582 CC,119.2 bhp,5.0
Audi XUV,2012,140000.0,208483.0,Diesel,Individual,Manual,Second Owner,11.5 kmpl,796 CC,49.8 bhp,7.0
Honda A4,2018,132000.0,117766.0,Petrol,Individual,Manual,First Owner,10.1 kmpl,796 CC,,
Toyota City,2014,96000.0,177393.0,Petrol,Individual,Manual,Third Owner,11.8 kmpl,998 CC,83.7 bhp,5.0
Hyundai XUV,2013,73000.0,77788.0,Petrol,Individual,Automatic,Second Owner,24.3 kmpl,796 CC,61.5 bhp,7.0
Tata Rapid,2024,249000.0,41023.0,Petrol,Individual,Manual,First Owner,13.4 kmpl,796 CC,57.3 bhp,5.0
Hyundai Rapid,2024,418000.0,16722.0,Diesel,Individual,Manual,First Owner,21.4 kmpl,1498 CC,127.1 bhp,5.0
Mahindra City,2014,115000.0,84049.0,Diesel,Individual,Manual,Second Owner,25.2 kmpl,998 CC,89.5 bhp,5.0
Mahindra Polo,2004,29000.0,271997.0,Diesel,Individual,Automatic,First Owner,23.6 kmpl,1248 CC,91.9 bhp,7.0
Mahindra XUV,2025,935000.0,17240.0,Diesel,Individual,Automatic,First Owner,15.9 kmpl,2179 CC,145.6 bhp,5.0
Hyundai Figo,2006,62000.0,180324.0,Diesel,Individual,Manual,First Owner,18.6 kmpl,2179 CC,120.3 bhp,5.0
Tata XUV,2014,67000.0,151924.0,Diesel,Individual,Manual,First Owner,12.0 kmpl,796 CC,46.0 bhp,7.0
Tata Innova,2021,350000.0,75524.0,Petrol,Individual,Automatic,First Owner,22.5 kmpl,2179 CC,177.7 bhp,5.0
Tata i20,2010,38000.0,197423.0,Petrol,Individual,Manual,First Owner,14.1 kmpl,998 CC,82.1 bhp,5.0
Volkswagen Polo,2008,126000.0,104353.0,Diesel,Individual,Automatic,First Owner,21.6 kmpl,2179 CC,170.1 bhp,5.0
Toyota Nexon,2013,211000.0,87468.0,Diesel,Dealer,Automatic,First Owner,18.8 kmpl,1582 CC,128.5 bhp,5.0
Tata Polo,2017,117000.0,121098.0,Petrol,Individual,Manual,First Owner,,998 CC,88.5 bhp,7.0
Toyota Figo,2012,93000.0,132492.0,Diesel,Individual,Manual,Second Owner,18.7 kmpl,1197 CC,100.3 bhp,5.0
Mahindra City,2005,24000.0,208517.0,Diesel,Individual,Manual,Second Owner,18.1 kmpl,1197 CC,89.4 bhp,5.0
Ford Figo,2018,160000.0,101246.0,Petrol,Individual,Manual,First Owner,25.3 kmpl,1498 CC,122.8 bhp,7.0
Volkswagen Swift,2015,124000.0,116772.0,Diesel,Dealer,Automatic,Second Owner,20.8 kmpl,1582 CC,118.6 bhp,7.0
Maruti Innova,2018,189000.0,50574.0,Petrol,Individual,Manual,Second Owner,19.2 kmpl,1582 CC,116.3 bhp,5.0
Maruti i20,2004,36000.0,216535.0,Diesel,Dealer,Manual,First Owner,12.3 kmpl,1498 CC,107.9 bhp,5.0
Tata Figo,2011,68000.0,126026.0,Petrol,Individual,Automatic,First Owner,20.1 kmpl,1248 CC,93.4 bhp,5.0
Toyota Nexon,2018,324000.0,70786.0,Diesel,Trustmark Dealer,Automatic,Third Owner,25.3 kmpl,1582 CC,114.3 bhp,5.0
Toyota Innova,2018,247000.0,124585.0,Diesel,Dealer,Automatic,Third Owner,24.2 kmpl,1197 CC,70.1 bhp,5.0
Hyundai Nexon,2017,106000.0,91703.0,Petrol,Individual,Automatic,First Owner,17.0 kmpl,796 CC,51.3 bhp,5.0
Honda Innova,2020,172000.0,67091.0,Diesel,Individual,Manual,Second Owner,,796 CC,57.9 bhp,5.0
BMW 320d,2005,99000.0,191583.0,Diesel,Dealer,Manual,Second Owner,21.3 kmpl,1248 CC,109.5 bhp,5.0
Toyota Polo,2008,52000.0,214018.0,Petrol,Individual,Manual,Second Owner,22.4 kmpl,1498 CC,123.8 bhp,5.0
Volkswagen Polo,2008,49000.0,168207.0,Diesel,Dealer,Manual,Third Owner,25.0 kmpl,1197 CC,104.9 bhp,5.0
Mahindra Innova,2009,73000.0,195411.0,Diesel,Individual,Manual,Second Owner,20.8 kmpl,1968 CC,,5.0
Hyundai i20,2019,102000.0,88740.0,Petrol,Individual,Manual,Second Owner,19.9 kmpl,796 CC,50.5 bhp,5.0
Volkswagen Nexon,2024,478000.0,39974.0,Diesel,Individual,Manual,First Owner,16.5 kmpl,1248 CC,111.1 bhp,5.0
Mahindra Nexon,2015,156000.0,163947.0,Diesel,Individual,Automatic,First Owner,22.6 kmpl,1582 CC,89.8 bhp,5.0
Hyundai 320d,2012,42000.0,208534.0,Diesel,Individual,Manual,Third Owner,10.8 kmpl,796 CC,68.4 bhp,7.0
Volkswagen Innova,2025,430000.0,18046.0,Diesel,Individual,Manual,Second Owner,22.5 kmpl,1248 CC,71.5 bhp,5.0
Mahindra Innova,2023,305000.0,25722.0,Petrol,Individual,Manual,First Owner,21.0 kmpl,,79.1 bhp,5.0
Hyundai Nexon,2015,149000.0,160898.0,Petrol,Individual,Automatic,First Owner,19.3 kmpl,1582 CC,107.4 bhp,
Toyota 320d,2005,46000.0,184241.0,Diesel,Dealer,Manual,Second Owner,21.4 kmpl,1248 CC,105.5 bhp,5.0
Hyundai Innova,2014,101000.0,106725.0,Petrol,Individual,Automatic,First Owner,25.9 kmpl,998 CC,62.5 bhp,5.0
Audi A4,2004,94000.0,138820.0,Petrol,Dealer,Manual,First Owner,15.9 kmpl,1582 CC,109.8 bhp,5.0
Maruti Polo,2020,223000.0,82783.0,Diesel,Dealer,Manual,Second Owner,16.3 kmpl,1968 CC,118.6 bhp,5.0
Maruti XUV,2018,83000.0,76001.0,Petrol,Dealer,Manual,Third Owner,22.9 kmpl,796 CC,51.4 bhp,5.0
Skoda Innova,2014,158000.0,135020.0,Petrol,Individual,Automatic,Second Owner,11.3 kmpl,1582 CC,135.5 bhp,5.0
Toyota XUV,2006,39000.0,182865.0,Petrol,Dealer,Manual,First Owner,19.2 kmpl,998 CC,75.0 bhp,5.0
Tata Rapid,2009,44000.0,162636.0,Diesel,Individual,Manual,First Owner,14.0 kmpl,998 CC,82.2 bhp,4.0
Ford A4,2022,201000.0,27031.0,Diesel,Individual,Manual,Second Owner,10.9 kmpl,998 CC,63.9 bhp,5.0
Maruti Swift,2009,40000.0,165256.0,Petrol,Dealer,Manual,First Owner,15.4 kmpl,1968 CC,118.2 bhp,5.0
BMW A4,2020,1265000.0,52109.0,Petrol,Individual,Manual,First Owner,25.7 kmpl,1968 CC,136.4 bhp,5.0
Tata Swift,2018,118000.0,132834.0,Petrol,Individual,Automatic,Second Owner,18.3 kmpl,1968 CC,163.1 bhp,5.0
Volkswagen XUV,2023,409000.0,31840.0,Petrol,Trustmark Dealer,Manual,Fourth & Above Owner,21.3 kmpl,1968 CC,126.9 bhp,7.0
Maruti 320d,2011,31000.0,207642.0,Diesel,Individual,Manual,Second Owner,23.1 kmpl,796 CC,64.7 bhp,5.0
BMW City,2025,953000.0,16256.0,Petrol,Dealer,Manual,First Owner,12.0 kmpl,796 CC,70.1 bhp,5.0
Maruti City,2008,34000.0,238101.0,Petrol,Individual,Automatic,Second Owner,24.4 kmpl,1582 CC,116.1 bhp,5.0
Maruti Figo,2009,59000.0,176352.0,Diesel,Individual,Manual,First Owner,15.0 kmpl,1582 CC,96.1 bhp,5.0
Skoda A4,2010,77000.0,146794.0,Diesel,Individual,Manual,First Owner,11.9 kmpl,1248 CC,80.8 bhp,5.0
Hyundai Nexon,2013,63000.0,167335.0,Diesel,Individual,Manual,Second Owner,13.1 kmpl,998 CC,76.4 bhp,5.0
Maruti Rapid,2017,153000.0,79878.0,Petrol,Individual,Manual,First Owner,10.5 kmpl,1968 CC,147.5 bhp,5.0
Skoda XUV,2005,29000.0,286720.0,Diesel,Individual,Manual,First Owner,15.1 kmpl,998 CC,69.1 bhp,4.0
Hyundai Rapid,2016,114000.0,123777.0,Diesel,Individual,Manual,First Owner,24.7 kmpl,998 CC,68.6 bhp,4.0
Maruti Rapid,2022,249000.0,74716.0,LPG,Individual,Manual,First Owner,23.7 kmpl,1968 CC,153.5 bhp,7.0
Toyota XUV,2019,335000.0,74462.0,Petrol,Dealer,Manual,First Owner,19.7 kmpl,1197 CC,83.5 bhp,5.0
Honda Rapid,2017,138000.0,118484.0,Diesel,Individual,Manual,Second Owner,11.7 kmpl,1582 CC,107.9 bhp,5.0
Hyundai A4,2007,30000.0,233936.0,Diesel,Individual,Automatic,First Owner,10.6 kmpl,796 CC,51.5 bhp,5.0
Maruti Innova,2018,160000.0,105050.0,Petrol,Individual,Manual,First Owner,10.7 kmpl,1582 CC,111.2 bhp,5.0
Ford Swift,2018,142000.0,110714.0,Petrol,Individual,Manual,First Owner,23.0 kmpl,1582 CC,105.3 bhp,5.0
Maruti City,2021,257000.0,46036.0,Petrol,Individual,Manual,First Owner,24.9 kmpl,1197 CC,74.1 bhp,5.0
Tata Figo,2005,41000.0,190997.0,Diesel,Individual,Manual,First Owner,20.6 kmpl,2179 CC,192.1 bhp,5.0
Ford Nexon,2021,280000.0,46766.0,Petrol,Individual,Manual,Second Owner,23.6 kmpl,1968 CC,116.9 bhp,5.0
Maruti Swift,2014,57000.0,183941.0,Petrol,Dealer,Manual,Third Owner,20.6 kmpl,998 CC,80.9 bhp,4.0
Honda 320d,2025,726000.0,12033.0,Diesel,Individual,Manual,First Owner,14.7 kmpl,1498 CC,134.1 bhp,5.0
Mahindra City,2015,113000.0,168563.0,Diesel,Dealer,Manual,First Owner,14.7 kmpl,1197 CC,106.9 bhp,5.0
Volkswagen i20,2005,30000.0,174803.0,Petrol,Individual,Manual,Third Owner,11.3 kmpl,1197 CC,68.5 bhp,5.0
Hyundai Swift,2011,71000.0,182206.0,Diesel,Individual,Automatic,First Owner,17.5 kmpl,1197 CC,105.5 bhp,5.0
Maruti 320d,2004,21000.0,271730.0,Petrol,Individual,Manual,First Owner,21.9 kmpl,1248 CC,76.5 bhp,5.0
Mahindra Swift,2023,337000.0,43507.0,Petrol,Individual,Manual,First Owner,15.8 kmpl,1248 CC,72.9 bhp,5.0
Mahindra Swift,2010,59000.0,186958.0,Diesel,Dealer,Manual,Third Owner,24.1 kmpl,1248 CC,71.7 bhp,5.0
Volkswagen 320d,2022,381000.0,66696.0,Petrol,Individual,Automatic,First Owner,12.0 kmpl,1582 CC,123.4 bhp,7.0
Hyundai A4,2007,37000.0,128016.0,Petrol,Individual,Manual,Third Owner,12.8 kmpl,1197 CC,81.4 bhp,5.0
Skoda A4,2012,74000.0,171488.0,Diesel,Individual,Manual,Third Owner,22.1 kmpl,1197 CC,82.5 bhp,5.0
Hyundai Nexon,2018,150000.0,106550.0,Petrol,Dealer,Manual,First Owner,15.8 kmpl,1248 CC,82.6 bhp,7.0
Mahindra Innova,2019,163000.0,66365.0,Diesel,Individual,Manual,Second Owner,17.1 kmpl,796 CC,48.2 bhp,5.0
Tata 320d,2021,229000.0,51301.0,Petrol,Individual,Automatic,First Owner,12.8 kmpl,1248 CC,97.3 bhp,7.0
Toyota Polo,2005,40000.0,180108.0,Diesel,Dealer,Automatic,Second Owner,14.4 kmpl,796 CC,59.2 bhp,5.0
Tata 320d,2013,89000.0,98475.0,Diesel,Individual,Manual,First Owner,20.8 kmpl,1197 CC,98.6 bhp,
Honda 320d,2023,321000.0,45204.0,Diesel,Individual,Manual,Second Owner,20.7 kmpl,1197 CC,89.9 bhp,5.0
Maruti A4,2013,113000.0,112968.0,Petrol,Individual,Automatic,First Owner,10.5 kmpl,1968 CC,137.0 bhp,5.0
Tata Nexon,2023,267000.0,23972.0,Petrol,Individual,Automatic,First Owner,14.1 kmpl,998 CC,68.2 bhp,5.0
Mahindra Nexon,2023,367000.0,30369.0,CNG,Dealer,Automatic,First Owner,23.9 kmpl,796 CC,57.8 bhp,5.0
Mahindra City,2007,59000.0,148117.0,Petrol,Dealer,Manual,Second Owner,14.0 kmpl,1968 CC,176.0 bhp,7.0
Maruti City,2004,28000.0,163759.0,Petrol,Individual,Automatic,First Owner,14.2 kmpl,1248 CC,75.9 bhp,5.0
Volkswagen Swift,2022,192000.0,39163.0,CNG,Individual,Manual,Second Owner,25.6 kmpl,998 CC,60.8 bhp,7.0
Toyota Figo,2004,42000.0,207151.0,Petrol,Dealer,Manual,First Owner,24.3 kmpl,1582 CC,111.2 bhp,5.0
Hyundai Innova,2018,125000.0,108839.0,Petrol,Individual,Manual,Second Owner,16.5 kmpl,1498 CC,87.9 bhp,5.0
Volkswagen A4,2013,126000.0,100763.0,CNG,Individual,Manual,First Owner,15.2 kmpl,1248 CC,75.2 bhp,5.0
Honda Innova,2025,564000.0,16138.0,Diesel,Individual,Manual,First Owner,,1498 CC,126.7 bhp,5.0
Honda Figo,2015,114000.0,129938.0,Diesel,Dealer,Manual,Second Owner,17.1 kmpl,1498 CC,125.4 bhp,5.0
Skoda City,2008,31000.0,202842.0,Diesel,Trustmark Dealer,Manual,Second Owner,17.0 kmpl,796 CC,71.1 bhp,5.0
Ford Nexon,2008,69000.0,251249.0,Petrol,Individual,Automatic,First Owner,,1968 CC,171.5 bhp,5.0
Ford i20,2025,508000.0,16442.0,Petrol,Individual,Manual,Second Owner,19.1 kmpl,2179 CC,149.3 bhp,5.0
Hyundai Rapid,2009,51000.0,165215.0,Petrol,Individual,Automatic,First Owner,13.2 kmpl,1197 CC,74.7 bhp,
Maruti Polo,2013,40000.0,124507.0,Petrol,Individual,Manual,Second Owner,10.5 kmpl,998 CC,81.7 bhp,5.0
Honda Polo,2016,223000.0,116471.0,CNG,Individual,Manual,First Owner,25.6 kmpl,2179 CC,180.4 bhp,5.0
BMW Figo,2004,157000.0,207815.0,Diesel,Individual,Manual,First Owner,17.2 kmpl,1968 CC,168.4 bhp,5.0
Volkswagen Rapid,2009,73000.0,205017.0,Petrol,Individual,Manual,Second Owner,10.1 kmpl,,,7.0
Ford Swift,2010,28000.0,253838.0,Petrol,Individual,Manual,Second Owner,24.0 kmpl,1498 CC,116.5 bhp,4.0
Honda XUV,2015,118000.0,150931.0,LPG,Individual,Manual,First Owner,25.6 kmpl,1582 CC,103.2 bhp,5.0
Maruti Swift,2023,296000.0,38450.0,Diesel,Individual,Manual,First Owner,17.9 kmpl,1197 CC,96.5 bhp,5.0
Ford 320d,2005,24000.0,213696.0,Petrol,Individual,Manual,First Owner,16.6 kmpl,1248 CC,75.5 bhp,5.0
Volkswagen Swift,2010,62000.0,123185.0,Petrol,Individual,Manual,First Owner,12.5 kmpl,1197 CC,73.1 bhp,5.0
Skoda Polo,2007,70000.0,128066.0,Petrol,Individual,Manual,First Owner,12.6 kmpl,1498 CC,93.0 bhp,7.0
Tata 320d,2017,228000.0,49389.0,Diesel,Individual,Manual,First Owner,16.4 kmpl,2179 CC,186.7 bhp,5.0
Toyota Innova,2012,105000.0,118724.0,Petrol,Individual,Manual,First Owner,20.9 kmpl,998 CC,80.4 bhp,5.0
Hyundai Polo,2019,153000.0,70485.0,Petrol,Individual,Manual,First Owner,17.2 kmpl,998 CC,78.6 bhp,5.0
Audi Innova,2015,356000.0,98230.0,Petrol,Individual,Manual,Fourth & Above Owner,20.2 kmpl,1968 CC,125.2 bhp,5.0
Ford Nexon,2004,15000.0,242936.0,Petrol,Individual,Manual,First Owner,22.5 kmpl,998 CC,58.3 bhp,5.0
Tata A4,2021,251000.0,37776.0,Diesel,Individual,Automatic,Second Owner,16.9 kmpl,1197 CC,71.1 bhp,5.0
Hyundai Nexon,2016,243000.0,120075.0,Diesel,Individual,Automatic,First Owner,24.1 kmpl,1968 CC,138.3 bhp,7.0
Maruti City,2004,25000.0,149803.0,Petrol,Individual,Manual,First Owner,10.2 kmpl,1498 CC,103.3 bhp,5.0
Mahindra Polo,2025,317000.0,10921.0,Petrol,Individual,Automatic,Second Owner,14.1 kmpl,796 CC,44.3 bhp,5.0
Volkswagen A4,2015,189000.0,67963.0,Diesel,Dealer,Manual,First Owner,18.5 kmpl,1498 CC,126.0 bhp,5.0
Toyota 320d,2008,37000.0,243215.0,Petrol,Individual,Manual,First Owner,21.9 kmpl,796 CC,63.4 bhp,5.0
Honda Figo,2010,77000.0,244288.0,Diesel,Individual,Manual,First Owner,20.3 kmpl,1498 CC,94.0 bhp,5.0
Mahindra Nexon,2016,94000.0,57141.0,Petrol,Individual,Manual,Second Owner,12.2 kmpl,796 CC,60.7 bhp,5.0
Volkswagen XUV,2006,30000.0,162171.0,Petrol,Individual,Manual,First Owner,19.2 kmpl,998 CC,60.1 bhp,7.0
Hyundai Figo,2012,96000.0,128579.0,Petrol,Dealer,Manual,First Owner,25.7 kmpl,1582 CC,117.7 bhp,7.0
Tata XUV,2025,353000.0,21652.0,Petrol,Individual,Automatic,First Owner,15.3 kmpl,796 CC,52.9 bhp,5.0
Volkswagen A4,2023,412000.0,59537.0,Petrol,Individual,Automatic,First Owner,25.9 kmpl,1582 CC,124.0 bhp,5.0
Hyundai Swift,2020,235000.0,76636.0,Diesel,Individual,Automatic,Second Owner,20.1 kmpl,1197 CC,70.1 bhp,5.0
Volkswagen XUV,2005,21000.0,222976.0,Petrol,Individual,Manual,First Owner,11.7 kmpl,796 CC,59.6 bhp,5.0
Maruti Figo,2017,104000.0,108649.0,Petrol,Dealer,Manual,First Owner,13.0 kmpl,1582 CC,95.9 bhp,5.0
Tata Polo,2018,165000.0,63933.0,Diesel,Dealer,Manual,First Owner,16.2 kmpl,998 CC,58.7 bhp,4.0
Skoda XUV,2009,58000.0,244591.0,Petrol,Individual,Automatic,First Owner,24.1 kmpl,1582 CC,,7.0
Toyota XUV,2006,104000.0,214740.0,Diesel,Individual,Automatic,First Owner,21.7 kmpl,2179 CC,191.4 bhp,5.0
Volkswagen City,2005,46000.0,111529.0,Petrol,Individual,Manual,First Owner,21.5 kmpl,1582 CC,,7.0
Mahindra A4,2012,56000.0,194400.0,Diesel,Individual,Manual,First Owner,,796 CC,53.5 bhp,5.0
Maruti Nexon,2015,107000.0,114718.0,CNG,Individual,Automatic,First Owner,16.8 kmpl,1248 CC,80.2 bhp,5.0
Skoda Nexon,2004,39000.0,152103.0,Petrol,Individual,Manual,First Owner,15.0 kmpl,1498 CC,125.4 bhp,5.0
Audi Figo,2007,55000.0,151434.0,Petrol,Individual,Manual,Second Owner,22.1 kmpl,796 CC,65.8 bhp,5.0
Tata Swift,2019,172000.0,88796.0,Petrol,Individual,Manual,Third Owner,13.2 kmpl,1498 CC,133.9 bhp,5.0
Hyundai City,2006,42000.0,182255.0,Petrol,Individual,Manual,First Owner,16.2 kmpl,1582 CC,130.9 bhp,7.0
Maruti i20,2024,227000.0,44487.0,Diesel,Dealer,Manual,Second Owner,15.5 kmpl,998 CC,62.8 bhp,5.0
Hyundai Rapid,2021,318000.0,82868.0,Petrol,Individual,Manual,Second Owner,13.9 kmpl,2179 CC,155.7 bhp,7.0
Maruti XUV,2010,38000.0,217572.0,Petrol,Individual,Manual,First Owner,24.5 kmpl,1248 CC,98.2 bhp,5.0
Maruti Rapid,2006,53000.0,136464.0,Diesel,Dealer,Automatic,Second Owner,18.7 kmpl,2179 CC,174.8 bhp,7.0
Skoda Rapid,2005,43000.0,295645.0,Diesel,Individual,Manual,First Owner,,2179 CC,173.9 bhp,5.0
Hyundai i20,2015,152000.0,152252.0,Diesel,Individual,Manual,First Owner,11.4 kmpl,1582 CC,95.7 bhp,5.0
Audi Figo,2012,166000.0,147848.0,Diesel,Individual,Manual,First Owner,23.9 kmpl,796 CC,66.6 bhp,5.0
Maruti i20,2006,25000.0,220949.0,Petrol,Individual,Manual,First Owner,20.2 kmpl,1248 CC,84.9 bhp,7.0
Volkswagen XUV,2018,200000.0,88931.0,Petrol,Individual,Manual,First Owner,12.7 kmpl,1968 CC,126.0 bhp,5.0
Toyota City,2025,765000.0,8590.0,Diesel,Individual,Manual,First Owner,12.4 kmpl,1248 CC,103.8 bhp,5.0
Volkswagen 320d,2012,61000.0,116144.0,Diesel,Dealer,Manual,Second Owner,25.0 kmpl,998 CC,61.8 bhp,5.0
Audi City,2017,538000.0,73307.0,Petrol,Individual,Manual,Second Owner,16.5 kmpl,2179 CC,147.4 bhp,5.0
Honda Swift,2014,126000.0,90604.0,Diesel,Individual,Automatic,Second Owner,10.5 kmpl,998 CC,57.3 bhp,4.0
Mahindra XUV,2025,918000.0,26362.0,Diesel,Individual,Manual,First Owner,10.4 kmpl,1968 CC,132.0 bhp,5.0
Mahindra i20,2017,201000.0,149534.0,Petrol,Individual,Manual,First Owner,22.7 kmpl,2179 CC,190.6 bhp,5.0
Tata Figo,2024,418000.0,30504.0,Petrol,Individual,Manual,First Owner,19.8 kmpl,1582 CC,125.9 bhp,7.0
Hyundai A4,2010,57000.0,97107.0,Petrol,Individual,Manual,First Owner,22.9 kmpl,1197 CC,67.0 bhp,7.0
Toyota Swift,2010,97000.0,195461.0,Diesel,Individual,Manual,First Owner,10.1 kmpl,1197 CC,70.9 bhp,7.0
Maruti A4,2019,156000.0,102186.0, petrol ,Individual,Manual,First Owner,15.8 kmpl,1197 CC,92.9 bhp,5.0
Maruti i20,2018,161000.0,98896.0,Diesel,Individual,Manual,First Owner,24.8 kmpl,1248 CC,,
Honda Swift,2017,131000.0,80665.0,Petrol,Individual,Manual,First Owner,24.3 kmpl,998 CC,89.0 bhp,5.0
Maruti XUV,2004,22000.0,242241.0,Diesel,Individual,Manual,First Owner,17.0 kmpl,1248 CC,69.9 bhp,5.0
Hyundai Rapid,2016,116000.0,106000.0,Diesel,Individual,Manual,Second Owner,18.9 kmpl,1197 CC,107.5 bhp,7.0
Volkswagen Nexon,2006,36000.0,143969.0,Diesel,Individual,Automatic,First Owner,19.4 kmpl,796 CC,70.9 bhp,5.0
Tata i20,2016,96000.0,123919.0,CNG,Individual,Manual,Second Owner,13.9 kmpl,1498 CC,85.8 bhp,5.0
Ford 320d,2004,23000.0,183744.0,Petrol,Individual,Automatic,Second Owner,24.3 kmpl,1248 CC,81.4 bhp,7.0
Skoda Polo,2024,388000.0,42002.0,Diesel,Individual,Manual,Second Owner,14.2 kmpl,1248 CC,102.8 bhp,5.0
Tata Polo,2013,73000.0,189185.0,Diesel,Individual,Manual,First Owner,18.2 kmpl,1582 CC,141.7 bhp,5.0
Skoda i20,2023,720000.0,22009.0,Diesel,Individual,Automatic,First Owner,13.4 kmpl,1582 CC,118.6 bhp,7.0
Mahindra Swift,2013,82000.0,81371.0,Petrol,Individual,Automatic,First Owner,25.1 kmpl,796 CC,48.4 bhp,5.0
Toyota 320d,2006,64000.0,228786.0,Diesel,Individual,Manual,First Owner,19.3 kmpl,1582 CC,139.2 bhp,7.0
Volkswagen Rapid,2021,288000.0,73250.0,Petrol,Individual,Automatic,Second Owner,23.6 kmpl,1582 CC,114.0 bhp,5.0
Maruti Nexon,2025,261000.0,10959.0,Diesel,Individual,Manual,Second Owner,19.0 kmpl,998 CC,89.1 bhp,5.0
Tata Rapid,2024,345000.0,34662.0,CNG,Trustmark Dealer,Automatic,Second Owner,18.7 kmpl,1498 CC,134.5 bhp,5.0
Tata 320d,2009,39000.0,133624.0,Diesel,Individual,Manual,Second Owner,18.7 kmpl,1248 CC,69.6 bhp,5.0
Skoda City,2007,39000.0,241862.0,Diesel,Dealer,Manual,Second Owner,13.5 kmpl,1498 CC,97.8 bhp,
Honda XUV,2011,65000.0,217896.0,Petrol,Individual,Manual,First Owner,13.3 kmpl,1248 CC,83.4 bhp,5.0
Hyundai City,2024,299000.0,33166.0,Petrol,Individual,Manual,First Owner,13.3 kmpl,1248 CC,,5.0
Hyundai Innova,2012,105000.0,85251.0,Petrol,Individual,Manual,First Owner,12.2 kmpl,1582 CC,117.4 bhp,5.0
Mahindra Swift,2004,35000.0,309022.0,Diesel,Individual,Automatic,First Owner,24.9 kmpl,1582 CC,131.5 bhp,5.0
Mahindra Rapid,2005,23000.0,223897.0,Petrol,Individual,Manual,First Owner,23.9 kmpl,796 CC,49.0 bhp,5.0
Ford Swift,2020,241000.0,41950.0,CNG,Individual,Automatic,Third Owner,23.6 kmpl,1248 CC,70.3 bhp,5.0
Honda Figo,2012,110000.0,199812.0,Petrol,Individual,Automatic,Third Owner,17.2 kmpl,2179 CC,159.2 bhp,5.0
Mahindra Nexon,2023,361000.0,53343.0,Petrol,Individual,Manual,First Owner,14.0 kmpl,1197 CC,107.4 bhp,5.0
Maruti Figo,2012,95000.0,127972.0,Petrol,Individual,Manual,First Owner,12.8 kmpl,2179 CC,164.8 bhp,5.0
Volkswagen Rapid,2008,49000.0,273315.0,Petrol,Individual,Automatic,First Owner,10.6 kmpl,1248 CC,88.4 bhp,5.0
BMW i20,2020,966000.0,42527.0,Diesel,Individual,Manual,First Owner,11.3 kmpl,1248 CC,103.7 bhp,5.0
Mahindra Nexon,2022,327000.0,36783.0,Diesel,Individual,Manual,Fourth & Above Owner,15.7 kmpl,1582 CC,129.7 bhp,5.0
Hyundai Nexon,2025,403000.0,12243.0,Diesel,Individual,Manual,First Owner,18.2 kmpl,1197 CC,66.4 bhp,5.0
Hyundai Innova,2010,78000.0,166444.0,Petrol,Individual,Manual,First Owner,11.5 kmpl,1498 CC,124.5 bhp,7.0
Hyundai 320d,2016,135000.0,91989.0,Diesel,Individual,Manual,First Owner,13.7 kmpl,1197 CC,81.4 bhp,
Volkswagen Innova,2022,332000.0,28130.0,Petrol,Individual,Manual,Fourth & Above Owner,23.9 kmpl,1498 CC,92.7 bhp,4.0
Honda Innova,2008,32000.0,223958.0,Petrol,Individual,Manual,First Owner,25.4 kmpl,796 CC,55.8 bhp,5.0
Skoda Nexon,2008,56000.0,188098.0,Petrol,Individual,Manual,First Owner,25.8 kmpl,1248 CC,100.2 bhp,5.0
Mahindra 320d,2017,140000.0,77656.0,Petrol,Individual,Automatic,Third Owner,,998 CC,62.9 bhp,5.0
Hyundai Rapid,2005,57000.0,139835.0,Diesel,Dealer,Manual,First Owner,13.6 kmpl,1968 CC,171.5 bhp,5.0
BMW i20,2025,1152000.0,8639.0,Diesel,Individual,Manual,First Owner,16.3 kmpl,,49.2 bhp,5.0
Honda Rapid,2025,632000.0,32397.0,Petrol,Individual,Manual,First Owner,24.0 kmpl,1498 CC,85.7 bhp,5.0
Hyundai XUV,2013,94000.0,194455.0,Diesel,Dealer,Manual,First Owner,20.1 kmpl,1197 CC,79.2 bhp,5.0
Volkswagen 320d,2022,345000.0,44836.0,Petrol,Individual,Automatic,Second Owner,19.4 kmpl,1248 CC,94.0 bhp,5.0
Tata Figo,2018,177000.0,115817.0,Petrol,Individual,Manual,First Owner,23.6 kmpl,1498 CC,127.7 bhp,7.0
Hyundai A4,2015,97000.0,65763.0,Petrol,Individual,Manual,Second Owner,,1248 CC,110.6 bhp,5.0
Honda 320d,2021,261000.0,29520.0,Petrol,Individual,Manual,First Owner,17.5 kmpl,1197 CC,94.2 bhp,5.0
Ford Polo,2015,150000.0,143050.0,Petrol,Individual,Manual,First Owner,15.8 kmpl,1968 CC,171.9 bhp,5.0
Mahindra Figo,2005,41000.0,129092.0,Diesel,Individual,Automatic,First Owner,15.8 kmpl,796 CC,53.9 bhp,5.0
Tata i20,2005,31000.0,263795.0,Petrol,Dealer,Automatic,Second Owner,24.9 kmpl,1968 CC,176.7 bhp,5.0
Maruti Polo,2009,56000.0,255116.0,Diesel,Individual,Manual,First Owner,24.2 kmpl,2179 CC,138.1 bhp,5.0
Skoda 320d,2023,339000.0,25804.0,Petrol,Dealer,Manual,Third Owner,15.4 kmpl,1498 CC,94.3 bhp,5.0
Mahindra Figo,2015,143000.0,168886.0,Diesel,Dealer,Manual,First Owner,21.6 kmpl,1582 CC,111.9 bhp,7.0
Hyundai Nexon,2022,270000.0,57373.0,Diesel,Individual,Manual,First Owner,14.4 kmpl,1197 CC,88.2 bhp,5.0
Tata i20,2008,39000.0,121772.0,Diesel,Individual,Manual,First Owner,11.4 kmpl,796 CC,57.6 bhp,5.0
Tata Swift,2010,29000.0,212006.0,Petrol,Individual,Manual,Second Owner,15.0 kmpl,796 CC,50.5 bhp,
Maruti Nexon,2020,111000.0,49159.0,Diesel,Individual,Manual,Second Owner,25.9 kmpl,796 CC,66.6 bhp,5.0
Honda A4,2015,131000.0,161383.0,Petrol,Dealer,Manual,First Owner,19.6 kmpl,1197 CC,74.3 bhp,5.0
Tata A4,2018,150000.0,74888.0,Diesel,Individual,Manual,First Owner,19.3 kmpl,1248 CC,91.7 bhp,5.0
Maruti Figo,2010,52000.0,113834.0,Diesel,Individual,Manual,First Owner,13.2 kmpl,796 CC,59.6 bhp,5.0
Toyota 320d,2012,119000.0,125440.0,Petrol,Dealer,Manual,Second Owner,15.4 kmpl,,163.7 bhp,5.0
Volkswagen Innova,2016,149000.0,118064.0,Diesel,Individual,Manual,First Owner,18.5 kmpl,1582 CC,112.3 bhp,5.0
Maruti Nexon,2006,34000.0,179999.0,Diesel,Individual,Manual,Second Owner,14.5 kmpl,1582 CC,116.5 bhp,5.0
Skoda Innova,2010,86000.0,226234.0,CNG,Dealer,Automatic,First Owner,13.2 kmpl,1197 CC,90.9 bhp,5.0
Audi Figo,2014,578000.0,153726.0,Diesel,Individual,Automatic,First Owner,17.9 kmpl,2179 CC,146.0 bhp,5.0
Maruti City,2014,121000.0,96796.0,Diesel,Dealer,Automatic,Second Owner,12.7 kmpl,1582 CC,98.1 bhp,7.0
Maruti Polo,2022,212000.0,24646.0,Petrol,Individual,Manual,Second Owner,11.4 kmpl,1582 CC,140.1 bhp,5.0
Maruti i20,2021,236000.0,78371.0,Diesel,Dealer,Manual,First Owner,13.6 kmpl,1197 CC,100.1 bhp,5.0
Skoda Figo,2018,147000.0,66253.0,Petrol,Individual,Manual,First Owner,20.7 kmpl,796 CC,67.8 bhp,5.0
Tata A4,2024,502000.0,16064.0,Diesel,Individual,Automatic,Second Owner,23.1 kmpl,1582 CC,135.1 bhp,5.0
Tata Polo,2004,22000.0,161149.0,Petrol,Individual,Manual,First Owner,21.4 kmpl,1248 CC,,7.0
Mahindra i20,2009,56000.0,135117.0,Petrol,Individual,Manual,First Owner,17.8 kmpl,1498 CC,95.7 bhp,5.0
Hyundai A4,2014,88000.0,106130.0,Petrol,Individual,Manual,First Owner,23.5 kmpl,,71.5 bhp,5.0
Skoda Nexon,2015,128000.0,135799.0,Petrol,Individual,Manual,First Owner,12.7 kmpl,1498 CC,117.0 bhp,5.0
Audi Nexon,2010,92000.0,246407.0,Diesel,Individual,Manual,Third Owner,,796 CC,60.6 bhp,4.0
Toyota i20,2008,39000.0,,Petrol,Individual,Manual,Second Owner,17.5 kmpl,796 CC,56.8 bhp,7.0
Ford A4,2016,71000.0,109381.0,Diesel,Dealer,Manual,Third Owner,14.7 kmpl,796 CC,,5.0
Mahindra Swift,2013,88000.0,133783.0,Diesel,Individual,Manual,First Owner,14.7 kmpl,998 CC,76.5 bhp,5.0
Maruti Polo,2008,34000.0,285397.0,Diesel,Individual,Manual,First Owner,10.1 kmpl,1498 CC,107.5 bhp,5.0
Hyundai Nexon,2022,215000.0,24734.0,Diesel,Individual,Manual,Third Owner,17.7 kmpl,998 CC,88.7 bhp,5.0
Honda Nexon,2015,175000.0,118003.0,Diesel,Individual,Manual,First Owner,13.8 kmpl,1582 CC,129.5 bhp,7.0
Ford 320d,2022,162000.0,64932.0,Petrol,Individual,Manual,Second Owner,13.4 kmpl,998 CC,64.5 bhp,5.0
Toyota Rapid,2011,134000.0,96082.0,Diesel,Individual,Manual,First Owner,18.5 kmpl,1582 CC,102.8 bhp,5.0
Hyundai 320d,2008,57000.0,95253.0,Diesel,Individual,Manual,Second Owner,,1498 CC,133.1 bhp,5.0
Mahindra i20,2011,99000.0,200410.0,Petrol,Individual,Manual,First Owner,21.4 kmpl,1968 CC,148.8 bhp,5.0
Mahindra City,2011,100000.0,181805.0,Diesel,Individual,Automatic,First Owner,15.5 kmpl,1582 CC,123.3 bhp,5.0
Mahindra Innova,2025,404000.0,21337.0,Petrol,Individual,Manual,First Owner,15.4 kmpl,796 CC,47.0 bhp,5.0
Maruti 320d,2005,36000.0,178264.0,Diesel,Individual,Manual,Third Owner,10.8 kmpl,1582 CC,99.7 bhp,4.0
Skoda City,2010,95000.0,211215.0,Diesel,Individual,Manual,First Owner,16.6 kmpl,1968 CC,166.9 bhp,5.0
Maruti A4,2005,29000.0,191118.0,Petrol,Individual,Manual,First Owner,15.6 kmpl,1582 CC,95.3 bhp,5.0
Ford A4,2010,46000.0,131806.0,Diesel,Dealer,Manual,First Owner,18.6 kmpl,796 CC,53.3 bhp,5.0
Ford Figo,2014,111000.0,76043.0,Petrol,Individual,Manual,First Owner,11.9 kmpl,1582 CC,94.0 bhp,5.0
Tata Rapid,2020,296000.0,36784.0,CNG,Individual,Manual,First Owner,13.7 kmpl,2179 CC,145.5 bhp,5.0
Mahindra Nexon,2023,579000.0,47251.0,Diesel,Trustmark Dealer,Manual,First Owner,25.0 kmpl,2179 CC,167.8 bhp,5.0
Honda 320d,2019,264000.0,57836.0, petrol ,Individual,Automatic,Second Owner,20.7 kmpl,1498 CC,133.4 bhp,5.0
Tata Rapid,2005,33000.0,107745.0,Diesel,Individual,Automatic,Second Owner,10.2 kmpl,1248 CC,,5.0
Tata Figo,2024,281000.0,28810.0,Diesel,Individual,Manual,First Owner,10.5 kmpl,796 CC,58.3 bhp,5.0
Honda Polo,2008,54000.0,115177.0,Diesel,Individual,Manual,First Owner,15.9 kmpl,796 CC,57.8 bhp,4.0
Maruti Figo,2014,84000.0,184679.0,Petrol,Individual,Automatic,First Owner,16.1 kmpl,1582 CC,136.6 bhp,5.0
Tata Innova,2016,156000.0,114170.0,Diesel,Individual,Manual,Second Owner,19.2 kmpl,2179 CC,155.0 bhp,5.0
Tata City,2004,14000.0,249078.0,Diesel,Individual,Manual,Second Owner,23.1 kmpl,796 CC,65.3 bhp,7.0
Hyundai A4,2010,55000.0,242732.0,LPG,Individual,Manual,Third Owner,25.1 kmpl,1248 CC,79.6 bhp,5.0
Maruti City,2008,32000.0,241046.0,Diesel,Individual,Manual,First Owner,12.4 kmpl,1197 CC,104.5 bhp,5.0
Maruti Polo,2005,18000.0,257612.0,Diesel,Dealer,Manual,Second Owner,19.3 kmpl,796 CC,70.4 bhp,5.0
Honda Polo,2023,424000.0,41663.0,Diesel,Individual,Manual,First Owner,18.0 kmpl,796 CC,64.7 bhp,
Toyota Swift,2010,55000.0,241001.0,Petrol,Individual,Manual,Third Owner,18.3 kmpl,1248 CC,89.6 bhp,5.0
Maruti Polo,2016,132000.0,95970.0,Petrol,Dealer,Manual,Second Owner,18.0 kmpl,1968 CC,175.6 bhp,5.0
Maruti Innova,2004,41000.0,308240.0,Diesel,Individual,Automatic,First Owner,24.4 kmpl,2179 CC,160.7 bhp,7.0
Volkswagen Swift,2023,572000.0,55162.0,Diesel,Individual,Manual,First Owner,11.9 kmpl,2179 CC,137.8 bhp,5.0
Skoda A4,2015,160000.0,96848.0,Petrol,Individual,Manual,Third Owner,25.0 kmpl,1968 CC,117.4 bhp,5.0
Honda i20,2022,464000.0,34719.0,Petrol,Individual,Manual,First Owner,13.4 kmpl,1968 CC,138.7 bhp,5.0
Maruti City,2019,160000.0,71344.0,Petrol,Individual,Automatic,Second Owner,19.9 kmpl,1248 CC,108.3 bhp,5.0
Hyundai Figo,2013,65000.0,111432.0,Petrol,Individual,Automatic,First Owner,11.2 kmpl,796 CC,52.4 bhp,7.0
Honda City,2004,15000.0,247997.0,Petrol,Individual,Manual,Second Owner,12.7 kmpl,796 CC,43.9 bhp,7.0
Ford Polo,2020,278000.0,77542.0,Petrol,Dealer,Automatic,Second Owner,20.6 kmpl,2179 CC,174.1 bhp,5.0
Mahindra XUV,2021,281000.0,31980.0,Diesel,Individual,Manual,Second Owner,13.4 kmpl,1498 CC,119.8 bhp,5.0
Hyundai City,2008,36000.0,245454.0,LPG,Individual,Manual,First Owner,11.2 kmpl,,56.0 bhp,5.0
Ford XUV,2015,78000.0,138556.0,Diesel,Individual,Manual,Second Owner,10.2 kmpl,1197 CC,93.2 bhp,5.0
Tata Rapid,2009,28000.0,169326.0,LPG,Individual,Automatic,First Owner,13.4 kmpl,796 CC,57.2 bhp,5.0
Volkswagen Polo,2015,114000.0,142096.0,Diesel,Individual,Manual,First Owner,24.8 kmpl,1197 CC,91.1 bhp,5.0
Mahindra A4,2024,621000.0,14289.0,Petrol,Dealer,Manual,Second Owner,16.0 kmpl,,129.8 bhp,5.0
Skoda XUV,2018,217000.0,87316.0,Petrol,Individual,Manual,First Owner,12.2 kmpl,1498 CC,108.1 bhp,5.0
Mahindra i20,2023,448000.0,28880.0,Petrol,Individual,Manual,Second Owner,15.8 kmpl,1582 CC,117.2 bhp,7.0
Hyundai i20,2004,16000.0,279505.0,Petrol,Individual,Manual,Third Owner,20.0 kmpl,1197 CC,78.5 bhp,5.0
Maruti 320d,2020,269000.0,95730.0,Diesel,Individual,Automatic,First Owner,19.5 kmpl,1968 CC,170.8 bhp,5.0
Maruti XUV,2017,221000.0,72270.0,Diesel,Individual,Manual,First Owner,24.2 kmpl,2179 CC,133.6 bhp,5.0
Audi City,2009,209000.0,210471.0,CNG,Individual,Automatic,First Owner,18.5 kmpl,1968 CC,155.5 bhp,5.0
BMW A4,2017,790000.0,77371.0,Diesel,Individual,Manual,First Owner,14.3 kmpl,1582 CC,127.5 bhp,5.0
Honda XUV,2012,120000.0,117170.0,Petrol,Individual,Manual,First Owner,15.3 kmpl,1968 CC,114.5 bhp,7.0
Hyundai XUV,2006,14000.0,298190.0,Petrol,Individual,Manual,Second Owner,15.3 kmpl,796 CC,58.6 bhp,5.0
BMW 320d,2012,280000.0,202562.0,Petrol,Individual,Manual,First Owner,14.1 kmpl,1968 CC,151.5 bhp,5.0
Maruti XUV,2009,41000.0,129393.0,Petrol,Individual,Manual,First Owner,19.9 kmpl,1248 CC,96.1 bhp,5.0
Hyundai City,2017,120000.0,129558.0,Petrol,Individual,Manual,Second Owner,11.1 kmpl,1498 CC,117.7 bhp,5.0
Audi Innova,2009,147000.0,241346.0,Diesel,Individual,Manual,Second Owner,21.1 kmpl,1498 CC,85.8 bhp,5.0
Mahindra i20,2019,354000.0,50503.0,Diesel,Individual,Manual,First Owner,19.7 kmpl,2179 CC,138.5 bhp,5.0
Maruti Rapid,2006,18000.0,310454.0,Petrol,Individual,Manual,Second Owner,23.4 kmpl,1197 CC,93.7 bhp,7.0
Honda City,2017,278000.0,51146.0,Petrol,Individual,Manual,First Owner,16.3 kmpl,2179 CC,127.5 bhp,5.0
Mahindra Figo,2005,23000.0,226679.0,Petrol,Individual,Manual,Second Owner,22.8 kmpl,1248 CC,103.3 bhp,5.0
Tata City,2021,241000.0,43957.0,Diesel,Individual,Manual,First Owner,12.4 kmpl,1248 CC,105.1 bhp,5.0
Toyota Swift,2011,138000.0,199564.0,Diesel,Individual,Manual,First Owner,21.5 kmpl,2179 CC,160.8 bhp,5.0
Hyundai Swift,2011,63000.0,227734.0,Petrol,Individual,Manual,Second Owner,25.7 kmpl,1968 CC,175.4 bhp,5.0
Hyundai Innova,2025,324000.0,13854.0,Petrol,Individual,Manual,First Owner,10.5 kmpl,998 CC,73.2 bhp,5.0
Volkswagen XUV,2008,56000.0,100546.0,Diesel,Trustmark Dealer,Automatic,First Owner,12.1 kmpl,796 CC,50.2 bhp,
Tata Innova,2012,117000.0,86655.0,Petrol,Dealer,Manual,First Owner,18.7 kmpl,1968 CC,153.5 bhp,5.0
Volkswagen Swift,2016,147000.0,122605.0,Diesel,Individual,Manual,Second Owner,26.0 kmpl,2179 CC,131.3 bhp,5.0
Hyundai Polo,2006,54000.0,121714.0,Diesel,Individual,Manual,First Owner,20.6 kmpl,1197 CC,106.3 bhp,5.0
Hyundai XUV,2008,41000.0,265608.0,Petrol,Individual,Manual,First Owner,23.5 kmpl,2179 CC,180.0 bhp,7.0
Maruti A4,2012,39000.0,224488.0,Diesel,Individual,Manual,Second Owner,21.3 kmpl,998 CC,68.1 bhp,5.0
Ford Polo,2007,22000.0,254168.0,Petrol,Individual,Manual,First Owner,18.2 kmpl,796 CC,65.8 bhp,5.0
Honda XUV,2007,58000.0,236653.0,Diesel,Dealer,Automatic,First Owner,25.0 kmpl,1498 CC,93.3 bhp,5.0
Ford Polo,2020,205000.0,93675.0,Diesel,Individual,Manual,Third Owner,25.9 kmpl,1968 CC,137.2 bhp,5.0
Toyota Nexon,2008,82000.0,269802.0,Diesel,Individual,Manual,First Owner,23.2 kmpl,1968 CC,174.6 bhp,4.0
Honda XUV,2004,30000.0,228085.0,Diesel,Dealer,Manual,First Owner,,1197 CC,99.6 bhp,5.0
Toyota Polo,2007,159000.0,101867.0,Diesel,Trustmark Dealer,Automatic,First Owner,20.7 kmpl,1968 CC,126.4 bhp,5.0
Hyundai Figo,2025,616000.0,19092.0,CNG,Individual,Manual,First Owner,12.9 kmpl,1968 CC,137.3 bhp,5.0
Volkswagen XUV,2021,264000.0,53489.0,Petrol,Individual,Manual,First Owner,21.2 kmpl,1197 CC,94.8 bhp,5.0
BMW Rapid,2019,723000.0,112214.0,Diesel,Dealer,Automatic,First Owner,16.1 kmpl,1248 CC,85.5 bhp,5.0
Mahindra A4,2005,32000.0,157098.0,Diesel,Individual,Manual,Second Owner,17.3 kmpl,1248 CC,83.2 bhp,5.0
Mahindra Polo,2021,180000.0,58387.0,Diesel,Individual,Manual,Third Owner,21.0 kmpl,796 CC,66.3 bhp,7.0
Honda i20,2020,433000.0,74282.0,Petrol,Trustmark Dealer,Manual,First Owner,10.5 kmpl,2179 CC,161.8 bhp,5.0
Volkswagen A4,2006,38000.0,252234.0,Diesel,Individual,Manual,Second Owner,15.2 kmpl,1968 CC,133.3 bhp,5.0
Toyota 320d,2010,87000.0,241368.0,Diesel,Individual,Manual,First Owner,13.8 kmpl,1498 CC,90.7 bhp,5.0
Maruti 320d,2010,30000.0,180095.0,Petrol,Individual,Manual,Third Owner,20.4 kmpl,796 CC,54.3 bhp,5.0
Hyundai 320d,2004,24000.0,200339.0,CNG,Individual,Manual,Third Owner,17.5 kmpl,1248 CC,71.9 bhp,5.0
Maruti Polo,2019,181000.0,110420.0,Petrol,Individual,Automatic,First Owner,23.3 kmpl,1197 CC,106.5 bhp,5.0
Maruti Innova,2007,32000.0,189560.0,CNG,Individual,Automatic,First Owner,20.8 kmpl,1498 CC,122.8 bhp,5.0
Hyundai A4,2015,86000.0,168512.0,Diesel,Individual,Manual,Second Owner,24.5 kmpl,1197 CC,96.7 bhp,5.0
Maruti Figo,2015,110000.0,118407.0,Petrol,Dealer,Manual,First Owner,24.1 kmpl,1968 CC,153.1 bhp,7.0
Hyundai XUV,2025,252000.0,25817.0,Petrol,Individual,Manual,First Owner,13.4 kmpl,796 CC,70.6 bhp,4.0
Hyundai Polo,2012,57000.0,184130.0,Petrol,Individual,Manual,First Owner,20.3 kmpl,998 CC,88.3 bhp,4.0
Mahindra i20,2015,129000.0,63537.0,Diesel,Individual,Manual,Fourth & Above Owner,10.8 kmpl,998 CC,84.2 bhp,5.0
Volkswagen XUV,2010,97000.0,175419.0,Diesel,Individual,Manual,First Owner,18.6 kmpl,1968 CC,132.1 bhp,5.0
Mahindra Polo,2005,27000.0,272327.0,Diesel,Individual,Manual,Second Owner,18.4 kmpl,1197 CC,70.6 bhp,5.0
Tata Figo,2016,130000.0,122968.0,Petrol,Individual,Manual,First Owner,16.7 kmpl,1248 CC,108.5 bhp,5.0
BMW Figo,2018,422000.0,57788.0,Petrol,Dealer,Manual,First Owner,10.9 kmpl,998 CC,86.8 bhp,7.0
Ford XUV,2010,77000.0,121312.0,Diesel,Trustmark Dealer,Manual,First Owner,,1582 CC,97.9 bhp,7.0
Tata Swift,2014,95000.0,81987.0,Petrol,Individual,Manual,First Owner,25.7 kmpl,1582 CC,123.2 bhp,5.0
Maruti i20,2014,90000.0,171539.0,Petrol,Individual,Automatic,First Owner,25.8 kmpl,1498 CC,102.8 bhp,5.0
Hyundai A4,2004,14000.0,238836.0,Petrol,Individual,Manual,Second Owner,21.9 kmpl,796 CC,70.8 bhp,7.0
Honda Figo,2014,165000.0,97688.0,Diesel,Individual,Manual,First Owner,23.8 kmpl,1197 CC,76.2 bhp,5.0
Tata Polo,2005,14000.0,250187.0,Petrol,Individual,Manual,First Owner,16.6 kmpl,796 CC,70.1 bhp,5.0
Honda XUV,2016,146000.0,135989.0,Petrol,Individual,Manual,First Owner,11.9 kmpl,1498 CC,122.4 bhp,5.0
BMW XUV,2013,281000.0,86152.0,Petrol,Dealer,Automatic,Third Owner,13.5 kmpl,796 CC,48.0 bhp,7.0
Honda Figo,2012,101000.0,132482.0,Diesel,Individual,Manual,First Owner,21.2 kmpl,1498 CC,130.1 bhp,5.0
Toyota A4,2008,63000.0,253059.0, petrol ,Dealer,Manual,Second Owner,12.7 kmpl,1968 CC,142.5 bhp,5.0
Tata Nexon,2024,276000.0,32876.0,Petrol,Individual,Manual,First Owner,19.2 kmpl,1197 CC,100.4 bhp,5.0
Audi Innova,2024,1287000.0,23827.0,Diesel,Individual,Manual,Second Owner,17.4 kmpl,1248 CC,81.8 bhp,5.0
Audi Figo,2023,993000.0,42639.0,Petrol,Individual,Manual,First Owner,23.3 kmpl,1197 CC,76.6 bhp,5.0
Hyundai Polo,2007,39000.0,297045.0,Petrol,Individual,Manual,First Owner,21.2 kmpl,1498 CC,116.2 bhp,5.0
Toyota i20,2022,360000.0,73690.0,Petrol,Individual,Automatic,First Owner,21.6 kmpl,998 CC,87.3 bhp,4.0
Audi Nexon,2022,804000.0,40289.0,Petrol,Individual,Automatic,First Owner,17.7 kmpl,998 CC,76.3 bhp,5.0
Maruti Nexon,2009,31000.0,176187.0,Petrol,Dealer,Manual,Second Owner,11.3 kmpl,1498 CC,96.3 bhp,5.0
Volkswagen City,2022,398000.0,29438.0,Petrol,Dealer,Manual,First Owner,25.8 kmpl,1248 CC,103.2 bhp,5.0
Skoda City,2012,112000.0,138853.0,Diesel,Individual,Manual,First Owner,,1498 CC,89.5 bhp,5.0
Maruti i20,2007,46000.0,161283.0,Petrol,Trustmark Dealer,Automatic,Second Owner,14.1 kmpl,2179 CC,138.6 bhp,7.0
Mahindra Figo,2025,850000.0,8814.0,Diesel,Individual,Automatic,First Owner,11.7 kmpl,,146.0 bhp,5.0
Ford Rapid,2019,295000.0,61801.0,Diesel,Individual,Manual,First Owner,10.4 kmpl,1582 CC,121.9 bhp,7.0
Ford 320d,2004,25000.0,159833.0,Petrol,Trustmark Dealer,Manual,First Owner,16.4 kmpl,1498 CC,95.5 bhp,5.0
Toyota XUV,2016,269000.0,106699.0,Diesel,Individual,Automatic,First Owner,19.2 kmpl,1968 CC,164.3 bhp,5.0
Hyundai Swift,2008,59000.0,186901.0,Diesel,Individual,Automatic,First Owner,25.5 kmpl,1582 CC,139.6 bhp,5.0
Hyundai 320d,2024,306000.0,24729.0,Petrol,Individual,Manual,First Owner,25.4 kmpl,1197 CC,70.8 bhp,7.0
Toyota XUV,2016,193000.0,80221.0,Diesel,Individual,Manual,Second Owner,21.4 kmpl,1197 CC,73.6 bhp,5.0
Tata Swift,2005,51000.0,241443.0,Diesel,Individual,Automatic,First Owner,22.8 kmpl,1968 CC,120.3 bhp,5.0
Maruti i20,2004,25000.0,146341.0,Petrol,Individual,Manual,First Owner,22.6 kmpl,1248 CC,97.4 bhp,5.0
Hyundai A4,2013,94000.0,142391.0,Petrol,Individual,Manual,First Owner,21.6 kmpl,1248 CC,94.6 bhp,5.0
Toyota 320d,2004,49000.0,117373.0,Diesel,Individual,Automatic,First Owner,14.0 kmpl,796 CC,52.0 bhp,7.0
Hyundai A4,2015,142000.0,78597.0,Petrol,Individual,Manual,First Owner,14.9 kmpl,1582 CC,126.1 bhp,5.0
Tata Swift,2006,26000.0,295611.0,Diesel,Individual,Manual,Second Owner,13.6 kmpl,1582 CC,91.5 bhp,5.0
Ford City,2017,227000.0,56606.0,Petrol,Dealer,Manual,First Owner,23.9 kmpl,1968 CC,135.0 bhp,5.0
Hyundai Innova,2016,159000.0,70220.0,Petrol,Individual,Manual,First Owner,13.1 kmpl,1498 CC,125.9 bhp,5.0
Skoda Nexon,2005,31000.0,169264.0,CNG,Individual,Manual,First Owner,15.2 kmpl,1248 CC,83.4 bhp,5.0
Volkswagen Swift,2021,380000.0,33721.0,Petrol,Dealer,Manual,First Owner,12.2 kmpl,2179 CC,132.4 bhp,5.0
Tata 320d,2016,63000.0,100231.0,Petrol,Individual,Manual,First Owner,22.8 kmpl,796 CC,53.8 bhp,5.0
Skoda i20,2022,300000.0,65767.0,Diesel,Individual,Manual,Second Owner,14.6 kmpl,1197 CC,70.2 bhp,5.0
Skoda A4,2013,156000.0,177662.0,Diesel,Individual,Manual,First Owner,19.9 kmpl,2179 CC,165.5 bhp,5.0
Hyundai Nexon,2010,48000.0,92918.0,Petrol,Dealer,Manual,Third Owner,20.2 kmpl,1248 CC,98.3 bhp,5.0
Hyundai i20,2018,240000.0,103779.0,Petrol,Individual,Automatic,First Owner,16.9 kmpl,1968 CC,121.5 bhp,7.0
Tata Polo,2010,71000.0,92226.0,Diesel,Individual,Manual,First Owner,15.7 kmpl,1197 CC,74.5 bhp,4.0
Ford Polo,2019,190000.0,100483.0,Diesel,Individual,Manual,First Owner,21.0 kmpl,1197 CC,90.6 bhp,5.0
Volkswagen Figo,2005,38000.0,303428.0,Diesel,Individual,Manual,First Owner,16.5 kmpl,2179 CC,174.5 bhp,4.0
Honda Swift,2025,970000.0,13105.0,Diesel,Dealer,Automatic,First Owner,23.2 kmpl,1968 CC,118.3 bhp,5.0
Hyundai Innova,2015,114000.0,80069.0,Diesel,Trustmark Dealer,Manual,First Owner,14.7 kmpl,998 CC,88.0 bhp,5.0
Toyota XUV,2006,42000.0,297580.0,Petrol,Dealer,Manual,First Owner,23.5 kmpl,1248 CC,81.6 bhp,5.0
Maruti 320d,2011,60000.0,202691.0,Petrol,Trustmark Dealer,Manual,First Owner,22.2 kmpl,1582 CC,123.0 bhp,5.0
Maruti City,2023,310000.0,37759.0,Diesel,Dealer,Manual,First Owner,16.5 kmpl,1248 CC,89.0 bhp,7.0
Skoda XUV,2022,385000.0,56545.0,Petrol,Individual,Manual,First Owner,19.2 kmpl,2179 CC,181.6 bhp,7.0
Hyundai Rapid,2020,245000.0,69088.0,Diesel,Dealer,Manual,First Owner,22.8 kmpl,1197 CC,93.0 bhp,7.0
BMW 320d,2004,67000.0,311357.0,Diesel,Individual,Automatic,First Owner,13.3 kmpl,796 CC,46.7 bhp,5.0
Mahindra Innova,2023,269000.0,53211.0,Diesel,Individual,Manual,Second Owner,16.7 kmpl,998 CC,78.0 bhp,5.0
Tata Figo,2014,89000.0,179077.0,Petrol,Dealer,Manual,First Owner,13.3 kmpl,1968 CC,113.8 bhp,5.0
Volkswagen Polo,2019,219000.0,51040.0,Diesel,Trustmark Dealer,Manual,First Owner,12.0 kmpl,1197 CC,81.4 bhp,5.0
Toyota XUV,2016,97000.0,170628.0,Petrol,Trustmark Dealer,Manual,Third Owner,16.2 kmpl,998 CC,64.3 bhp,5.0
Ford Figo,2025,469000.0,24863.0,Diesel,Dealer,Manual,First Owner,10.7 kmpl,1498 CC,117.9 bhp,7.0
Maruti Polo,2007,55000.0,120833.0,Diesel,Dealer,Manual,Second Owner,10.6 kmpl,,173.4 bhp,5.0
Tata Polo,2004,15000.0,220343.0,Petrol,Dealer,Manual,Third Owner,16.7 kmpl,796 CC,69.0 bhp,5.0
Hyundai i20,2005,41000.0,304714.0,Petrol,Dealer,Automatic,First Owner,12.8 kmpl,1968 CC,136.6 bhp,5.0
Toyota A4,2021,375000.0,79276.0,CNG,Individual,Manual,Second Owner,23.2 kmpl,1498 CC,132.8 bhp,5.0
Toyota Polo,2005,58000.0,120941.0,Petrol,Individual,Manual,Fourth & Above Owner,18.9 kmpl,2179 CC,153.8 bhp,5.0
Toyota A4,2009,174000.0,99661.0,Diesel,Individual,Automatic,First Owner,11.1 kmpl,1968 CC,114.7 bhp,5.0
Tata Innova,2006,27000.0,212328.0,Petrol,Individual,Manual,First Owner,25.0 kmpl,1248 CC,104.9 bhp,5.0
Toyota Rapid,2018,426000.0,132378.0,Diesel,Dealer,Automatic,First Owner,,2179 CC,176.6 bhp,7.0
Honda A4,2020,270000.0,46015.0,Petrol,Individual,Manual,First Owner,23.5 kmpl,1248 CC,,5.0
Mahindra XUV,2013,151000.0,75329.0,Diesel,Individual,Manual,First Owner,,1498 CC,,5.0
Honda Swift,2014,87000.0,160460.0,Petrol,Individual,Manual,First Owner,24.8 kmpl,998 CC,63.3 bhp,5.0
Tata Polo,2025,415000.0,20748.0,Petrol,Dealer,Manual,Third Owner,25.4 kmpl,2179 CC,148.1 bhp,5.0
Ford A4,2007,58000.0,145653.0,Petrol,Trustmark Dealer,Automatic,Fourth & Above Owner,19.2 kmpl,2179 CC,185.5 bhp,5.0
Toyota Innova,2013,149000.0,96652.0,Diesel,Individual,Automatic,Second Owner,10.7 kmpl,998 CC,73.1 bhp,5.0
Toyota 320d,2021,413000.0,67483.0,Diesel,Individual,Automatic,First Owner,17.9 kmpl,1248 CC,,7.0
Hyundai i20,2024,308000.0,46372.0,Petrol,Individual,Manual,First Owner,16.5 kmpl,1197 CC,85.5 bhp,5.0
Mahindra i20,2008,72000.0,215961.0,Diesel,Dealer,Automatic,First Owner,21.5 kmpl,1968 CC,138.7 bhp,5.0
Honda XUV,2007,44000.0,235390.0,Diesel,Dealer,Manual,First Owner,18.2 kmpl,1582 CC,103.3 bhp,5.0
Audi 320d,2017,265000.0,78330.0,Petrol,Individual,Manual,Second Owner,17.8 kmpl,796 CC,47.7 bhp,5.0
Hyundai Figo,2022,530000.0,31730.0,Diesel,Trustmark Dealer,Manual,First Owner,18.0 kmpl,2179 CC,186.8 bhp,7.0
Honda XUV,2005,29000.0,224590.0,Petrol,Individual,Manual,First Owner,17.9 kmpl,998 CC,87.3 bhp,5.0
Hyundai City,2008,31000.0,255801.0,Diesel,Individual,Manual,Second Owner,13.9 kmpl,,108.7 bhp,5.0
Volkswagen Swift,2006,33000.0,131348.0,Diesel,Individual,Automatic,Third Owner,21.9 kmpl,796 CC,62.4 bhp,5.0
Honda i20,2012,106000.0,163130.0,Diesel,Individual,Manual,First Owner,13.2 kmpl,1498 CC,95.9 bhp,5.0
Audi City,2018,442000.0,53285.0,Petrol,Dealer,Automatic,Second Owner,24.2 kmpl,1197 CC,101.9 bhp,7.0
Honda Innova,2006,31000.0,192791.0,Petrol,Individual,Manual,First Owner,17.4 kmpl,1248 CC,86.8 bhp,4.0
Tata City,2017,158000.0,73252.0,Petrol,Individual,Manual,Second Owner,18.9 kmpl,1968 CC,175.7 bhp,5.0
Ford i20,2016,131000.0,128991.0,Diesel,Individual,Automatic,First Owner,17.7 kmpl,796 CC,,5.0
Hyundai City,2018,224000.0,42241.0,Diesel,Individual,Manual,First Owner,19.5 kmpl,1498 CC,82.9 bhp,5.0
Maruti i20,2010,54000.0,104017.0,Diesel,Individual,Manual,Second Owner,24.8 kmpl,1968 CC,141.3 bhp,5.0
Mahindra Nexon,2012,169000.0,86540.0,Diesel,Individual,Manual,First Owner,23.7 kmpl,1968 CC,131.3 bhp,7.0
Skoda Figo,2025,648000.0,24670.0,Petrol,Individual,Manual,First Owner,25.8 kmpl,1582 CC,,5.0
Toyota 320d,2009,98000.0,96208.0,Diesel,Individual,Automatic,First Owner,11.1 kmpl,1197 CC,101.6 bhp,5.0
Honda A4,2009,44000.0,206523.0,CNG,Individual,Automatic,First Owner,,796 CC,46.3 bhp,5.0
BMW Polo,2004,204000.0,120347.0,Diesel,Individual,Manual,First Owner,13.4 kmpl,2179 CC,153.7 bhp,7.0
Tata XUV,2019,137000.0,86798.0,Diesel,Individual,Automatic,Second Owner,19.4 kmpl,998 CC,83.4 bhp,5.0
Honda Innova,2024,708000.0,42779.0,Diesel,Individual,Automatic,First Owner,18.0 kmpl,1968 CC,135.2 bhp,7.0
Volkswagen Nexon,2017,142000.0,121286.0,Diesel,Individual,Manual,First Owner,25.0 kmpl,1197 CC,98.4 bhp,
Ford Figo,2004,22000.0,320566.0,Petrol,Individual,Manual,First Owner,18.1 kmpl,1248 CC,101.9 bhp,5.0
Mahindra XUV,2019,233000.0,40751.0,Diesel,Dealer,Manual,First Owner,16.2 kmpl,998 CC,88.6 bhp,7.0
Ford XUV,2007,42000.0,121380.0,Petrol,Individual,Automatic,First Owner,11.1 kmpl,796 CC,67.1 bhp,5.0
Ford 320d,2018,197000.0,63789.0,Petrol,Individual,Automatic,Second Owner,19.6 kmpl,1968 CC,135.3 bhp,5.0
Skoda Swift,2025,350000.0,30405.0,Diesel,Individual,Manual,First Owner,19.6 kmpl,796 CC,60.5 bhp,5.0
Skoda Polo,2018,149000.0,122919.0,Petrol,Dealer,Manual,Second Owner,22.4 kmpl,1197 CC,106.1 bhp,5.0
Honda Swift,2009,62000.0,125378.0,Petrol,Individual,Manual,First Owner,21.3 kmpl,1248 CC,90.4 bhp,5.0
BMW Nexon,2017,339000.0,124609.0,Diesel,Individual,Manual,First Owner,10.4 kmpl,796 CC,56.0 bhp,5.0
Volkswagen Polo,2006,53000.0,133656.0,Diesel,Individual,Manual,First Owner,15.0 kmpl,1498 CC,88.1 bhp,5.0
Maruti Rapid,2005,55000.0,115387.0,Petrol,Individual,Manual,First Owner,15.5 kmpl,1968 CC,162.7 bhp,5.0
Toyota Innova,2025,824000.0,18166.0,Diesel,Dealer,Manual,First Owner,15.0 kmpl,1197 CC,76.4 bhp,5.0
Skoda A4,2024,448000.0,17990.0,Diesel,Individual,Automatic,First Owner,16.7 kmpl,998 CC,67.8 bhp,5.0
Honda City,2022,397000.0,57169.0,Diesel,Individual,Manual,Second Owner,23.9 kmpl,2179 CC,163.7 bhp,5.0
Mahindra 320d,2018,249000.0,57195.0,Petrol,Individual,Manual,First Owner,14.3 kmpl,2179 CC,179.0 bhp,5.0
Mahindra i20,2010,103000.0,123698.0,Petrol,Individual,Automatic,Second Owner,23.5 kmpl,1968 CC,153.5 bhp,5.0
BMW Innova,2025,1473000.0,12132.0,Diesel,Individual,Manual,First Owner,10.4 kmpl,1197 CC,73.4 bhp,7.0
Hyundai Figo,2007,22000.0,285914.0,Petrol,Individual,Manual,Third Owner,25.5 kmpl,1582 CC,113.4 bhp,5.0
Hyundai XUV,2007,54000.0,131931.0,Petrol,Individual,Manual,Second Owner,11.9 kmpl,2179 CC,184.6 bhp,5.0
Maruti City,2012,67000.0,158279.0,Diesel,Dealer,Manual,First Owner,10.6 kmpl,1248 CC,91.9 bhp,5.0
Tata Rapid,2025,371000.0,24699.0,Diesel,Dealer,Manual,Third Owner,19.1 kmpl,998 CC,58.4 bhp,5.0
Ford XUV,2023,376000.0,54960.0,Diesel,Individual,Manual,First Owner,17.8 kmpl,1968 CC,109.0 bhp,5.0
Honda A4,2022,361000.0,39410.0,CNG,Individual,Manual,First Owner,15.1 kmpl,998 CC,58.3 bhp,5.0
Volkswagen Swift,2014,80000.0,183758.0,CNG,Individual,Manual,First Owner,24.9 kmpl,1498 CC,128.8 bhp,5.0
Hyundai Swift,2017,213000.0,92243.0,Petrol,Individual,Automatic,First Owner,11.6 kmpl,1498 CC,125.2 bhp,4.0
Hyundai Rapid,2004,20000.0,250273.0,Diesel,Individual,Manual,Fourth & Above Owner,22.9 kmpl,1248 CC,102.9 bhp,5.0
Tata Figo,2018,131000.0,101051.0,Petrol,Individual,Manual,Third Owner,14.2 kmpl,1968 CC,158.8 bhp,5.0
Tata Swift,2010,46000.0,149811.0,Diesel,Individual,Automatic,First Owner,14.6 kmpl,796 CC,55.0 bhp,5.0
Tata XUV,2009,51000.0,272777.0,Diesel,Individual,Manual,First Owner,23.8 kmpl,1968 CC,112.1 bhp,5.0
Honda Figo,2011,114000.0,139148.0,Diesel,Individual,Automatic,Second Owner,17.0 kmpl,1582 CC,102.3 bhp,5.0
Honda Figo,2005,50000.0,210347.0,Diesel,Individual,Manual,Second Owner,15.4 kmpl,2179 CC,140.1 bhp,5.0
Hyundai i20,2005,30000.0,210468.0,Petrol,Individual,Automatic,Third Owner,12.4 kmpl,1968 CC,132.7 bhp,5.0
Volkswagen Figo,2018,177000.0,95794.0,Petrol,Dealer,Automatic,Second Owner,12.9 kmpl,1248 CC,91.6 bhp,5.0
Hyundai i20,2017,146000.0,81499.0,Petrol,Individual,Manual,Second Owner,19.8 kmpl,1582 CC,140.6 bhp,5.0
Ford 320d,2004,29000.0,222081.0,Petrol,Individual,Manual,First Owner,18.3 kmpl,2179 CC,166.4 bhp,5.0
Maruti Innova,2015,53000.0,172072.0,Diesel,Dealer,Manual,Second Owner,23.2 kmpl,796 CC,55.2 bhp,5.0
Maruti Nexon,2023,244000.0,22511.0,Diesel,Dealer,Manual,Third Owner,11.1 kmpl,1248 CC,80.3 bhp,5.0
Toyota A4,2020,407000.0,83101.0,Petrol,Individual,Automatic,First Owner,22.7 kmpl,,139.9 bhp,5.0
Maruti Swift,2019,138000.0,73401.0,Petrol,Individual,Manual,Second Owner,12.0 kmpl,,91.2 bhp,4.0
Hyundai Swift,2005,35000.0,129388.0,Diesel,Individual,Automatic,First Owner,19.4 kmpl,796 CC,48.2 bhp,4.0
Ford Innova,2021,232000.0,75462.0,Diesel,Individual,Manual,First Owner,20.7 kmpl,998 CC,59.8 bhp,5.0
Honda Nexon,2025,405000.0,32056.0,Diesel,Dealer,Manual,Second Owner,16.6 kmpl,998 CC,78.7 bhp,5.0
Maruti Rapid,2004,15000.0,342282.0,Diesel,Individual,Manual,First Owner,13.8 kmpl,998 CC,71.8 bhp,5.0
Honda XUV,2019,240000.0,102352.0,Petrol,Individual,Manual,First Owner,22.0 kmpl,998 CC,61.0 bhp,5.0
Maruti A4,2018,125000.0,83112.0,Petrol,Individual,Manual,First Owner,11.0 kmpl,1197 CC,99.3 bhp,5.0
Toyota Polo,2004,35000.0,166067.0,Petrol,Individual,Manual,Second Owner,14.5 kmpl,1248 CC,,5.0
Hyundai 320d,2023,335000.0,49134.0,Petrol,Dealer,Manual,First Owner,20.9 kmpl,1197 CC,67.7 bhp,5.0
Honda Swift,2011,80000.0,143407.0,Diesel,Individual,Manual,First Owner,18.3 kmpl,1498 CC,111.7 bhp,5.0
Mahindra Rapid,2005,19000.0,225281.0,CNG,Individual,Manual,Second Owner,18.2 kmpl,796 CC,53.0 bhp,5.0
Maruti A4,2008,20000.0,282458.0,Petrol,Individual,Manual,Second Owner,20.7 kmpl,998 CC,73.3 bhp,5.0
Tata XUV,2012,128000.0,152956.0,Diesel,Individual,Manual,First Owner,24.3 kmpl,2179 CC,136.5 bhp,5.0
Maruti City,2014,64000.0,186056.0,Diesel,Dealer,Manual,First Owner,,796 CC,70.8 bhp,5.0
Maruti Figo,2008,27000.0,192824.0,Diesel,Individual,Manual,Second Owner,10.7 kmpl,1197 CC,96.8 bhp,5.0
Maruti XUV,2024,428000.0,20141.0,Petrol,Individual,Manual,Second Owner,23.7 kmpl,2179 CC,182.1 bhp,5.0
Honda i20,2018,181000.0,109121.0,Petrol,Individual,Manual,Second Owner,17.0 kmpl,1582 CC,,5.0
Volkswagen i20,2015,198000.0,119321.0,Diesel,Individual,Manual,First Owner,,1582 CC,127.0 bhp,5.0
Hyundai i20,2021,158000.0,90418.0,LPG,Dealer,Manual,First Owner,18.2 kmpl,796 CC,44.1 bhp,5.0
Mahindra Figo,2021,188000.0,45983.0,Diesel,Individual,Manual,Second Owner,12.6 kmpl,796 CC,61.8 bhp,
Tata Figo,2012,102000.0,101807.0,Diesel,Individual,Manual,First Owner,13.1 kmpl,1498 CC,123.8 bhp,5.0
Hyundai City,2020,252000.0,107519.0,Diesel,Dealer,Manual,First Owner,24.3 kmpl,1248 CC,92.4 bhp,5.0
Maruti Nexon,2022,364000.0,42926.0,Diesel,Individual,Manual,First Owner,,1582 CC,97.1 bhp,5.0
Ford 320d,2016,96000.0,134602.0,Diesel,Individual,Manual,First Owner,12.9 kmpl,,65.2 bhp,7.0
Audi Polo,2022,1945000.0,79706.0,Diesel,Individual,Automatic,First Owner,10.2 kmpl,1968 CC,117.9 bhp,5.0
Toyota Figo,2014,148000.0,189526.0,Diesel,Individual,Manual,First Owner,14.4 kmpl,1582 CC,99.3 bhp,
Maruti XUV,2004,20000.0,270837.0,Petrol,Dealer,Manual,First Owner,19.2 kmpl,1248 CC,101.3 bhp,5.0
Maruti City,2021,372000.0,41319.0,Petrol,Individual,Automatic,First Owner,24.3 kmpl,2179 CC,169.4 bhp,
Skoda Polo,2007,53000.0,251871.0,Petrol,Individual,Manual,First Owner,11.5 kmpl,1968 CC,142.5 bhp,5.0
Maruti Figo,2004,29000.0,156574.0,Petrol,Individual,Manual,First Owner,18.1 kmpl,1968 CC,166.4 bhp,5.0
Maruti A4,2019,180000.0,54557.0,Diesel,Individual,Manual,First Owner,21.2 kmpl,998 CC,83.4 bhp,5.0
Hyundai Nexon,2013,117000.0,82806.0,Diesel,Individual,Manual,First Owner,24.8 kmpl,1197 CC,102.6 bhp,5.0
Maruti Nexon,2010,66000.0,201144.0,Petrol,Individual,Manual,First Owner,12.4 kmpl,1968 CC,129.1 bhp,5.0
Skoda Swift,2020,196000.0,71508.0,Petrol,Trustmark Dealer,Manual,First Owner,19.3 kmpl,1197 CC,106.6 bhp,5.0
Toyota A4,2021,558000.0,78995.0,Diesel,Individual,Manual,First Owner,15.4 kmpl,2179 CC,123.0 bhp,5.0
Ford 320d,2023,267000.0,53839.0,Petrol,Individual,Manual,Second Owner,14.2 kmpl,1498 CC,114.0 bhp,4.0
Hyundai Swift,2021,333000.0,36791.0,Diesel,Trustmark Dealer,Manual,First Owner,11.0 kmpl,1498 CC,129.3 bhp,5.0
Ford Swift,2022,266000.0,77834.0,Diesel,Individual,Manual,Second Owner,18.0 kmpl,1582 CC,109.4 bhp,7.0
Tata A4,2009,26000.0,232844.0,Petrol,Individual,Manual,First Owner,10.5 kmpl,796 CC,70.4 bhp,5.0
Maruti Innova,2024,321000.0,22955.0,Petrol,Individual,Manual,Second Owner,13.3 kmpl,1498 CC,95.7 bhp,5.0
Maruti 320d,2008,31000.0,181816.0, petrol ,Individual,Manual,Second Owner,19.7 kmpl,1248 CC,73.5 bhp,4.0
Hyundai XUV,2005,37000.0,245313.0,Petrol,Individual,Manual,First Owner,17.8 kmpl,1968 CC,127.2 bhp,5.0
Maruti 320d,2025,339000.0,14275.0,Petrol,Individual,Automatic,First Owner,19.2 kmpl,796 CC,57.4 bhp,5.0
Ford Nexon,2020,225000.0,78832.0,Diesel,Individual,Manual,First Owner,13.4 kmpl,998 CC,65.2 bhp,5.0
Mahindra 320d,2015,176000.0,131588.0,Petrol,Dealer,Manual,First Owner,12.3 kmpl,1968 CC,135.8 bhp,5.0
Toyota Polo,2023,256000.0,59287.0,Petrol,Individual,Manual,Second Owner,10.6 kmpl,796 CC,67.7 bhp,5.0
Maruti A4,2021,202000.0,54997.0,Diesel,Trustmark Dealer,Manual,First Owner,13.7 kmpl,796 CC,45.8 bhp,5.0
Hyundai XUV,2010,48000.0,142456.0,Petrol,Individual,Automatic,Second Owner,20.1 kmpl,998 CC,76.7 bhp,7.0
Hyundai Nexon,2004,25000.0,289235.0,Petrol,Individual,Automatic,Second Owner,20.7 kmpl,1498 CC,115.0 bhp,5.0
Audi XUV,2018,487000.0,47673.0,Diesel,Individual,Manual,Fourth & Above Owner,18.1 kmpl,1248 CC,101.0 bhp,5.0
Ford Polo,2021,143000.0,78160.0,Diesel,Individual,Manual,Second Owner,15.9 kmpl,796 CC,70.0 bhp,5.0
Hyundai Nexon,2004,27000.0,229500.0,Diesel,Individual,Automatic,First Owner,15.6 kmpl,998 CC,87.5 bhp,7.0
Honda Swift,2022,404000.0,66827.0,Diesel,Individual,Automatic,First Owner,11.0 kmpl,1248 CC,72.2 bhp,5.0
Maruti Innova,2009,19000.0,274358.0,CNG,Individual,Manual,Second Owner,21.4 kmpl,796 CC,46.0 bhp,5.0
Tata Figo,2024,424000.0,15960.0,Diesel,Individual,Manual,First Owner,16.5 kmpl,1248 CC,94.2 bhp,5.0
Hyundai Nexon,2023,267000.0,38940.0,Diesel,Individual,Manual,Third Owner,,1248 CC,100.1 bhp,5.0
Ford City,2019,242000.0,46541.0,Diesel,Individual,Manual,First Owner,18.9 kmpl,1498 CC,107.9 bhp,5.0
Mahindra Swift,2004,19000.0,319643.0,Diesel,Individual,Manual,First Owner,11.0 kmpl,796 CC,60.6 bhp,5.0
Tata Nexon,2006,27000.0,180341.0,Petrol,Trustmark Dealer,Automatic,First Owner,11.9 kmpl,796 CC,61.5 bhp,5.0
Tata XUV,2010,66000.0,104928.0,CNG,Individual,Manual,Third Owner,17.1 kmpl,1968 CC,112.4 bhp,5.0
Tata XUV,2025,299000.0,19463.0,LPG,Individual,Manual,Third Owner,12.6 kmpl,998 CC,80.7 bhp,5.0
BMW i20,2005,62000.0,312231.0,Petrol,Individual,Manual,First Owner,15.9 kmpl,1498 CC,116.9 bhp,5.0
Hyundai Polo,2024,247000.0,20652.0,Petrol,Individual,Manual,Second Owner,10.2 kmpl,796 CC,64.4 bhp,7.0
Hyundai Rapid,2008,57000.0,125187.0,Petrol,Dealer,Manual,First Owner,19.0 kmpl,1582 CC,101.4 bhp,5.0
Hyundai XUV,2020,157000.0,44706.0,Petrol,Individual,Manual,First Owner,18.6 kmpl,796 CC,64.4 bhp,5.0
Maruti i20,2015,104000.0,71019.0,Diesel,Individual,Manual,First Owner,18.0 kmpl,1197 CC,72.6 bhp,5.0
Hyundai XUV,2023,261000.0,28425.0,Petrol,Individual,Automatic,First Owner,16.4 kmpl,796 CC,46.0 bhp,5.0
Hyundai Nexon,2007,29000.0,258940.0,Petrol,Individual,Manual,Second Owner,12.0 kmpl,1248 CC,99.2 bhp,5.0
Ford Swift,2011,59000.0,176459.0,Petrol,Individual,Automatic,Second Owner,24.7 kmpl,,141.6 bhp,5.0
Maruti City,2007,52000.0,123378.0,Petrol,Individual,Manual,First Owner,13.4 kmpl,1968 CC,138.3 bhp,5.0
Mahindra Nexon,2009,59000.0,144891.0,Petrol,Individual,Manual,First Owner,23.0 kmpl,1197 CC,80.3 bhp,5.0
Volkswagen Rapid,2009,37000.0,208373.0,Petrol,Individual,Manual,Fourth & Above Owner,19.9 kmpl,1498 CC,101.7 bhp,5.0
Mahindra Nexon,2009,89000.0,204270.0,Diesel,Individual,Manual,First Owner,17.9 kmpl,1968 CC,160.4 bhp,5.0
Maruti Innova,2010,37000.0,203919.0,Petrol,Individual,Manual,Third Owner,14.7 kmpl,1197 CC,66.3 bhp,5.0
Hyundai Rapid,2022,299000.0,55047.0,Petrol,Individual,Manual,Second Owner,23.0 kmpl,1248 CC,73.1 bhp,5.0
Mahindra Figo,2007,34000.0,289241.0,Diesel,Individual,Manual,First Owner,21.5 kmpl,1197 CC,78.2 bhp,5.0
Tata 320d,2023,430000.0,35081.0,CNG,Individual,Manual,First Owner,21.6 kmpl,2179 CC,130.9 bhp,5.0
Hyundai Innova,2019,181000.0,83641.0,Diesel,Individual,Manual,Third Owner,11.8 kmpl,1498 CC,130.5 bhp,5.0
Skoda Polo,2007,49000.0,136224.0,Petrol,Individual,Automatic,First Owner,22.0 kmpl,796 CC,56.5 bhp,5.0
Mahindra Nexon,2008,26000.0,262252.0,Petrol,Individual,Manual,Second Owner,12.8 kmpl,1197 CC,93.6 bhp,5.0
Maruti Innova,2021,141000.0,64200.0,Petrol,Individual,Manual,First Owner,16.4 kmpl,796 CC,67.4 bhp,5.0
Tata A4,2012,52000.0,161414.0,Diesel,Dealer,Manual,Second Owner,16.5 kmpl,796 CC,57.7 bhp,5.0
Hyundai i20,2016,115000.0,9999999.0,Petrol,Individual,Manual,Second Owner,19.2 kmpl,1248 CC,69.9 bhp,5.0
Volkswagen 320d,2017,131000.0,129514.0,Diesel,Individual,Manual,Third Owner,25.6 kmpl,1498 CC,114.4 bhp,5.0
BMW XUV,2025,980000.0,16230.0,Petrol,Individual,Automatic,Second Owner,25.4 kmpl,796 CC,70.9 bhp,5.0
Ford Figo,2006,46000.0,128109.0,Diesel,Individual,Manual,First Owner,22.1 kmpl,1498 CC,97.0 bhp,7.0
Maruti Figo,2019,172000.0,43738.0,Diesel,Individual,Manual,First Owner,,998 CC,69.5 bhp,5.0
Skoda i20,2015,91000.0,127658.0,Petrol,Dealer,Manual,First Owner,20.1 kmpl,796 CC,61.9 bhp,5.0
Toyota XUV,2013,121000.0,77889.0,Petrol,Dealer,Manual,First Owner,16.8 kmpl,1197 CC,72.1 bhp,7.0
Maruti Innova,2016,129000.0,69185.0,Diesel,Individual,Manual,Fourth & Above Owner,14.9 kmpl,1498 CC,98.7 bhp,5.0
Honda City,2020,276000.0,79221.0,Diesel,Individual,Manual,Third Owner,15.9 kmpl,1498 CC,117.6 bhp,7.0
Tata Innova,2019,257000.0,47181.0,Petrol,Individual,Manual,First Owner,25.9 kmpl,1968 CC,144.4 bhp,
Hyundai XUV,2005,29000.0,285428.0,CNG,Dealer,Manual,First Owner,12.8 kmpl,1498 CC,98.8 bhp,4.0
Honda 320d,2016,128000.0,106277.0,Petrol,Individual,Manual,Second Owner,18.8 kmpl,1498 CC,96.4 bhp,5.0
Volkswagen i20,2015,104000.0,90847.0,Petrol,Dealer,Manual,First Owner,25.5 kmpl,1248 CC,109.7 bhp,5.0
Tata XUV,2016,170000.0,102914.0,Diesel,Individual,Automatic,First Owner,22.4 kmpl,1582 CC,131.5 bhp,5.0
Hyundai i20,2011,86000.0,,Diesel,Individual,Manual,First Owner,10.0 kmpl,1498 CC,95.9 bhp,4.0
Volkswagen Swift,2020,228000.0,38859.0,Diesel,Individual,Manual,Second Owner,11.4 kmpl,998 CC,84.2 bhp,5.0
Volkswagen Polo,2017,134000.0,50783.0,Petrol,Individual,Manual,First Owner,24.0 kmpl,998 CC,68.3 bhp,5.0
Maruti i20,2009,25000.0,216902.0,Petrol,Dealer,Manual,First Owner,25.6 kmpl,796 CC,51.2 bhp,5.0
Volkswagen Innova,2012,109000.0,95523.0,Petrol,Individual,Manual,First Owner,11.5 kmpl,1197 CC,97.6 bhp,7.0
Hyundai Swift,2024,521000.0,24014.0,Diesel,Dealer,Manual,First Owner,10.7 kmpl,1968 CC,108.3 bhp,5.0
Honda i20,2007,25000.0,281684.0,Petrol,Individual,Manual,First Owner,18.0 kmpl,796 CC,60.3 bhp,
Maruti Rapid,2007,36000.0,257169.0,Petrol,Individual,Manual,Fourth & Above Owner,18.6 kmpl,1968 CC,155.2 bhp,5.0
Volkswagen Polo,2018,286000.0,59141.0,Petrol,Individual,Manual,First Owner,14.6 kmpl,2179 CC,154.4 bhp,5.0
Honda XUV,2024,436000.0,32810.0,CNG,Individual,Manual,Third Owner,25.3 kmpl,1582 CC,122.7 bhp,5.0
Maruti i20,2009,66000.0,114601.0,Petrol,Individual,Manual,First Owner,19.6 kmpl,1968 CC,115.1 bhp,5.0
Mahindra A4,2024,674000.0,22533.0,Petrol,Individual,Manual,First Owner,11.1 kmpl,2179 CC,157.3 bhp,5.0
Maruti Rapid,2023,272000.0,20791.0,Diesel,Individual,Manual,Second Owner,21.7 kmpl,1197 CC,74.8 bhp,7.0
Tata Nexon,2025,280000.0,29523.0,Petrol,Individual,Manual,Second Owner,23.7 kmpl,1197 CC,107.2 bhp,5.0
Toyota i20,2018,264000.0,111939.0,Petrol,Individual,Manual,First Owner,10.2 kmpl,1498 CC,118.7 bhp,5.0
Toyota Figo,2009,68000.0,252997.0,Diesel,Individual,Manual,First Owner,20.3 kmpl,1248 CC,79.6 bhp,5.0
Skoda Figo,2007,38000.0,114151.0,Petrol,Dealer,Manual,Third Owner,16.8 kmpl,1197 CC,82.2 bhp,5.0
Audi XUV,2018,757000.0,90983.0,Petrol,Dealer,Automatic,First Owner,22.7 kmpl,1968 CC,163.3 bhp,5.0
Hyundai XUV,2015,110000.0,79808.0,Diesel,Dealer,Manual,First Owner,23.2 kmpl,998 CC,73.7 bhp,7.0
Skoda Nexon,2024,485000.0,36865.0,Diesel,Individual,Manual,Second Owner,15.7 kmpl,,91.5 bhp,5.0
Honda City,2007,46000.0,191585.0,Petrol,Individual,Manual,First Owner,20.0 kmpl,998 CC,55.7 bhp,5.0
Hyundai Nexon,2009,49000.0,230955.0,Petrol,Individual,Manual,Second Owner,23.0 kmpl,2179 CC,193.1 bhp,5.0
Ford Swift,2022,306000.0,42105.0,Diesel,Dealer,Manual,First Owner,13.8 kmpl,1498 CC,94.7 bhp,5.0
Hyundai Polo,2006,31000.0,191103.0,Diesel,Individual,Manual,First Owner,22.3 kmpl,998 CC,86.2 bhp,7.0
Tata XUV,2013,35000.0,180908.0,Petrol,Individual,Manual,Fourth & Above Owner,,998 CC,82.4 bhp,4.0
Skoda Rapid,2015,143000.0,144369.0,CNG,Individual,Automatic,First Owner,10.2 kmpl,1197 CC,77.2 bhp,5.0
Honda City,2005,50000.0,201855.0,Petrol,Individual,Automatic,First Owner,21.4 kmpl,1498 CC,107.9 bhp,7.0
Honda 320d,2016,187000.0,69332.0,Diesel,Dealer,Manual,First Owner,,1582 CC,109.9 bhp,5.0
Hyundai City,2017,253000.0,131450.0,Diesel,Individual,Automatic,First Owner,17.6 kmpl,2179 CC,138.9 bhp,5.0
Tata City,2025,335000.0,20673.0,Diesel,Individual,Manual,First Owner,22.5 kmpl,1248 CC,71.4 bhp,5.0
Skoda 320d,2013,112000.0,132650.0,Petrol,Dealer,Manual,Third Owner,10.4 kmpl,2179 CC,152.5 bhp,4.0
Tata City,2009,35000.0,230654.0,CNG,Individual,Manual,Second Owner,10.4 kmpl,1248 CC,109.8 bhp,5.0
Hyundai Innova,2024,258000.0,48441.0,Petrol,Individual,Manual,First Owner,16.5 kmpl,998 CC,60.1 bhp,5.0
BMW Innova,2023,959000.0,47657.0,Petrol,Individual,Manual,First Owner,11.4 kmpl,1197 CC,89.5 bhp,5.0
Honda 320d,2007,44000.0,146891.0,Diesel,Individual,Manual,First Owner,20.6 kmpl,796 CC,58.3 bhp,5.0
Hyundai Rapid,2013,70000.0,111925.0,Petrol,Individual,Manual,Second Owner,11.1 kmpl,1582 CC,132.2 bhp,5.0
Toyota Nexon,2018,240000.0,110415.0,Diesel,Dealer,Manual,First Owner,11.9 kmpl,1248 CC,,5.0
Audi Rapid,2012,274000.0,199695.0,Petrol,Individual,Manual,First Owner,11.8 kmpl,1498 CC,102.7 bhp,5.0
Volkswagen 320d,2015,205000.0,123766.0,Diesel,Individual,Automatic,Second Owner,17.9 kmpl,2179 CC,139.4 bhp,5.0
Hyundai Rapid,2018,188000.0,92329.0,Diesel,Individual,Manual,First Owner,21.6 kmpl,,89.8 bhp,5.0
Honda Innova,2010,60000.0,241253.0,Petrol,Dealer,Automatic,First Owner,24.5 kmpl,1248 CC,108.4 bhp,5.0
Toyota Polo,2011,93000.0,85533.0,Petrol,Individual,Automatic,Second Owner,22.4 kmpl,1197 CC,91.9 bhp,5.0
Hyundai Swift,2021,336000.0,70787.0,Petrol,Individual,Automatic,First Owner,22.0 kmpl,1968 CC,117.6 bhp,5.0
BMW 320d,2022,963000.0,52575.0,Diesel,Dealer,Manual,Second Owner,,1498 CC,118.4 bhp,7.0
BMW Innova,2025,1189000.0,7411.0,Petrol,Individual,Manual,Third Owner,11.8 kmpl,998 CC,67.2 bhp,5.0
Hyundai 320d,2005,20000.0,211029.0,Diesel,Individual,Manual,First Owner,20.6 kmpl,796 CC,68.2 bhp,5.0
Maruti Polo,2021,223000.0,56336.0,Diesel,Individual,Manual,Second Owner,23.1 kmpl,1968 CC,172.2 bhp,7.0
Tata Figo,2006,24000.0,257000.0,Petrol,Trustmark Dealer,Manual,First Owner,14.8 kmpl,1582 CC,123.2 bhp,5.0
Hyundai Polo,2009,53000.0,194447.0,Petrol,Individual,Manual,First Owner,25.1 kmpl,1498 CC,108.9 bhp,5.0
Skoda i20,2020,300000.0,78380.0,Diesel,Dealer,Manual,First Owner,14.1 kmpl,1582 CC,135.0 bhp,5.0
Volkswagen Innova,2010,44000.0,248535.0,Petrol,Individual,Manual,First Owner,23.9 kmpl,998 CC,76.9 bhp,5.0
Skoda i20,2019,290000.0,51956.0,Diesel,Dealer,Manual,First Owner,14.9 kmpl,1197 CC,,5.0
Tata 320d,2004,20000.0,207536.0,Diesel,Individual,Manual,First Owner,20.7 kmpl,796 CC,70.3 bhp,5.0
Maruti City,2008,23000.0,285689.0,Petrol,Individual,Manual,First Owner,11.3 kmpl,998 CC,89.7 bhp,5.0
Toyota A4,2009,66000.0,205256.0,Petrol,Individual,Manual,First Owner,12.9 kmpl,1248 CC,94.6 bhp,5.0
Mahindra Innova,2014,135000.0,153220.0,Petrol,Individual,Manual,First Owner,22.9 kmpl,2179 CC,191.1 bhp,7.0
Volkswagen City,2012,64000.0,158243.0,Diesel,Individual,Manual,First Owner,16.7 kmpl,796 CC,67.6 bhp,5.0
Maruti Nexon,2024,384000.0,22351.0,Diesel,Dealer,Manual,Second Owner,22.9 kmpl,1968 CC,116.3 bhp,5.0
Toyota Figo,2017,281000.0,112687.0,Diesel,Individual,Automatic,First Owner,24.3 kmpl,1248 CC,79.5 bhp,5.0
BMW Figo,2010,178000.0,183853.0,Petrol,Individual,Automatic,First Owner,17.9 kmpl,1248 CC,73.8 bhp,5.0
Volkswagen Swift,2010,95000.0,96203.0,Diesel,Dealer,Manual,First Owner,17.0 kmpl,,108.2 bhp,7.0
Toyota Polo,2024,644000.0,29102.0,Petrol,Individual,Manual,First Owner,,2179 CC,145.3 bhp,5.0
Tata City,2020,187000.0,60035.0,Diesel,Dealer,Manual,Second Owner,14.1 kmpl,1197 CC,65.9 bhp,7.0
Mahindra 320d,2005,19000.0,203852.0,Petrol,Individual,Automatic,Third Owner,10.0 kmpl,796 CC,51.1 bhp,5.0
Mahindra Swift,2023,531000.0,39663.0,Diesel,Individual,Manual,First Owner,,2179 CC,148.0 bhp,5.0
Hyundai Innova,2020,367000.0,38615.0,Petrol,Individual,Automatic,First Owner,11.1 kmpl,1248 CC,106.8 bhp,5.0
Honda A4,2012,90000.0,92070.0,Diesel,Dealer,Automatic,First Owner,17.9 kmpl,796 CC,70.4 bhp,5.0
Tata A4,2016,139000.0,73267.0,Petrol,Dealer,Manual,Second Owner,25.6 kmpl,2179 CC,179.5 bhp,5.0
Hyundai Swift,2013,94000.0,67632.0,Diesel,Dealer,Manual,First Owner,15.0 kmpl,796 CC,67.7 bhp,5.0
Hyundai Rapid,2007,37000.0,157283.0,Petrol,Individual,Manual,First Owner,10.1 kmpl,1248 CC,77.8 bhp,5.0
Maruti Rapid,2025,410000.0,21133.0,CNG,Dealer,Manual,First Owner,23.2 kmpl,1248 CC,106.6 bhp,5.0
Tata Polo,2019,279000.0,68646.0,Diesel,Dealer,Automatic,Second Owner,10.9 kmpl,1498 CC,90.8 bhp,5.0
Ford XUV,2010,35000.0,213771.0,Petrol,Individual,Manual,First Owner,26.0 kmpl,998 CC,83.5 bhp,7.0
Maruti Swift,2014,70000.0,132153.0,Petrol,Individual,Manual,First Owner,11.9 kmpl,1197 CC,66.6 bhp,5.0
Maruti i20,2018,158000.0,60913.0,Diesel,Individual,Manual,Second Owner,13.2 kmpl,1248 CC,81.9 bhp,5.0
Mahindra 320d,2008,41000.0,234197.0,Petrol,Trustmark Dealer,Manual,First Owner,19.9 kmpl,1197 CC,99.9 bhp,5.0
Ford City,2009,35000.0,224370.0,Petrol,Individual,Manual,First Owner,17.8 kmpl,1582 CC,126.8 bhp,5.0
Toyota XUV,2013,71000.0,168906.0,Petrol,Individual,Manual,First Owner,20.1 kmpl,796 CC,67.3 bhp,5.0
Tata Innova,2004,26000.0,264922.0,Petrol,Individual,Manual,First Owner,21.7 kmpl,1968 CC,162.6 bhp,5.0
Maruti Swift,2014,116000.0,123704.0,Petrol,Individual,Automatic,Second Owner,25.9 kmpl,2179 CC,152.1 bhp,7.0
Toyota Nexon,2012,75000.0,216513.0,Petrol,Individual,Automatic,Fourth & Above Owner,19.0 kmpl,1197 CC,90.1 bhp,5.0
Hyundai City,2011,118000.0,238082.0,Diesel,Individual,Automatic,First Owner,21.4 kmpl,2179 CC,151.9 bhp,5.0
Toyota Figo,2009,92000.0,132971.0,Petrol,Dealer,Manual,First Owner,18.3 kmpl,1197 CC,80.6 bhp,7.0
Honda City,2008,54000.0,114838.0,Petrol,Individual,Automatic,First Owner,14.5 kmpl,998 CC,85.5 bhp,5.0
Toyota XUV,2022,438000.0,59521.0,Diesel,Individual,Manual,First Owner,16.6 kmpl,1498 CC,84.2 bhp,5.0
Toyota Nexon,2025,696000.0,32526.0,Petrol,Individual,Manual,Second Owner,10.8 kmpl,2179 CC,137.9 bhp,7.0
Audi i20,2024,1235000.0,30790.0,CNG,Individual,Automatic,First Owner,12.6 kmpl,796 CC,46.4 bhp,5.0
Toyota Innova,2011,91000.0,214816.0,Petrol,Individual,Manual,First Owner,12.3 kmpl,1498 CC,132.8 bhp,5.0
Audi i20,2011,193000.0,190206.0,Diesel,Individual,Manual,First Owner,19.5 kmpl,1248 CC,91.1 bhp,7.0
Maruti Figo,2006,46000.0,164579.0,Petrol,Individual,Automatic,Second Owner,16.5 kmpl,2179 CC,171.5 bhp,5.0
Honda i20,2004,19000.0,313635.0,Petrol,Individual,Manual,First Owner,13.2 kmpl,796 CC,57.5 bhp,5.0
Tata 320d,2007,38000.0,179791.0,Petrol,Individual,Manual,First Owner,13.8 kmpl,1498 CC,88.5 bhp,5.0
Tata i20,2009,58000.0,191192.0,Petrol,Individual,Manual,First Owner,24.1 kmpl,1968 CC,143.5 bhp,5.0
Hyundai Nexon,2018,176000.0,136402.0,Petrol,Individual,Manual,First Owner,14.0 kmpl,1968 CC,127.6 bhp,7.0
Tata Rapid,2008,41000.0,218411.0,Diesel,Individual,Manual,Second Owner,12.2 kmpl,1968 CC,141.2 bhp,5.0
Maruti Figo,2004,21000.0,233316.0,Petrol,Individual,Manual,First Owner,,998 CC,67.5 bhp,5.0
BMW Innova,2011,222000.0,99515.0,Petrol,Individual,Manual,First Owner,17.0 kmpl,998 CC,85.1 bhp,
Hyundai i20,2019,100000.0,94093.0,Petrol,Dealer,Manual,Second Owner,10.2 kmpl,796 CC,63.8 bhp,7.0
BMW Nexon,2024,2173000.0,30143.0,Petrol,Individual,Manual,First Owner,22.6 kmpl,2179 CC,,5.0
Mahindra A4,2012,75000.0,143927.0,Diesel,Dealer,Manual,Third Owner,15.5 kmpl,1498 CC,83.3 bhp,5.0
Maruti A4,2005,24000.0,289932.0,Petrol,Individual,Manual,First Owner,18.3 kmpl,1968 CC,144.6 bhp,5.0
Toyota A4,2006,92000.0,231331.0,Diesel,Individual,Automatic,First Owner,13.3 kmpl,1968 CC,143.9 bhp,5.0
Hyundai i20,2021,128000.0,56908.0,Diesel,Individual,Manual,Fourth & Above Owner,23.2 kmpl,796 CC,69.2 bhp,5.0
Ford Innova,2004,20000.0,244862.0,Diesel,Individual,Manual,Second Owner,17.5 kmpl,1197 CC,75.1 bhp,7.0
Mahindra City,2019,190000.0,95078.0,Petrol,Individual,Manual,First Owner,13.2 kmpl,1197 CC,105.8 bhp,5.0
Skoda Innova,2004,34000.0,130489.0,Diesel,Individual,Manual,First Owner,15.3 kmpl,796 CC,49.5 bhp,5.0
Mahindra Swift,2017,197000.0,62458.0,Petrol,Dealer,Manual,First Owner,20.9 kmpl,1197 CC,72.9 bhp,5.0
Hyundai A4,2016,156000.0,88835.0,Petrol,Individual,Automatic,Third Owner,23.2 kmpl,1582 CC,95.3 bhp,5.0
Ford Rapid,2025,378000.0,11975.0,Petrol,Individual,Manual,Second Owner,21.7 kmpl,1582 CC,128.7 bhp,4.0
Audi City,2006,110000.0,227880.0,Petrol,Individual,Manual,First Owner,21.6 kmpl,1498 CC,122.4 bhp,7.0
Hyundai Innova,2021,210000.0,52284.0,Petrol,Individual,Manual,First Owner,20.4 kmpl,1197 CC,82.2 bhp,5.0
Skoda 320d,2012,111000.0,129299.0,Diesel,Individual,Automatic,First Owner,21.8 kmpl,1248 CC,74.2 bhp,5.0
Honda i20,2020,217000.0,52675.0,Petrol,Dealer,Manual,First Owner,14.0 kmpl,1248 CC,110.1 bhp,5.0
Tata Nexon,2018,158000.0,97610.0,Petrol,Individual,Manual,First Owner,17.4 kmpl,1968 CC,157.9 bhp,5.0
Maruti XUV,2013,60000.0,198125.0,Petrol,Individual,Manual,First Owner,17.6 kmpl,1248 CC,,5.0
Skoda Swift,2015,82000.0,152398.0,CNG,Individual,Manual,Second Owner,14.3 kmpl,998 CC,64.9 bhp,7.0
Mahindra Swift,2014,189000.0,69501.0,Diesel,Individual,Manual,First Owner,22.6 kmpl,1582 CC,133.0 bhp,5.0
BMW City,2014,379000.0,107456.0,LPG,Dealer,Manual,First Owner,20.7 kmpl,1498 CC,125.9 bhp,5.0
Tata i20,2015,127000.0,164197.0,Diesel,Individual,Automatic,First Owner,10.4 kmpl,1197 CC,74.2 bhp,5.0
Mahindra A4,2022,369000.0,25972.0,Petrol,Individual,Manual,First Owner,22.3 kmpl,1582 CC,113.6 bhp,5.0
Honda A4,2019,123000.0,56450.0,Petrol,Trustmark Dealer,Manual,Third Owner,22.5 kmpl,796 CC,65.9 bhp,7.0
Ford A4,2022,186000.0,54343.0,Petrol,Individual,Manual,First Owner,19.8 kmpl,796 CC,70.8 bhp,5.0
Hyundai Nexon,2014,113000.0,188883.0,Diesel,Individual,Manual,Second Owner,10.3 kmpl,1968 CC,138.4 bhp,5.0
Ford 320d,2008,36000.0,165362.0,Petrol,Dealer,Manual,First Owner,19.5 kmpl,998 CC,77.8 bhp,5.0
BMW A4,2014,246000.0,186262.0,CNG,Individual,Manual,First Owner,16.4 kmpl,1582 CC,139.5 bhp,5.0
Hyundai Swift,2023,178000.0,32714.0,CNG,Individual,Manual,Second Owner,17.9 kmpl,796 CC,45.4 bhp,
Tata 320d,2025,397000.0,7459.0, petrol ,Individual,Manual,Fourth & Above Owner,19.9 kmpl,1582 CC,140.9 bhp,5.0
Toyota Figo,2013,233000.0,85705.0,CNG,Individual,Manual,First Owner,17.4 kmpl,2179 CC,161.3 bhp,5.0
Toyota i20,2022,553000.0,66366.0,Petrol,Individual,Manual,First Owner,12.3 kmpl,1968 CC,113.3 bhp,4.0
Tata Figo,2016,79000.0,62954.0,CNG,Dealer,Manual,Third Owner,19.6 kmpl,998 CC,55.6 bhp,5.0
Honda Rapid,2005,59000.0,127806.0,Petrol,Individual,Manual,First Owner,23.4 kmpl,2179 CC,168.3 bhp,7.0
Ford 320d,2017,223000.0,89962.0,Diesel,Individual,Automatic,First Owner,11.7 kmpl,1968 CC,148.9 bhp,4.0
Tata 320d,2009,51000.0,262928.0,Diesel,Individual,Automatic,Second Owner,24.8 kmpl,1582 CC,92.7 bhp,5.0
Volkswagen Figo,2006,34000.0,206195.0,Diesel,Individual,Manual,First Owner,12.5 kmpl,1197 CC,104.4 bhp,7.0
Hyundai Innova,2006,43000.0,255080.0,Diesel,Trustmark Dealer,Automatic,First Owner,18.6 kmpl,1248 CC,89.5 bhp,5.0
Mahindra i20,2013,67000.0,172061.0,Diesel,Individual,Manual,Second Owner,22.1 kmpl,,53.3 bhp,5.0
Ford Nexon,2004,46000.0,219377.0,Diesel,Individual,Manual,First Owner,19.1 kmpl,2179 CC,139.9 bhp,4.0
Hyundai Rapid,2019,223000.0,120199.0,Petrol,Individual,Automatic,First Owner,21.3 kmpl,1582 CC,102.4 bhp,5.0
Tata Swift,2012,78000.0,150151.0,Diesel,Individual,Automatic,Second Owner,11.7 kmpl,1197 CC,96.2 bhp,5.0
Hyundai 320d,2004,19000.0,334108.0,Petrol,Individual,Manual,Second Owner,16.9 kmpl,1582 CC,129.8 bhp,5.0
Honda Polo,2013,108000.0,92183.0,Petrol,Individual,Manual,First Owner,21.8 kmpl,1197 CC,73.9 bhp,5.0
Toyota Nexon,2005,25000.0,279737.0,Petrol,Dealer,Automatic,First Owner,25.2 kmpl,,55.0 bhp,5.0
Maruti i20,2022,372000.0,59066.0,Petrol,Individual,Manual,First Owner,18.0 kmpl,2179 CC,125.1 bhp,5.0
Tata XUV,2007,31000.0,233246.0,Diesel,Dealer,Manual,First Owner,17.0 kmpl,1248 CC,72.1 bhp,5.0
Toyota Swift,2008,124000.0,117076.0,Diesel,Individual,Manual,First Owner,18.6 kmpl,1968 CC,152.6 bhp,5.0
Tata 320d,2014,104000.0,140378.0,CNG,Individual,Manual,Fourth & Above Owner,17.3 kmpl,1968 CC,135.9 bhp,7.0
Ford Innova,2008,47000.0,169641.0,Petrol,Individual,Manual,Second Owner,23.9 kmpl,1968 CC,171.2 bhp,5.0
Maruti Figo,2024,312000.0,29282.0,Petrol,Trustmark Dealer,Manual,First Owner,19.0 kmpl,1582 CC,133.6 bhp,5.0
Ford Polo,2016,111000.0,156457.0,Petrol,Individual,Manual,First Owner,20.1 kmpl,1197 CC,,5.0
Audi A4,2024,1414000.0,32553.0,Petrol,Individual,Manual,First Owner,17.1 kmpl,1248 CC,70.8 bhp,5.0
Hyundai Rapid,2016,194000.0,147872.0,Diesel,Individual,Manual,First Owner,10.1 kmpl,2179 CC,,5.0
Hyundai Nexon,2014,66000.0,165860.0,Petrol,Individual,Manual,Second Owner,12.0 kmpl,1498 CC,123.3 bhp,7.0
Skoda XUV,2025,627000.0,14550.0,Petrol,Individual,Manual,First Owner,22.7 kmpl,1968 CC,131.2 bhp,5.0
Mahindra XUV,2005,32000.0,307997.0,Petrol,Individual,Manual,First Owner,25.6 kmpl,1498 CC,88.6 bhp,5.0
Ford Innova,2024,216000.0,33363.0,Petrol,Individual,Manual,Second Owner,18.2 kmpl,1248 CC,86.4 bhp,5.0
Honda A4,2016,148000.0,163610.0,Petrol,Individual,Manual,First Owner,22.2 kmpl,1582 CC,99.0 bhp,5.0
Honda Polo,2016,222000.0,80616.0,Diesel,Individual,Manual,First Owner,17.7 kmpl,1498 CC,120.1 bhp,7.0
Toyota 320d,2015,267000.0,114971.0,Diesel,Individual,Automatic,First Owner,14.2 kmpl,2179 CC,153.0 bhp,5.0
Maruti Swift,2006,17000.0,286967.0,Diesel,Individual,Manual,First Owner,17.2 kmpl,796 CC,44.1 bhp,5.0
Volkswagen 320d,2025,478000.0,19223.0,Diesel,Individual,Manual,Second Owner,14.9 kmpl,1197 CC,101.0 bhp,5.0
Ford City,2017,136000.0,115527.0,Petrol,Individual,Manual,First Owner,10.5 kmpl,1968 CC,108.6 bhp,5.0
Volkswagen Rapid,2016,112000.0,130917.0,Petrol,Individual,Manual,First Owner,20.7 kmpl,1248 CC,89.7 bhp,5.0
Maruti Nexon,2018,135000.0,125915.0,Diesel,Individual,Manual,First Owner,22.1 kmpl,,81.0 bhp,5.0
Toyota Polo,2009,124000.0,122318.0,Petrol,Individual,Manual,First Owner,10.2 kmpl,1498 CC,114.9 bhp,4.0
BMW Rapid,2011,188000.0,184693.0,Diesel,Individual,Manual,Second Owner,13.5 kmpl,1498 CC,100.3 bhp,5.0
Hyundai Swift,2006,33000.0,122496.0,Petrol,Dealer,Manual,Second Owner,23.8 kmpl,1248 CC,86.2 bhp,5.0
Hyundai City,2022,286000.0,74474.0,Petrol,Individual,Manual,Fourth & Above Owner,11.5 kmpl,1582 CC,118.1 bhp,5.0
Maruti i20,2022,180000.0,45488.0,Petrol,Individual,Automatic,Second Owner,17.8 kmpl,796 CC,64.7 bhp,5.0
Skoda i20,2005,36000.0,167878.0,Diesel,Dealer,Manual,First Owner,21.4 kmpl,,81.3 bhp,5.0
Honda Nexon,2019,270000.0,101195.0,Petrol,Individual,Manual,First Owner,15.7 kmpl,1968 CC,127.2 bhp,7.0
Maruti A4,2008,57000.0,97000.0,Diesel,Individual,Automatic,Fourth & Above Owner,18.0 kmpl,1197 CC,,5.0
Tata City,2018,238000.0,57325.0,Diesel,Individual,Automatic,First Owner,13.6 kmpl,1582 CC,90.3 bhp,5.0
Skoda Innova,2005,47000.0,158412.0,Petrol,Individual,Automatic,Third Owner,16.6 kmpl,1498 CC,82.6 bhp,5.0
Maruti Swift,2011,41000.0,153600.0,Diesel,Individual,Manual,Second Owner,15.4 kmpl,998 CC,82.4 bhp,5.0
Ford Nexon,2011,77000.0,126643.0,Diesel,Individual,Manual,First Owner,15.7 kmpl,1498 CC,129.3 bhp,5.0
Ford Figo,2022,243000.0,36612.0,Petrol,Individual,Manual,Second Owner,17.9 kmpl,1498 CC,97.8 bhp,5.0
Mahindra Innova,2012,102000.0,87412.0,Diesel,Individual,Manual,Second Owner,17.7 kmpl,1248 CC,100.6 bhp,5.0
Tata i20,2017,162000.0,93229.0,Petrol,Individual,Automatic,First Owner,18.9 kmpl,1248 CC,102.3 bhp,5.0
Tata Figo,2011,86000.0,165608.0,Diesel,Individual,Manual,First Owner,15.1 kmpl,1968 CC,117.5 bhp,5.0
Hyundai Swift,2004,39000.0,165741.0,Diesel,Individual,Automatic,First Owner,18.2 kmpl,1197 CC,66.7 bhp,5.0
Maruti 320d,2004,15000.0,221285.0,Petrol,Dealer,Manual,Second Owner,14.4 kmpl,1248 CC,,5.0
Ford City,2012,65000.0,147503.0,Petrol,Individual,Manual,Second Owner,16.1 kmpl,1498 CC,134.3 bhp,5.0
Ford Polo,2023,237000.0,55177.0,Diesel,Individual,Manual,First Owner,21.1 kmpl,796 CC,44.4 bhp,5.0
Tata i20,2005,22000.0,249177.0,Petrol,Individual,Manual,Third Owner,16.9 kmpl,1197 CC,68.1 bhp,7.0
Maruti 320d,2025,564000.0,9080.0,Diesel,Individual,Automatic,First Owner,18.0 kmpl,1498 CC,113.0 bhp,4.0
Mahindra City,2022,315000.0,41770.0,Diesel,Dealer,Automatic,Second Owner,24.1 kmpl,998 CC,57.3 bhp,5.0
Hyundai Polo,2019,227000.0,76136.0,Diesel,Individual,Manual,Fourth & Above Owner,17.0 kmpl,2179 CC,140.3 bhp,7.0
Honda XUV,2016,146000.0,135989.0,Petrol,Individual,Manual,First Owner,11.9 kmpl,1498 CC,122.4 bhp,5.0
Maruti Figo,2017,74000.0,86960.0,CNG,Individual,Manual,Second Owner,11.2 kmpl,796 CC,53.3 bhp,5.0
Hyundai Rapid,2022,171000.0,65239.0,Diesel,Individual,Manual,Second Owner,13.0 kmpl,796 CC,51.2 bhp,7.0
Honda Figo,2013,95000.0,100443.0,Petrol,Individual,Automatic,First Owner,19.0 kmpl,1197 CC,80.7 bhp,5.0
Volkswagen Innova,2024,315000.0,12727.0,Diesel,Individual,Manual,Second Owner,13.5 kmpl,,85.5 bhp,4.0
Tata Rapid,2017,234000.0,79485.0,Diesel,Dealer,Manual,First Owner,23.6 kmpl,1968 CC,138.3 bhp,5.0
Maruti Innova,2007,46000.0,154683.0,Diesel,Individual,Manual,First Owner,17.7 kmpl,1582 CC,136.2 bhp,5.0
Maruti Rapid,2007,46000.0,129858.0,CNG,Individual,Manual,First Owner,11.7 kmpl,1498 CC,103.6 bhp,5.0
Maruti City,2024,461000.0,18076.0,Diesel,Individual,Manual,Second Owner,22.9 kmpl,2179 CC,161.1 bhp,5.0
Toyota 320d,2009,59000.0,221338.0,Petrol,Individual,Manual,Fourth & Above Owner,20.8 kmpl,1498 CC,109.4 bhp,5.0
Hyundai Polo,2004,35000.0,182360.0,Diesel,Individual,Automatic,First Owner,25.3 kmpl,1197 CC,79.2 bhp,5.0
Hyundai A4,2021,264000.0,84193.0,Petrol,Individual,Manual,First Owner,19.5 kmpl,1968 CC,149.7 bhp,7.0
Honda Swift,2017,220000.0,52799.0,Diesel,Individual,Manual,Third Owner,14.9 kmpl,1498 CC,93.3 bhp,5.0
Tata XUV,2018,105000.0,125947.0,Petrol,Individual,Manual,Third Owner,20.4 kmpl,1582 CC,132.8 bhp,5.0
Hyundai Innova,2012,76000.0,159385.0,Petrol,Individual,Manual,Second Owner,16.5 kmpl,1582 CC,109.8 bhp,7.0
Honda i20,2009,83000.0,94904.0,Petrol,Individual,Manual,First Owner,10.7 kmpl,1968 CC,151.4 bhp,5.0
Tata A4,2020,251000.0,56637.0,Diesel,Individual,Manual,Second Owner,14.0 kmpl,2179 CC,122.2 bhp,7.0
Maruti Rapid,2004,28000.0,269348.0,Petrol,Individual,Automatic,Second Owner,13.8 kmpl,2179 CC,177.3 bhp,7.0
Maruti Polo,2016,65000.0,149012.0,Petrol,Individual,Manual,Second Owner,12.4 kmpl,1248 CC,77.1 bhp,
Skoda Figo,2009,42000.0,188269.0,Petrol,Individual,Manual,First Owner,13.9 kmpl,1248 CC,86.1 bhp,5.0
Ford Innova,2005,24000.0,313665.0,Petrol,Individual,Manual,First Owner,22.7 kmpl,1498 CC,91.4 bhp,5.0
Maruti i20,2010,45000.0,172700.0,Diesel,Individual,Manual,First Owner,24.6 kmpl,796 CC,64.3 bhp,5.0
Honda Swift,2008,61000.0,225301.0,Petrol,Individual,Manual,First Owner,16.0 kmpl,2179 CC,149.7 bhp,5.0
Maruti Nexon,2016,108000.0,152901.0,Petrol,Individual,Manual,First Owner,17.1 kmpl,1968 CC,162.6 bhp,7.0
Toyota Rapid,2015,369000.0,64751.0,Diesel,Individual,Manual,First Owner,10.1 kmpl,2179 CC,135.4 bhp,5.0
Toyota Swift,2011,51000.0,165480.0,CNG,Dealer,Manual,Second Owner,17.5 kmpl,796 CC,48.7 bhp,5.0
Skoda Figo,2022,652000.0,39185.0,Diesel,Individual,Manual,First Owner,25.0 kmpl,2179 CC,150.4 bhp,5.0
Tata XUV,2014,146000.0,128447.0,Diesel,Dealer,Manual,First Owner,15.7 kmpl,1968 CC,140.4 bhp,5.0
Tata Nexon,2012,59000.0,202337.0,Petrol,Individual,Manual,Second Owner,,1968 CC,173.2 bhp,5.0
Maruti A4,2021,189000.0,83053.0,Petrol,Individual,Automatic,Second Owner,10.2 kmpl,1498 CC,103.2 bhp,5.0
Hyundai A4,2017,202000.0,102535.0,Petrol,Individual,Automatic,First Owner,25.9 kmpl,2179 CC,132.3 bhp,5.0
Honda 320d,2015,95000.0,160281.0,LPG,Individual,Manual,First Owner,17.0 kmpl,1248 CC,,5.0
Mahindra Nexon,2009,77000.0,153689.0,Petrol,Dealer,Automatic,Third Owner,19.2 kmpl,1968 CC,119.2 bhp,5.0
Honda Polo,2015,106000.0,115160.0,Diesel,Individual,Manual,First Owner,24.6 kmpl,796 CC,60.9 bhp,7.0
Volkswagen Figo,2008,31000.0,152191.0,Petrol,Individual,Manual,Second Owner,10.9 kmpl,1197 CC,86.8 bhp,5.0
Mahindra Rapid,2009,90000.0,134265.0,Petrol,Individual,Automatic,Second Owner,10.7 kmpl,1582 CC,138.5 bhp,7.0
Mahindra A4,2022,332000.0,26526.0,Diesel,Individual,Automatic,First Owner,12.2 kmpl,796 CC,59.8 bhp,5.0
Volkswagen Figo,2008,42000.0,162644.0,Petrol,Individual,Manual,First Owner,22.3 kmpl,998 CC,68.4 bhp,7.0
Maruti 320d,2006,18000.0,283419.0,Petrol,Individual,Manual,First Owner,25.6 kmpl,1197 CC,74.2 bhp,5.0
Hyundai Nexon,2010,72000.0,126271.0,Petrol,Individual,Manual,Second Owner,12.7 kmpl,1968 CC,112.2 bhp,5.0
Mahindra A4,2014,69000.0,180083.0,Petrol,Individual,Manual,First Owner,25.3 kmpl,998 CC,72.0 bhp,4.0
Volkswagen i20,2010,51000.0,164696.0,Petrol,Individual,Automatic,Third Owner,,1498 CC,94.4 bhp,7.0
Volkswagen Swift,2007,55000.0,142544.0,Diesel,Individual,Automatic,Second Owner,18.6 kmpl,1582 CC,136.5 bhp,5.0
Tata Swift,2024,345000.0,19195.0,Diesel,Individual,Manual,First Owner,11.8 kmpl,1248 CC,91.8 bhp,5.0
Volkswagen Innova,2005,22000.0,219163.0,Diesel,Dealer,Manual,Second Owner,25.7 kmpl,998 CC,60.5 bhp,5.0
Toyota 320d,2019,230000.0,99608.0,Petrol,Individual,Manual,Second Owner,16.1 kmpl,1582 CC,132.6 bhp,5.0
Honda Swift,2010,95000.0,245480.0,Diesel,Individual,Automatic,First Owner,19.3 kmpl,2179 CC,135.6 bhp,5.0
Hyundai i20,2014,140000.0,95455.0,Diesel,Individual,Automatic,Second Owner,15.7 kmpl,1582 CC,107.6 bhp,5.0
Ford A4,2024,225000.0,31940.0,Petrol,Dealer,Manual,Second Owner,16.3 kmpl,1197 CC,85.7 bhp,5.0
Mahindra Polo,2012,73000.0,121337.0,Petrol,Individual,Manual,First Owner,11.9 kmpl,998 CC,56.6 bhp,5.0
Toyota 320d,2004,35000.0,207827.0,Diesel,Individual,Manual,First Owner,17.6 kmpl,1197 CC,92.8 bhp,5.0
Mahindra Innova,2006,42000.0,242242.0,CNG,Individual,Manual,First Owner,17.8 kmpl,1582 CC,117.7 bhp,5.0
Skoda Rapid,2005,37000.0,190631.0,Diesel,Individual,Manual,Third Owner,26.0 kmpl,1248 CC,109.9 bhp,5.0
Hyundai A4,2022,287000.0,67619.0,Petrol,Individual,Manual,First Owner,18.3 kmpl,1582 CC,115.0 bhp,5.0
Tata A4,2020,285000.0,86115.0,Diesel,Dealer,Manual,First Owner,22.6 kmpl,1582 CC,134.7 bhp,5.0
Skoda Polo,2025,583000.0,24790.0,Petrol,Individual,Manual,First Owner,25.2 kmpl,1498 CC,90.3 bhp,7.0
Tata 320d,2017,182000.0,50437.0,Petrol,Individual,Manual,Second Owner,14.5 kmpl,2179 CC,195.9 bhp,5.0
Skoda Swift,2004,40000.0,123273.0,Diesel,Individual,Manual,First Owner,14.5 kmpl,1248 CC,98.3 bhp,5.0
Volkswagen Polo,2010,38000.0,241476.0,Petrol,Individual,Manual,First Owner,23.1 kmpl,796 CC,44.7 bhp,5.0
Tata A4,2011,48000.0,106057.0,Petrol,Individual,Manual,Third Owner,11.3 kmpl,998 CC,68.8 bhp,5.0
Tata XUV,2020,272000.0,54908.0,Diesel,Individual,Automatic,First Owner,17.0 kmpl,1498 CC,128.6 bhp,7.0
Hyundai Innova,2004,27000.0,177407.0,Petrol,Individual,Manual,First Owner,12.7 kmpl,1498 CC,90.2 bhp,5.0
Mahindra A4,2021,228000.0,32218.0,Petrol,Individual,Manual,Second Owner,11.3 kmpl,1498 CC,106.4 bhp,7.0
Volkswagen XUV,2008,49000.0,279168.0,Petrol,Dealer,Automatic,First Owner,11.1 kmpl,1248 CC,104.3 bhp,7.0
Toyota Rapid,2024,702000.0,22094.0,Diesel,Individual,Manual,First Owner,17.1 kmpl,1498 CC,125.8 bhp,5.0
Hyundai City,2007,64000.0,185853.0,Diesel,Individual,Manual,First Owner,15.4 kmpl,1968 CC,112.2 bhp,5.0
Mahindra City,2006,44000.0,159085.0,Petrol,Dealer,Manual,First Owner,12.1 kmpl,998 CC,58.0 bhp,5.0
Mahindra i20,2019,236000.0,119013.0,Diesel,Dealer,Manual,Second Owner,15.2 kmpl,1582 CC,131.4 bhp,5.0
Audi Figo,2007,321000.0,135253.0,Diesel,Individual,Manual,First Owner,25.6 kmpl,2179 CC,134.8 bhp,7.0
Hyundai XUV,2015,103000.0,118754.0,Petrol,Individual,Manual,First Owner,11.7 kmpl,998 CC,79.5 bhp,5.0
Skoda Swift,2004,22000.0,222411.0,Petrol,Individual,Manual,First Owner,23.9 kmpl,796 CC,52.6 bhp,5.0
Honda City,2009,47000.0,97001.0,Diesel,Individual,Manual,First Owner,23.4 kmpl,796 CC,57.4 bhp,5.0
Hyundai XUV,2014,107000.0,,Diesel,Individual,Manual,Second Owner,12.5 kmpl,1968 CC,171.0 bhp,7.0
Audi A4,2016,522000.0,86350.0,Petrol,Dealer,Manual,First Owner,10.7 kmpl,1582 CC,91.0 bhp,5.0
Maruti A4,2009,36000.0,131058.0,Petrol,Individual,Manual,Second Owner,24.7 kmpl,1498 CC,102.4 bhp,5.0
Ford i20,2021,414000.0,38917.0,Petrol,Trustmark Dealer,Manual,First Owner,14.1 kmpl,2179 CC,182.5 bhp,5.0
BMW 320d,2018,859000.0,130748.0,Petrol,Individual,Manual,Third Owner,10.5 kmpl,1968 CC,146.7 bhp,5.0
Skoda City,2009,66000.0,181252.0,Diesel,Individual,Automatic,Second Owner,10.3 kmpl,1582 CC,119.4 bhp,7.0
Skoda City,2012,131000.0,101911.0,Diesel,Dealer,Manual,Second Owner,11.3 kmpl,1968 CC,162.3 bhp,5.0
Maruti Swift,2011,58000.0,84002.0,Petrol,Individual,Manual,First Owner,23.9 kmpl,998 CC,57.8 bhp,5.0
Hyundai City,2004,22000.0,158396.0,Petrol,Dealer,Manual,First Owner,18.5 kmpl,998 CC,67.1 bhp,5.0
Tata City,2022,303000.0,53974.0,Petrol,Individual,Automatic,Fourth & Above Owner,21.9 kmpl,1498 CC,134.4 bhp,5.0
Maruti Figo,2021,268000.0,58150.0,CNG,Individual,Manual,First Owner,22.4 kmpl,2179 CC,125.2 bhp,5.0
Maruti Nexon,2004,22000.0,267653.0,Petrol,Dealer,Manual,First Owner,13.1 kmpl,1968 CC,119.4 bhp,5.0
Ford Rapid,2014,115000.0,,Petrol,Dealer,Automatic,First Owner,25.7 kmpl,1248 CC,79.4 bhp,5.0
Hyundai Polo,2005,28000.0,272886.0,Diesel,Dealer,Manual,Second Owner,18.6 kmpl,,92.4 bhp,7.0
Toyota XUV,2007,36000.0,121954.0,Diesel,Individual,Manual,Third Owner,10.4 kmpl,796 CC,54.0 bhp,4.0
Mahindra A4,2022,372000.0,60210.0,Diesel,Individual,Manual,First Owner,17.8 kmpl,1197 CC,68.5 bhp,7.0
Maruti Nexon,2016,105000.0,71936.0,Petrol,Individual,Manual,Second Owner,22.0 kmpl,1248 CC,106.1 bhp,5.0
Tata Swift,2023,283000.0,40701.0,Diesel,Individual,Manual,First Owner,21.0 kmpl,1197 CC,98.3 bhp,5.0
Volkswagen XUV,2013,124000.0,203590.0,Diesel,Individual,Manual,First Owner,13.5 kmpl,1968 CC,128.8 bhp,7.0
Hyundai Figo,2024,464000.0,24110.0,Petrol,Individual,Manual,Second Owner,14.6 kmpl,2179 CC,167.6 bhp,5.0
Hyundai City,2008,38000.0,167546.0,Petrol,Individual,Manual,First Owner,22.6 kmpl,1498 CC,127.4 bhp,5.0
Hyundai Swift,2019,149000.0,107399.0,Petrol,Individual,Manual,Second Owner,10.3 kmpl,1968 CC,173.4 bhp,5.0
Maruti i20,2014,61000.0,102131.0,Petrol,Individual,Manual,First Owner,20.1 kmpl,796 CC,53.4 bhp,5.0
Skoda City,2025,570000.0,18170.0,Diesel,Individual,Manual,First Owner,13.2 kmpl,998 CC,68.2 bhp,5.0
Hyundai Polo,2017,143000.0,71841.0,Petrol,Individual,Manual,First Owner,16.1 kmpl,1248 CC,96.0 bhp,5.0
Maruti i20,2005,19000.0,273281.0,Diesel,Individual,Manual,First Owner,21.4 kmpl,1248 CC,80.8 bhp,5.0
Honda City,2024,824000.0,30637.0,Diesel,Individual,Automatic,First Owner,24.9 kmpl,1968 CC,162.0 bhp,7.0
Maruti Polo,2015,86000.0,137393.0,Diesel,Individual,Manual,First Owner,24.8 kmpl,998 CC,85.7 bhp,5.0
Toyota A4,2012,159000.0,111086.0,Diesel,Individual,Automatic,First Owner,12.9 kmpl,1582 CC,130.7 bhp,5.0
Maruti Rapid,2014,63000.0,185233.0,Diesel,Individual,Manual,First Owner,14.3 kmpl,998 CC,62.5 bhp,5.0
Maruti Nexon,2007,41000.0,204530.0,Petrol,Individual,Manual,Fourth & Above Owner,12.6 kmpl,2179 CC,172.7 bhp,5.0
Audi Nexon,2099,1375000.0,31626.0,Diesel,Individual,Manual,First Owner,11.1 kmpl,1248 CC,107.6 bhp,5.0
Mahindra A4,2006,29000.0,277929.0,Diesel,Dealer,Manual,First Owner,22.0 kmpl,1197 CC,70.2 bhp,5.0
Hyundai A4,2025,634000.0,25921.0,Petrol,Dealer,Automatic,Third Owner,24.4 kmpl,2179 CC,159.4 bhp,4.0
Maruti City,2013,99000.0,153160.0,Diesel,Individual,Manual,Third Owner,18.7 kmpl,2179 CC,146.8 bhp,5.0
Mahindra Polo,2017,187000.0,83657.0,Petrol,Dealer,Manual,First Owner,,1498 CC,97.1 bhp,5.0
Hyundai City,2017,153000.0,97724.0,Petrol,Individual,Manual,First Owner,19.8 kmpl,1968 CC,143.1 bhp,7.0
Tata 320d,2016,189000.0,62827.0,Diesel,Individual,Manual,First Owner,24.4 kmpl,1968 CC,117.4 bhp,7.0
Mahindra City,2022,372000.0,27663.0,Diesel,Individual,Manual,First Owner,16.5 kmpl,1197 CC,96.8 bhp,5.0
BMW A4,2015,485000.0,125247.0,Petrol,Individual,Manual,First Owner,18.3 kmpl,1968 CC,171.6 bhp,7.0
Toyota Rapid,2023,459000.0,50685.0,Diesel,Individual,Automatic,Second Owner,12.5 kmpl,998 CC,84.7 bhp,4.0
Skoda Nexon,2016,203000.0,85526.0,CNG,Individual,Manual,First Owner,16.5 kmpl,1582 CC,92.7 bhp,5.0
Skoda Innova,2016,168000.0,115272.0,Petrol,Individual,Manual,Second Owner,19.0 kmpl,1968 CC,125.9 bhp,5.0
Volkswagen Innova,2011,61000.0,96474.0,Diesel,Individual,Manual,Third Owner,,998 CC,74.9 bhp,5.0
Mahindra Polo,2004,22000.0,328684.0,Petrol,Individual,Automatic,Second Owner,17.6 kmpl,1197 CC,78.2 bhp,5.0
Mahindra XUV,2021,394000.0,31865.0,Diesel,Individual,Manual,First Owner,15.5 kmpl,1582 CC,122.8 bhp,5.0
Maruti XUV,2010,53000.0,99431.0,Diesel,Individual,Manual,Second Owner,24.5 kmpl,1582 CC,117.8 bhp,5.0
BMW XUV,2008,202000.0,183227.0,Petrol,Individual,Automatic,Third Owner,11.3 kmpl,1968 CC,,4.0
Volkswagen City,2020,230000.0,97125.0,Diesel,Individual,Manual,Second Owner,24.9 kmpl,1197 CC,80.6 bhp,5.0
Mahindra Swift,2017,215000.0,139943.0,CNG,Individual,Automatic,Second Owner,23.6 kmpl,2179 CC,146.2 bhp,4.0
Mahindra Rapid,2023,410000.0,53373.0,Petrol,Individual,Manual,First Owner,12.5 kmpl,1582 CC,124.9 bhp,5.0
Ford Figo,2008,55000.0,148731.0,Diesel,Dealer,Manual,First Owner,11.3 kmpl,1498 CC,123.7 bhp,5.0
Tata Innova,2006,56000.0,144984.0,Diesel,Individual,Automatic,First Owner,19.3 kmpl,2179 CC,180.3 bhp,5.0
Mahindra Innova,2014,169000.0,100885.0,Petrol,Dealer,Manual,First Owner,,2179 CC,128.7 bhp,5.0
Honda A4,2016,128000.0,68549.0,Diesel,Individual,Manual,First Owner,22.4 kmpl,796 CC,47.9 bhp,7.0
Maruti 320d,2014,104000.0,77402.0,CNG,Individual,Manual,Third Owner,18.8 kmpl,1582 CC,109.6 bhp,5.0
Honda 320d,2016,143000.0,58375.0,Petrol,Individual,Manual,Second Owner,13.8 kmpl,1197 CC,85.6 bhp,5.0
Maruti i20,2023,176000.0,43776.0,Diesel,Individual,Manual,Second Owner,24.0 kmpl,796 CC,61.4 bhp,5.0
Mahindra 320d,2019,238000.0,80220.0,Petrol,Individual,Manual,First Owner,22.2 kmpl,1582 CC,114.4 bhp,5.0
Hyundai Polo,2018,134000.0,77760.0,Petrol,Individual,Automatic,Second Owner,16.2 kmpl,998 CC,56.6 bhp,5.0
Honda Innova,2025,702000.0,25045.0,Petrol,Individual,Automatic,Second Owner,13.2 kmpl,2179 CC,177.6 bhp,4.0
Toyota i20,2006,62000.0,148096.0,Diesel,Individual,Manual,First Owner,13.0 kmpl,1248 CC,83.8 bhp,5.0
Honda i20,2015,79000.0,168923.0,Petrol,Individual,Manual,First Owner,17.1 kmpl,998 CC,67.2 bhp,5.0
Honda A4,2023,394000.0,30219.0,Diesel,Individual,Automatic,Third Owner,25.7 kmpl,1498 CC,129.3 bhp,5.0
Mahindra 320d,2025,633000.0,15311.0,Diesel,Individual,Automatic,First Owner,24.8 kmpl,1248 CC,101.6 bhp,5.0
Hyundai City,2025,524000.0,17086.0,Diesel,Dealer,Manual,First Owner,19.0 kmpl,1582 CC,88.7 bhp,5.0
Hyundai A4,2015,139000.0,97236.0,Diesel,Individual,Manual,First Owner,13.3 kmpl,1582 CC,125.6 bhp,5.0
Honda Rapid,2024,521000.0,37911.0,Diesel,Individual,Manual,First Owner,25.6 kmpl,2179 CC,128.8 bhp,5.0
Honda Innova,2013,81000.0,211349.0,Diesel,Individual,Manual,Second Owner,12.9 kmpl,1498 CC,105.8 bhp,5.0
Hyundai i20,2020,254000.0,,Diesel,Individual,Manual,Third Owner,19.2 kmpl,1582 CC,88.1 bhp,7.0
Hyundai City,2017,230000.0,78419.0,Petrol,Dealer,Manual,First Owner,14.7 kmpl,2179 CC,157.6 bhp,5.0
Honda Innova,2023,541000.0,33486.0,Diesel,Individual,Manual,First Owner,15.6 kmpl,1498 CC,132.5 bhp,5.0
Mahindra XUV,2007,50000.0,150574.0,Diesel,Individual,Automatic,First Owner,22.2 kmpl,796 CC,70.5 bhp,5.0
Skoda Swift,2011,83000.0,216051.0,Diesel,Individual,Manual,First Owner,22.5 kmpl,1248 CC,91.7 bhp,5.0
Honda City,2006,50000.0,129955.0,Petrol,Individual,Manual,First Owner,12.9 kmpl,1248 CC,105.9 bhp,5.0
Hyundai A4,2016,121000.0,128418.0,Diesel,Individual,Manual,Third Owner,16.9 kmpl,1248 CC,90.7 bhp,5.0
Maruti XUV,2021,324000.0,36780.0,Diesel,Individual,Manual,Third Owner,14.7 kmpl,2179 CC,147.3 bhp,7.0
Honda i20,2017,225000.0,129417.0,Diesel,Individual,Manual,Second Owner,21.8 kmpl,2179 CC,135.9 bhp,5.0
Hyundai Nexon,2013,125000.0,,Diesel,Individual,Manual,Second Owner,17.6 kmpl,2179 CC,,5.0
Hyundai Innova,2019,186000.0,93202.0,Petrol,Individual,Manual,First Owner,22.4 kmpl,1197 CC,84.2 bhp,5.0
Tata Rapid,2007,32000.0,292162.0,Petrol,Individual,Manual,First Owner,15.6 kmpl,1582 CC,128.2 bhp,5.0
BMW A4,2005,60000.0,181656.0,Petrol,Individual,Manual,First Owner,11.3 kmpl,796 CC,47.8 bhp,5.0
Volkswagen Figo,2010,76000.0,112992.0,Diesel,Individual,Manual,First Owner,10.5 kmpl,1248 CC,73.0 bhp,5.0
Hyundai Swift,2023,237000.0,52485.0,Diesel,Individual,Manual,Second Owner,25.5 kmpl,1197 CC,103.7 bhp,4.0
Hyundai Polo,2007,35000.0,280087.0,Diesel,Individual,Manual,First Owner,23.2 kmpl,1197 CC,107.1 bhp,7.0
Hyundai Nexon,2022,275000.0,44870.0,Petrol,Individual,Manual,First Owner,15.6 kmpl,1197 CC,93.4 bhp,5.0
BMW Innova,2018,582000.0,84801.0,CNG,Individual,Manual,First Owner,10.2 kmpl,1498 CC,99.4 bhp,5.0
Hyundai Nexon,2021,232000.0,59451.0,Diesel,Dealer,Automatic,Second Owner,16.1 kmpl,998 CC,76.8 bhp,7.0
Honda Polo,2011,68000.0,154704.0,Petrol,Individual,Manual,First Owner,24.7 kmpl,998 CC,56.6 bhp,5.0
Mahindra Swift,2011,60000.0,176544.0,Petrol,Individual,Manual,First Owner,14.5 kmpl,1197 CC,107.1 bhp,5.0
Hyundai XUV,2015,132000.0,159205.0,Diesel,Individual,Automatic,First Owner,15.7 kmpl,1498 CC,102.8 bhp,4.0
Maruti Nexon,2005,25000.0,195158.0,Diesel,Dealer,Manual,First Owner,20.8 kmpl,1197 CC,,5.0
Honda Swift,2020,193000.0,81248.0,Petrol,Individual,Manual,First Owner,16.1 kmpl,998 CC,82.9 bhp,5.0
Toyota XUV,2021,375000.0,66376.0,Petrol,Individual,Manual,Second Owner,24.6 kmpl,1968 CC,134.6 bhp,5.0
Maruti XUV,2018,168000.0,131939.0,Diesel,Individual,Manual,Second Owner,15.2 kmpl,1968 CC,144.8 bhp,5.0
Skoda Figo,2013,79000.0,118942.0,Diesel,Individual,Manual,First Owner,16.2 kmpl,796 CC,50.8 bhp,5.0
Hyundai A4,2004,14000.0,257523.0,Petrol,Dealer,Manual,First Owner,17.4 kmpl,796 CC,44.2 bhp,5.0
Maruti Figo,2008,35000.0,277151.0,Diesel,Individual,Manual,First Owner,11.6 kmpl,1582 CC,124.6 bhp,5.0
Tata 320d,2021,338000.0,55557.0,Diesel,Individual,Automatic,Second Owner,17.5 kmpl,1968 CC,153.4 bhp,5.0
Mahindra Innova,2007,32000.0,220598.0,Petrol,Dealer,Automatic,First Owner,19.0 kmpl,796 CC,68.4 bhp,5.0
Mahindra Nexon,2017,151000.0,143152.0,Diesel,Individual,Manual,First Owner,21.7 kmpl,1248 CC,102.9 bhp,5.0
Toyota Rapid,2006,52000.0,112477.0,Petrol,Individual,Manual,Fourth & Above Owner,15.0 kmpl,1197 CC,91.8 bhp,5.0
Maruti A4,2010,60000.0,100465.0,CNG,Individual,Manual,Fourth & Above Owner,22.6 kmpl,1582 CC,106.3 bhp,5.0
Hyundai A4,2018,198000.0,115698.0,Petrol,Individual,Automatic,First Owner,22.4 kmpl,1582 CC,109.8 bhp,5.0
Hyundai Swift,2006,45000.0,164606.0,Diesel,Individual,Manual,First Owner,20.4 kmpl,1582 CC,111.7 bhp,5.0
Skoda i20,2014,234000.0,126309.0,Diesel,Individual,Manual,First Owner,21.3 kmpl,2179 CC,140.1 bhp,5.0
Volkswagen Swift,2023,628000.0,28036.0,Diesel,Individual,Automatic,First Owner,12.3 kmpl,1498 CC,,5.0
Hyundai 320d,2010,58000.0,148450.0,Diesel,Individual,Manual,First Owner,17.8 kmpl,998 CC,72.8 bhp,5.0
Hyundai City,2006,23000.0,287701.0,Petrol,Individual,Manual,First Owner,23.9 kmpl,1197 CC,76.4 bhp,5.0
Maruti i20,2024,211000.0,44713.0,Petrol,Individual,Manual,First Owner,19.1 kmpl,796 CC,55.1 bhp,5.0
Hyundai 320d,2018,212000.0,110366.0,Petrol,Individual,Manual,First Owner,12.0 kmpl,1968 CC,135.7 bhp,5.0
Honda Innova,2020,319000.0,107436.0,Petrol,Individual,Manual,First Owner,19.8 kmpl,2179 CC,177.0 bhp,7.0
Hyundai 320d,2010,51000.0,228406.0,Petrol,Individual,Manual,Second Owner,18.0 kmpl,1248 CC,77.4 bhp,5.0
Hyundai i20,2011,57000.0,127799.0,Petrol,Individual,Manual,Second Owner,14.4 kmpl,1582 CC,128.3 bhp,5.0
Volkswagen Innova,2007,66000.0,130982.0,Petrol,Individual,Manual,First Owner,20.5 kmpl,2179 CC,143.8 bhp,4.0
Ford Swift,2019,192000.0,99619.0,Diesel,Individual,Manual,First Owner,15.6 kmpl,1197 CC,102.4 bhp,5.0
Hyundai Nexon,2006,26000.0,244330.0,Diesel,Individual,Manual,Second Owner,12.0 kmpl,1248 CC,86.4 bhp,5.0
Maruti Swift,2024,366000.0,38659.0,Petrol,Individual,Manual,Second Owner,21.2 kmpl,1968 CC,125.0 bhp,4.0
Skoda Polo,2014,194000.0,117489.0,Diesel,Individual,Automatic,Second Owner,14.5 kmpl,2179 CC,159.2 bhp,7.0
Audi Figo,2019,391000.0,98119.0,Petrol,Individual,Manual,First Owner,16.0 kmpl,796 CC,70.7 bhp,5.0
Mahindra Rapid,2013,126000.0,157068.0,Diesel,Individual,Manual,First Owner,20.5 kmpl,1582 CC,101.7 bhp,7.0
Hyundai XUV,2024,180000.0,29857.0,Petrol,Individual,Manual,Second Owner,25.3 kmpl,796 CC,46.5 bhp,5.0
Hyundai Rapid,2024,382000.0,30198.0,Petrol,Dealer,Manual,First Owner,25.3 kmpl,1582 CC,136.0 bhp,5.0
Tata XUV,2014,70000.0,83725.0,Petrol,Individual,Manual,First Owner,18.0 kmpl,1197 CC,103.7 bhp,5.0
Hyundai A4,2011,85000.0,92835.0,Diesel,Individual,Manual,Second Owner,22.2 kmpl,1197 CC,66.7 bhp,5.0
Hyundai Innova,2014,141000.0,101982.0,Diesel,Individual,Manual,Second Owner,11.0 kmpl,1498 CC,108.6 bhp,5.0
Tata Nexon,2010,54000.0,154744.0,Petrol,Individual,Manual,First Owner,21.7 kmpl,1498 CC,108.2 bhp,5.0
Ford XUV,2010,67000.0,160550.0,Petrol,Dealer,Manual,Third Owner,19.5 kmpl,2179 CC,177.7 bhp,5.0
Tata Swift,2014,98000.0,176501.0,Diesel,Individual,Manual,First Owner,16.8 kmpl,1498 CC,90.3 bhp,5.0
Toyota Nexon,2006,82000.0,177178.0,Petrol,Individual,Automatic,First Owner,13.9 kmpl,1968 CC,173.6 bhp,4.0
Honda Nexon,2018,251000.0,69865.0,Diesel,Individual,Manual,First Owner,12.2 kmpl,1197 CC,68.9 bhp,5.0
Volkswagen i20,2017,148000.0,84733.0,Diesel,Individual,Manual,Second Owner,20.0 kmpl,1248 CC,84.7 bhp,5.0
Maruti 320d,2016,84000.0,101851.0,Diesel,Dealer,Manual,Second Owner,13.8 kmpl,998 CC,,4.0
Honda Swift,2011,79000.0,218335.0, petrol ,Dealer,Manual,First Owner,13.3 kmpl,1582 CC,89.3 bhp,5.0
Maruti Rapid,2012,72000.0,180375.0,Diesel,Individual,Manual,First Owner,14.1 kmpl,1498 CC,84.3 bhp,5.0
Toyota Innova,2017,178000.0,81795.0,Diesel,Individual,Automatic,Second Owner,24.8 kmpl,796 CC,59.0 bhp,5.0
Hyundai Polo,2005,26000.0,269165.0,Diesel,Individual,Automatic,First Owner,15.2 kmpl,1197 CC,79.6 bhp,
Audi Polo,2011,241000.0,196482.0,Petrol,Individual,Automatic,Second Owner,18.6 kmpl,1968 CC,152.6 bhp,5.0
Skoda Nexon,2021,386000.0,50703.0,Diesel,Dealer,Automatic,Second Owner,21.4 kmpl,1248 CC,83.7 bhp,7.0
Honda Figo,2023,402000.0,51434.0,Petrol,Individual,Automatic,First Owner,11.5 kmpl,1582 CC,88.6 bhp,5.0
Maruti Figo,2005,39000.0,263533.0,Diesel,Dealer,Automatic,First Owner,24.6 kmpl,2179 CC,193.7 bhp,5.0
Ford A4,2020,280000.0,70916.0,Diesel,Individual,Manual,First Owner,15.7 kmpl,1582 CC,121.2 bhp,7.0
Honda i20,2006,25000.0,283130.0,Diesel,Individual,Manual,Second Owner,15.9 kmpl,,,5.0
Hyundai XUV,2009,47000.0,141438.0,Diesel,Individual,Manual,Second Owner,24.5 kmpl,1197 CC,73.2 bhp,4.0
Tata Rapid,2021,238000.0,50575.0,Diesel,Dealer,Manual,Second Owner,22.8 kmpl,2179 CC,190.6 bhp,5.0
Honda 320d,2011,67000.0,227999.0,Petrol,Individual,Manual,Fourth & Above Owner,11.3 kmpl,1968 CC,122.3 bhp,5.0
Volkswagen Nexon,2007,28000.0,250059.0,Diesel,Individual,Manual,First Owner,10.9 kmpl,,45.2 bhp,5.0
Maruti i20,2010,34000.0,169983.0,Petrol,Dealer,Automatic,Second Owner,13.7 kmpl,998 CC,66.8 bhp,5.0
Mahindra A4,2023,368000.0,34437.0,Diesel,Individual,Manual,Second Owner,12.1 kmpl,1248 CC,89.3 bhp,5.0
Hyundai 320d,2020,205000.0,72699.0,Petrol,Individual,Manual,Second Owner,12.5 kmpl,1248 CC,,5.0
Maruti Innova,2022,222000.0,38051.0,Petrol,Individual,Manual,First Owner,24.2 kmpl,1248 CC,89.6 bhp,5.0
Skoda XUV,2007,44000.0,245191.0,Petrol,Dealer,Manual,First Owner,14.0 kmpl,1582 CC,128.8 bhp,5.0
Skoda Rapid,2008,53000.0,192406.0,Petrol,Dealer,Manual,First Owner,17.6 kmpl,1498 CC,91.4 bhp,5.0
Skoda 320d,2024,444000.0,25174.0,Diesel,Individual,Manual,First Owner,21.2 kmpl,796 CC,44.5 bhp,5.0
Tata Figo,2015,89000.0,164955.0,Diesel,Dealer,Automatic,First Owner,18.1 kmpl,1197 CC,72.6 bhp,5.0
Maruti Rapid,2023,352000.0,50957.0,Petrol,Individual,Manual,First Owner,13.6 kmpl,1582 CC,115.9 bhp,5.0
Honda XUV,2023,287000.0,58013.0,Diesel,Individual,Manual,First Owner,14.3 kmpl,796 CC,61.8 bhp,5.0
Maruti Polo,2014,109000.0,105347.0,Diesel,Individual,Manual,First Owner,22.0 kmpl,1582 CC,100.7 bhp,5.0
Volkswagen i20,2017,172000.0,116296.0,Diesel,Individual,Automatic,First Owner,21.6 kmpl,1498 CC,88.2 bhp,5.0
Tata 320d,2005,28000.0,313872.0,Petrol,Individual,Automatic,Second Owner,16.6 kmpl,1968 CC,126.0 bhp,5.0
Hyundai Figo,2012,66000.0,103578.0,LPG,Dealer,Manual,First Owner,12.3 kmpl,796 CC,57.7 bhp,5.0
Skoda XUV,2022,294000.0,67729.0,Diesel,Individual,Manual,First Owner,21.1 kmpl,998 CC,59.8 bhp,5.0
Hyundai Figo,2017,123000.0,91749.0,Diesel,Individual,Manual,First Owner,24.5 kmpl,796 CC,46.7 bhp,5.0
Volkswagen Rapid,2004,25000.0,263825.0,Diesel,Individual,Automatic,First Owner,18.7 kmpl,998 CC,80.4 bhp,5.0
Hyundai Nexon,2015,103000.0,142011.0,Petrol,Dealer,Manual,First Owner,,1582 CC,112.7 bhp,5.0
Mahindra XUV,2020,159000.0,37244.0,Petrol,Individual,Manual,Second Owner,12.2 kmpl,998 CC,89.8 bhp,4.0
Maruti Innova,2014,94000.0,164364.0,Diesel,Individual,Manual,Second Owner,14.6 kmpl,1498 CC,129.9 bhp,7.0
Maruti Rapid,2011,74000.0,129509.0,Diesel,Individual,Manual,First Owner,22.0 kmpl,1248 CC,103.1 bhp,7.0
Volkswagen A4,2011,51000.0,147445.0,Petrol,Individual,Manual,First Owner,11.3 kmpl,1197 CC,103.6 bhp,5.0
Toyota Swift,2007,57000.0,299799.0,Diesel,Individual,Manual,First Owner,15.0 kmpl,1498 CC,114.1 bhp,5.0
Ford A4,2025,424000.0,9814.0,CNG,Individual,Manual,Second Owner,13.3 kmpl,1968 CC,169.8 bhp,5.0
Tata A4,2015,140000.0,144456.0,Diesel,Individual,Manual,First Owner,20.6 kmpl,2179 CC,190.0 bhp,5.0
Ford Swift,2012,87000.0,90241.0,Diesel,Individual,Manual,First Owner,21.2 kmpl,1197 CC,66.6 bhp,5.0
Ford 320d,2008,55000.0,255440.0,Diesel,Individual,Automatic,First Owner,19.0 kmpl,1582 CC,114.8 bhp,7.0
Honda Rapid,2018,287000.0,52005.0,Petrol,Dealer,Manual,First Owner,20.5 kmpl,2179 CC,175.3 bhp,5.0
Toyota Swift,2007,47000.0,136848.0,Diesel,Individual,Manual,First Owner,12.5 kmpl,998 CC,55.3 bhp,7.0
Ford Rapid,2011,54000.0,223173.0,Petrol,Dealer,Manual,First Owner,16.2 kmpl,1248 CC,100.0 bhp,5.0
Toyota Swift,2013,146000.0,128023.0,Diesel,Individual,Manual,Second Owner,13.9 kmpl,1582 CC,119.0 bhp,5.0
Ford A4,2014,66000.0,158710.0,Diesel,Individual,Manual,First Owner,17.0 kmpl,796 CC,53.2 bhp,5.0
Maruti City,2021,169000.0,80414.0,Diesel,Trustmark Dealer,Manual,Third Owner,26.0 kmpl,1248 CC,91.8 bhp,5.0
Ford Figo,2009,39000.0,183043.0,Petrol,Dealer,Manual,First Owner,20.0 kmpl,998 CC,59.1 bhp,4.0
Maruti i20,2004,16000.0,303873.0,Petrol,Individual,Automatic,First Owner,13.2 kmpl,998 CC,63.9 bhp,5.0
Volkswagen Innova,2016,154000.0,57805.0,Diesel,Individual,Manual,First Owner,22.9 kmpl,998 CC,87.7 bhp,5.0
Toyota XUV,2009,76000.0,149013.0,Diesel,Individual,Manual,First Owner,17.1 kmpl,1248 CC,70.8 bhp,5.0
Audi Figo,2004,109000.0,158246.0,Petrol,Dealer,Automatic,Second Owner,11.1 kmpl,1498 CC,134.1 bhp,5.0
Mahindra Polo,2011,73000.0,171775.0,Diesel,Individual,Manual,First Owner,24.1 kmpl,998 CC,,7.0
Toyota Innova,2019,425000.0,92577.0,Diesel,Individual,Manual,First Owner,25.1 kmpl,2179 CC,138.0 bhp,7.0
Hyundai Polo,2025,687000.0,16750.0,Petrol,Individual,Manual,First Owner,22.7 kmpl,1582 CC,94.2 bhp,7.0
Honda Nexon,2018,205000.0,130088.0,Petrol,Individual,Automatic,First Owner,21.0 kmpl,998 CC,82.7 bhp,5.0
Hyundai Rapid,2016,90000.0,153209.0,Diesel,Individual,Manual,First Owner,13.9 kmpl,796 CC,45.4 bhp,7.0
Ford Swift,2006,28000.0,260008.0,Petrol,Individual,Manual,First Owner,16.1 kmpl,1582 CC,99.6 bhp,5.0
Toyota City,2012,143000.0,109367.0,Petrol,Individual,Automatic,First Owner,19.9 kmpl,1197 CC,90.8 bhp,4.0
Honda Figo,2011,85000.0,165748.0,Diesel,Individual,Manual,First Owner,22.9 kmpl,998 CC,55.7 bhp,5.0
BMW XUV,2008,138000.0,242387.0,Diesel,Individual,Manual,First Owner,22.6 kmpl,1582 CC,127.9 bhp,5.0
Volkswagen i20,2006,20000.0,241593.0,Petrol,Individual,Manual,Second Owner,19.5 kmpl,998 CC,77.8 bhp,7.0
Hyundai Nexon,2025,350000.0,11449.0,Petrol,Individual,Manual,First Owner,25.8 kmpl,1248 CC,91.8 bhp,5.0
Tata Figo,2011,100000.0,151455.0,Diesel,Individual,Manual,First Owner,14.2 kmpl,2179 CC,148.1 bhp,5.0
BMW i20,2020,537000.0,98270.0,Petrol,Individual,Manual,Second Owner,24.4 kmpl,1498 CC,91.4 bhp,5.0
Volkswagen Swift,2014,63000.0,130518.0,Petrol,Individual,Manual,First Owner,19.6 kmpl,796 CC,55.9 bhp,7.0
Honda i20,2006,35000.0,139445.0,Diesel,Individual,Automatic,Second Owner,24.0 kmpl,796 CC,49.4 bhp,5.0
Honda Rapid,2010,58000.0,163628.0,Diesel,Dealer,Manual,First Owner,11.4 kmpl,796 CC,65.0 bhp,7.0
Maruti A4,2016,135000.0,148849.0,CNG,Individual,Manual,First Owner,23.6 kmpl,2179 CC,178.6 bhp,5.0
Maruti Innova,2012,57000.0,173695.0,Diesel,Individual,Manual,First Owner,15.1 kmpl,796 CC,59.6 bhp,7.0
Volkswagen Polo,2008,31000.0,273036.0,Petrol,Individual,Manual,First Owner,19.8 kmpl,1197 CC,67.8 bhp,5.0
Ford Innova,2025,496000.0,25416.0,Diesel,Individual,Manual,First Owner,22.9 kmpl,1498 CC,121.1 bhp,7.0
Tata 320d,2014,78000.0,150145.0,Diesel,Dealer,Manual,First Owner,18.5 kmpl,998 CC,83.2 bhp,7.0
Ford 320d,2005,21000.0,180622.0,Petrol,Individual,Manual,First Owner,12.6 kmpl,1197 CC,94.7 bhp,5.0
Mahindra Polo,2006,36000.0,189210.0,Diesel,Individual,Manual,Second Owner,18.9 kmpl,1248 CC,84.4 bhp,5.0
Mahindra Polo,2004,31000.0,170549.0,Petrol,Individual,Manual,First Owner,21.4 kmpl,1248 CC,105.1 bhp,7.0
Mahindra i20,2024,359000.0,40491.0,Petrol,Dealer,Manual,First Owner,17.2 kmpl,998 CC,61.2 bhp,5.0
Tata i20,2018,171000.0,47509.0,Petrol,Individual,Automatic,First Owner,18.4 kmpl,796 CC,52.0 bhp,5.0
Tata Nexon,2024,483000.0,19823.0,Diesel,Dealer,Manual,Second Owner,17.1 kmpl,1968 CC,177.0 bhp,5.0
Honda XUV,2025,496000.0,27458.0,Petrol,Dealer,Manual,Second Owner,17.0 kmpl,1968 CC,137.1 bhp,5.0
Maruti Nexon,2005,25000.0,312604.0,Diesel,Individual,Manual,First Owner,19.5 kmpl,1498 CC,124.4 bhp,5.0
Toyota Nexon,2018,239000.0,115579.0,Diesel,Individual,Manual,First Owner,16.8 kmpl,998 CC,61.9 bhp,5.0
Volkswagen A4,2006,22000.0,276213.0,Diesel,Individual,Manual,First Owner,16.5 kmpl,998 CC,79.4 bhp,7.0
Maruti i20,2013,82000.0,81014.0,Diesel,Individual,Manual,First Owner,11.9 kmpl,1197 CC,88.4 bhp,5.0
Hyundai A4,2004,25000.0,249383.0,Petrol,Individual,Automatic,First Owner,23.8 kmpl,1248 CC,90.7 bhp,5.0
Honda Figo,2022,488000.0,58987.0,Diesel,Individual,Manual,First Owner,20.8 kmpl,1968 CC,144.8 bhp,5.0
Maruti Rapid,2004,8000.0,293344.0,Petrol,Individual,Manual,Second Owner,14.2 kmpl,796 CC,70.9 bhp,5.0
Skoda i20,2015,280000.0,118101.0,Petrol,Individual,Automatic,First Owner,17.1 kmpl,2179 CC,134.6 bhp,5.0
Volkswagen XUV,2022,265000.0,30434.0,Diesel,Individual,Manual,First Owner,17.6 kmpl,998 CC,57.4 bhp,5.0
Maruti City,2010,54000.0,110657.0,Petrol,Individual,Automatic,First Owner,19.2 kmpl,796 CC,52.5 bhp,
Volkswagen City,2007,38000.0,187506.0,Petrol,Dealer,Manual,First Owner,10.5 kmpl,998 CC,70.0 bhp,4.0
Skoda Figo,2021,389000.0,70322.0,Diesel,Individual,Automatic,First Owner,15.3 kmpl,1498 CC,115.9 bhp,5.0
Tata 320d,2004,19000.0,252545.0,Petrol,Individual,Manual,First Owner,14.4 kmpl,796 CC,70.4 bhp,5.0
Maruti Nexon,2012,69000.0,136707.0,Diesel,Individual,Manual,First Owner,13.2 kmpl,998 CC,58.6 bhp,5.0
Mahindra i20,2020,289000.0,43686.0,Petrol,Individual,Manual,First Owner,16.4 kmpl,1582 CC,126.7 bhp,7.0
Honda Innova,2017,228000.0,57844.0,Diesel,Dealer,Manual,First Owner,23.4 kmpl,1197 CC,98.7 bhp,5.0
Mahindra i20,2014,107000.0,163973.0,Petrol,Individual,Manual,First Owner,25.2 kmpl,1498 CC,87.4 bhp,7.0
Ford Rapid,2017,89000.0,95880.0,Petrol,Individual,Manual,Third Owner,10.1 kmpl,998 CC,55.4 bhp,5.0
Hyundai Polo,2004,20000.0,184119.0,Petrol,Individual,Manual,First Owner,13.0 kmpl,998 CC,75.1 bhp,7.0
Hyundai A4,2016,139000.0,149242.0,Petrol,Individual,Automatic,First Owner,15.8 kmpl,1498 CC,134.7 bhp,5.0
Volkswagen Figo,2014,72000.0,180177.0,Diesel,Individual,Manual,Second Owner,10.1 kmpl,998 CC,66.7 bhp,7.0
Hyundai Nexon,2004,20000.0,254240.0,Diesel,Individual,Manual,First Owner,15.7 kmpl,796 CC,67.2 bhp,5.0
Honda Rapid,2014,106000.0,181576.0,Petrol,Individual,Automatic,Second Owner,18.4 kmpl,1582 CC,118.1 bhp,5.0
Hyundai 320d,2019,132000.0,84880.0,Diesel,Dealer,Manual,Second Owner,16.6 kmpl,998 CC,55.0 bhp,4.0
Hyundai Swift,2025,398000.0,11246.0,Petrol,Individual,Manual,Second Owner,19.5 kmpl,1498 CC,108.0 bhp,5.0
Honda Innova,2022,523000.0,58772.0,Petrol,Individual,Manual,First Owner,24.2 kmpl,2179 CC,174.9 bhp,5.0
BMW Polo,2022,939000.0,62579.0,Diesel,Individual,Automatic,Second Owner,23.1 kmpl,1197 CC,75.2 bhp,5.0
Maruti Polo,2024,444000.0,25530.0,Diesel,Individual,Manual,First Owner,,2179 CC,191.0 bhp,7.0
Mahindra Nexon,2015,154000.0,106752.0,Petrol,Individual,Manual,Third Owner,18.4 kmpl,1582 CC,91.4 bhp,5.0
Honda Innova,2021,233000.0,52343.0,LPG,Individual,Manual,Third Owner,20.6 kmpl,1582 CC,125.2 bhp,5.0
Hyundai Innova,2022,308000.0,65272.0,Diesel,Individual,Manual,Second Owner,17.9 kmpl,1968 CC,141.8 bhp,5.0
Maruti 320d,2005,30000.0,111297.0,Petrol,Individual,Manual,Second Owner,18.1 kmpl,1498 CC,90.0 bhp,5.0
Audi A4,2009,212000.0,133017.0,Diesel,Dealer,Manual,First Owner,,1582 CC,109.9 bhp,7.0
Maruti A4,2022,338000.0,34135.0,Diesel,Dealer,Manual,First Owner,13.3 kmpl,1582 CC,,5.0
Maruti Nexon,2016,92000.0,132377.0,LPG,Individual,Manual,First Owner,13.2 kmpl,998 CC,58.6 bhp,5.0
Honda Swift,2006,84000.0,156543.0,Diesel,Individual,Automatic,First Owner,10.6 kmpl,2179 CC,153.3 bhp,5.0
Maruti 320d,2010,59000.0,188275.0,Diesel,Individual,Manual,First Owner,21.9 kmpl,1582 CC,116.9 bhp,5.0
Toyota City,2025,482000.0,11529.0,Diesel,Individual,Manual,Second Owner,21.3 kmpl,796 CC,66.8 bhp,5.0
Skoda City,2023,377000.0,58827.0,Petrol,Individual,Manual,Second Owner,20.7 kmpl,1582 CC,105.4 bhp,4.0
Maruti Nexon,2024,305000.0,29243.0,Petrol,Individual,Automatic,First Owner,12.8 kmpl,998 CC,58.4 bhp,7.0
Honda 320d,2023,346000.0,23215.0,Diesel,Dealer,Manual,Second Owner,22.2 kmpl,1248 CC,80.3 bhp,5.0
Toyota Swift,2004,32000.0,264604.0,Petrol,Individual,Manual,First Owner,11.1 kmpl,1582 CC,117.0 bhp,5.0
Toyota 320d,2004,47000.0,146736.0,Diesel,Individual,Manual,Fourth & Above Owner,21.3 kmpl,1498 CC,113.7 bhp,5.0
Honda Figo,2018,187000.0,131352.0,Diesel,Dealer,Manual,Second Owner,11.8 kmpl,1582 CC,108.7 bhp,5.0
Maruti Nexon,2004,16000.0,327762.0,Petrol,Individual,Automatic,First Owner,16.1 kmpl,1197 CC,69.0 bhp,5.0
Mahindra City,2005,39000.0,220949.0,Diesel,Individual,Manual,First Owner,19.9 kmpl,1498 CC,90.6 bhp,5.0
BMW Swift,2010,176000.0,231885.0,Diesel,Individual,Manual,First Owner,24.0 kmpl,1197 CC,97.2 bhp,5.0
Tata A4,2012,66000.0,222757.0,Diesel,Individual,Manual,First Owner,13.7 kmpl,1498 CC,129.6 bhp,5.0
Volkswagen i20,2018,287000.0,73484.0,Diesel,Individual,Automatic,Second Owner,24.0 kmpl,2179 CC,,7.0
Tata XUV,2016,110000.0,144683.0,Petrol,Dealer,Manual,First Owner,24.4 kmpl,1248 CC,,5.0
Ford Rapid,2017,197000.0,47848.0,Diesel,Dealer,Manual,Fourth & Above Owner,16.2 kmpl,1968 CC,172.1 bhp,5.0
Tata Swift,2021,333000.0,35656.0,Diesel,Individual,Manual,First Owner,,1968 CC,160.6 bhp,5.0
Volkswagen Innova,2008,41000.0,210433.0,CNG,Individual,Manual,First Owner,16.2 kmpl,1197 CC,68.4 bhp,5.0
Ford i20,2013,119000.0,73505.0,Diesel,Individual,Manual,Second Owner,20.2 kmpl,1498 CC,126.6 bhp,5.0
BMW Innova,2018,440000.0,64278.0,Petrol,Trustmark Dealer,Manual,First Owner,15.5 kmpl,998 CC,79.3 bhp,5.0
Honda Swift,2024,239000.0,47353.0,Petrol,Individual,Manual,Fourth & Above Owner,13.3 kmpl,796 CC,65.2 bhp,5.0
Maruti 320d,2006,22000.0,293826.0,Petrol,Individual,Manual,First Owner,18.4 kmpl,1582 CC,112.1 bhp,5.0
Ford Nexon,2021,215000.0,,Petrol,Individual,Manual,First Owner,17.3 kmpl,1582 CC,123.3 bhp,5.0
Maruti Figo,2012,70000.0,106304.0,Petrol,Individual,Manual,First Owner,21.3 kmpl,1197 CC,90.1 bhp,7.0
Toyota City,2024,315000.0,29875.0,Diesel,Individual,Manual,Third Owner,14.1 kmpl,796 CC,44.5 bhp,5.0
Maruti Nexon,2024,177000.0,15813.0,Petrol,Individual,Manual,Second Owner,13.2 kmpl,796 CC,53.4 bhp,5.0
Volkswagen Nexon,2019,191000.0,110292.0,Diesel,Individual,Automatic,Second Owner,23.3 kmpl,,65.1 bhp,5.0
Maruti Swift,2025,343000.0,28899.0,Petrol,Individual,Automatic,Second Owner,24.1 kmpl,1582 CC,130.8 bhp,5.0
Mahindra i20,2016,129000.0,122283.0,CNG,Individual,Manual,First Owner,16.1 kmpl,998 CC,68.8 bhp,5.0
Maruti Figo,2018,130000.0,47129.0,Petrol,Individual,Manual,First Owner,14.4 kmpl,1197 CC,106.3 bhp,5.0
Tata Swift,2012,47000.0,192654.0,Petrol,Individual,Manual,First Owner,20.8 kmpl,998 CC,59.8 bhp,5.0
Hyundai City,2006,33000.0,280353.0,Petrol,Dealer,Manual,Third Owner,13.4 kmpl,,151.6 bhp,5.0
Ford Rapid,2009,76000.0,,Diesel,Individual,Manual,First Owner,14.6 kmpl,2179 CC,167.1 bhp,5.0
Volkswagen XUV,2014,94000.0,75731.0,Petrol,Dealer,Manual,First Owner,21.9 kmpl,998 CC,65.8 bhp,5.0
Honda Rapid,2021,163000.0,89346.0,Petrol,Individual,Manual,First Owner,16.1 kmpl,796 CC,51.9 bhp,5.0
Hyundai A4,2004,23000.0,128386.0,LPG,Individual,Manual,Third Owner,25.7 kmpl,1197 CC,102.9 bhp,5.0
Hyundai i20,2004,35000.0,249652.0,Diesel,Individual,Manual,First Owner,23.7 kmpl,1968 CC,170.9 bhp,5.0
Hyundai i20,2016,65000.0,101039.0,Petrol,Individual,Manual,Second Owner,21.4 kmpl,796 CC,45.1 bhp,5.0
Honda Polo,2011,60000.0,204803.0,Diesel,Trustmark Dealer,Manual,First Owner,19.6 kmpl,,71.3 bhp,5.0
Ford i20,2018,184000.0,82648.0,Petrol,Individual,Manual,First Owner,25.7 kmpl,1582 CC,88.8 bhp,
Honda Nexon,2009,63000.0,179780.0,Diesel,Individual,Manual,First Owner,25.9 kmpl,1248 CC,101.8 bhp,4.0
Tata Polo,2009,32000.0,127072.0,Petrol,Trustmark Dealer,Manual,Second Owner,15.7 kmpl,1248 CC,90.9 bhp,7.0
Hyundai Rapid,2018,199000.0,92311.0,Petrol,Dealer,Manual,First Owner,21.7 kmpl,2179 CC,185.9 bhp,5.0
Tata Rapid,2019,207000.0,81424.0,Petrol,Individual,Manual,First Owner,20.2 kmpl,2179 CC,124.0 bhp,5.0
Toyota XUV,2007,48000.0,173500.0,Petrol,Individual,Manual,First Owner,23.3 kmpl,1248 CC,80.9 bhp,5.0
Ford Innova,2012,94000.0,224902.0,CNG,Individual,Automatic,First Owner,24.1 kmpl,1968 CC,135.2 bhp,5.0
Hyundai City,2007,21000.0,191789.0,CNG,Dealer,Manual,Second Owner,17.5 kmpl,796 CC,52.3 bhp,5.0
Maruti XUV,2007,43000.0,233656.0,Petrol,Dealer,Manual,First Owner,21.5 kmpl,2179 CC,184.2 bhp,5.0
Hyundai Swift,2023,348000.0,29496.0,Diesel,Individual,Manual,Second Owner,20.6 kmpl,1248 CC,74.7 bhp,5.0
Volkswagen i20,2010,50000.0,170003.0,Petrol,Individual,Manual,Second Owner,14.0 kmpl,1498 CC,94.4 bhp,4.0
Maruti A4,2013,100000.0,139170.0,Diesel,Individual,Manual,First Owner,23.0 kmpl,,78.8 bhp,5.0
Volkswagen A4,2007,45000.0,128533.0,Petrol,Dealer,Automatic,Second Owner,19.9 kmpl,998 CC,76.9 bhp,5.0
Honda Swift,2017,253000.0,74454.0,Diesel,Individual,Automatic,First Owner,14.0 kmpl,1197 CC,76.4 bhp,5.0
Mahindra XUV,2021,346000.0,58378.0,LPG,Individual,Manual,First Owner,22.5 kmpl,1498 CC,133.6 bhp,5.0
Tata XUV,2009,65000.0,116994.0,Petrol,Dealer,Manual,First Owner,,1968 CC,130.8 bhp,4.0
Ford A4,2025,219000.0,32005.0,Petrol,Individual,Manual,Second Owner,23.5 kmpl,796 CC,56.2 bhp,
Honda City,2010,57000.0,177634.0,CNG,Individual,Manual,First Owner,18.6 kmpl,1248 CC,105.4 bhp,5.0
Toyota 320d,2007,54000.0,263190.0,Petrol,Individual,Manual,First Owner,23.7 kmpl,1248 CC,73.2 bhp,5.0
Ford City,2017,175000.0,104053.0,Petrol,Individual,Manual,First Owner,10.9 kmpl,1582 CC,126.1 bhp,5.0
Skoda i20,2024,359000.0,41221.0,Diesel,Individual,Manual,First Owner,19.6 kmpl,796 CC,63.0 bhp,7.0
Hyundai Innova,2022,326000.0,,Diesel,Individual,Manual,Second Owner,17.8 kmpl,1498 CC,92.5 bhp,5.0
Ford i20,2021,236000.0,78920.0,Petrol,Individual,Manual,First Owner,13.7 kmpl,1197 CC,84.5 bhp,5.0
Volkswagen Polo,2014,162000.0,88941.0,Diesel,Individual,Automatic,First Owner,16.3 kmpl,1197 CC,77.8 bhp,5.0
Maruti Swift,2013,89000.0,,CNG,Individual,Manual,First Owner,15.3 kmpl,1582 CC,89.0 bhp,5.0
Volkswagen Swift,2015,122000.0,162736.0,Petrol,Individual,Automatic,First Owner,25.0 kmpl,1498 CC,115.0 bhp,5.0
Toyota Nexon,2014,189000.0,71286.0,Diesel,Individual,Manual,First Owner,,998 CC,79.6 bhp,5.0
Maruti Innova,2019,195000.0,109809.0,Diesel,Individual,Manual,First Owner,25.3 kmpl,1498 CC,131.6 bhp,5.0
Volkswagen A4,2007,64000.0,105319.0,Petrol,Individual,Manual,Second Owner,20.6 kmpl,2179 CC,122.0 bhp,5.0
Honda Polo,2023,598000.0,49491.0,Diesel,Individual,Manual,First Owner,12.0 kmpl,2179 CC,170.1 bhp,5.0
Tata A4,2012,152000.0,144721.0,Diesel,Individual,Automatic,First Owner,25.5 kmpl,1968 CC,121.8 bhp,5.0
Maruti Polo,2021,230000.0,73482.0,Diesel,Individual,Manual,First Owner,17.6 kmpl,1248 CC,102.8 bhp,5.0
Volkswagen XUV,2010,45000.0,218620.0,Petrol,Individual,Manual,First Owner,21.6 kmpl,1248 CC,100.9 bhp,5.0
Tata Rapid,2007,39000.0,257343.0,Diesel,Dealer,Manual,First Owner,20.1 kmpl,1498 CC,134.8 bhp,7.0
Mahindra A4,2009,40000.0,182672.0,Diesel,Dealer,Manual,First Owner,,796 CC,52.3 bhp,5.0
Hyundai Figo,2016,146000.0,,Petrol,Dealer,Manual,First Owner,20.6 kmpl,1498 CC,126.7 bhp,5.0
Mahindra 320d,2008,30000.0,196042.0,Diesel,Individual,Manual,Second Owner,15.9 kmpl,998 CC,87.1 bhp,5.0
Mahindra Rapid,2018,173000.0,121954.0,Diesel,Individual,Manual,First Owner,15.9 kmpl,998 CC,87.6 bhp,5.0
Audi XUV,2006,79000.0,284450.0,Petrol,Individual,Automatic,First Owner,13.9 kmpl,796 CC,46.8 bhp,5.0
Maruti City,2021,381000.0,55635.0,Diesel,Individual,Automatic,First Owner,25.7 kmpl,1197 CC,73.3 bhp,7.0
Tata XUV,2020,320000.0,68154.0,Diesel,Individual,Manual,First Owner,10.8 kmpl,1968 CC,159.0 bhp,5.0
Tata i20,2014,125000.0,76519.0,Petrol,Dealer,Manual,First Owner,16.0 kmpl,1968 CC,148.2 bhp,5.0
Maruti Polo,2025,327000.0,17906.0,Diesel,Dealer,Manual,First Owner,23.5 kmpl,1248 CC,101.1 bhp,5.0
Toyota Nexon,2015,163000.0,98074.0,Petrol,Individual,Manual,Third Owner,17.7 kmpl,1498 CC,113.5 bhp,5.0
Maruti Swift,2004,21000.0,341859.0,Diesel,Individual,Manual,Third Owner,20.4 kmpl,1968 CC,126.9 bhp,5.0
Audi Rapid,2005,86000.0,305073.0,Diesel,Individual,Manual,First Owner,23.6 kmpl,1498 CC,96.4 bhp,7.0
Ford City,2023,462000.0,22618.0,Diesel,Individual,Manual,First Owner,21.2 kmpl,1582 CC,119.5 bhp,7.0
Mahindra Rapid,2023,438000.0,25333.0,Petrol,Trustmark Dealer,Manual,First Owner,13.7 kmpl,1582 CC,96.6 bhp,7.0
Honda 320d,2015,121000.0,67911.0,Petrol,Individual,Manual,Fourth & Above Owner,23.5 kmpl,1498 CC,107.7 bhp,5.0
Tata City,2008,58000.0,123914.0,Diesel,Dealer,Manual,First Owner,12.5 kmpl,1248 CC,100.1 bhp,5.0
Hyundai Nexon,2023,292000.0,59916.0,Petrol,Individual,Manual,First Owner,24.9 kmpl,1197 CC,,5.0
Hyundai Figo,2024,266000.0,,Petrol,Individual,Manual,Third Owner,14.7 kmpl,1498 CC,86.3 bhp,5.0
BMW Polo,2004,74000.0,222601.0,Petrol,Individual,Manual,First Owner,14.7 kmpl,1197 CC,85.9 bhp,5.0
Toyota i20,2004,36000.0,314744.0,Petrol,Individual,Automatic,Second Owner,12.3 kmpl,2179 CC,186.7 bhp,
Maruti A4,2020,169000.0,70423.0,Petrol,Trustmark Dealer,Manual,Second Owner,15.5 kmpl,1968 CC,119.5 bhp,5.0
Volkswagen A4,2020,218000.0,64656.0,Diesel,Individual,Automatic,Fourth & Above Owner,17.2 kmpl,1248 CC,99.3 bhp,
Ford Swift,2017,78000.0,98259.0,Petrol,Individual,Manual,Third Owner,19.5 kmpl,796 CC,61.0 bhp,7.0
Tata A4,2022,311000.0,30289.0,Petrol,Individual,Manual,First Owner,11.9 kmpl,1582 CC,,7.0
Honda Nexon,2007,36000.0,274109.0,Diesel,Individual,Manual,Second Owner,11.8 kmpl,1498 CC,,5.0
Ford Rapid,2024,432000.0,28577.0,Petrol,Individual,Manual,First Owner,16.1 kmpl,1498 CC,110.9 bhp,4.0
Tata A4,2008,40000.0,121984.0,Petrol,Trustmark Dealer,Manual,First Owner,22.3 kmpl,1248 CC,82.6 bhp,4.0
Skoda XUV,2025,663000.0,17892.0,Diesel,Individual,Manual,First Owner,12.5 kmpl,1582 CC,141.2 bhp,5.0
Ford 320d,2014,98000.0,131646.0,Petrol,Individual,Manual,Second Owner,25.7 kmpl,1582 CC,114.0 bhp,5.0
Maruti Figo,2009,73000.0,184807.0,Diesel,Individual,Manual,First Owner,13.4 kmpl,1968 CC,120.8 bhp,5.0
Maruti Figo,2019,183000.0,73099.0,Petrol,Individual,Automatic,First Owner,,1197 CC,82.0 bhp,5.0
Honda Polo,2010,82000.0,94439.0,Petrol,Individual,Manual,First Owner,25.3 kmpl,1498 CC,121.6 bhp,5.0
Maruti Polo,2023,234000.0,30036.0,Petrol,Dealer,Manual,Second Owner,16.9 kmpl,1248 CC,83.7 bhp,5.0
Maruti Swift,2007,49000.0,131749.0,Diesel,Individual,Manual,First Owner,12.5 kmpl,2179 CC,158.1 bhp,5.0
Toyota Rapid,2006,58000.0,157917.0,Petrol,Dealer,Manual,First Owner,25.3 kmpl,1968 CC,136.5 bhp,5.0
Mahindra City,2010,117000.0,130487.0,Diesel,Individual,Automatic,Second Owner,18.5 kmpl,1968 CC,117.2 bhp,7.0
Maruti 320d,2007,29000.0,194543.0,Petrol,Individual,Automatic,First Owner,15.7 kmpl,796 CC,64.9 bhp,7.0
Mahindra Polo,2023,400000.0,49344.0,Petrol,Dealer,Automatic,First Owner,23.9 kmpl,998 CC,85.8 bhp,5.0
Ford XUV,2007,50000.0,118057.0,Petrol,Individual,Automatic,First Owner,15.9 kmpl,1197 CC,104.4 bhp,5.0
Tata City,2024,334000.0,20755.0,Diesel,Individual,Manual,First Owner,11.9 kmpl,1197 CC,95.4 bhp,5.0
Hyundai Swift,2012,47000.0,223837.0,Petrol,Individual,Manual,Second Owner,25.4 kmpl,1248 CC,98.7 bhp,5.0
Maruti Swift,2020,121000.0,56001.0,Petrol,Individual,Manual,First Owner,15.9 kmpl,796 CC,58.3 bhp,5.0
Toyota 320d,2004,29000.0,325205.0,Petrol,Individual,Automatic,Third Owner,13.7 kmpl,1498 CC,126.1 bhp,4.0
Maruti XUV,2021,238000.0,31044.0,Diesel,Individual,Manual,First Owner,22.7 kmpl,1498 CC,114.2 bhp,5.0
Hyundai XUV,2021,165000.0,65199.0,Petrol,Individual,Manual,First Owner,22.8 kmpl,796 CC,64.9 bhp,7.0
Honda A4,2006,30000.0,284136.0,Petrol,Individual,Manual,First Owner,19.4 kmpl,1582 CC,124.8 bhp,7.0
Maruti Nexon,2022,320000.0,47056.0,Diesel,Dealer,Automatic,First Owner,15.5 kmpl,1582 CC,89.8 bhp,5.0
Hyundai XUV,2024,623000.0,25546.0,Petrol,Dealer,Manual,First Owner,13.6 kmpl,1968 CC,,5.0
Ford 320d,2010,52000.0,87234.0,Petrol,Individual,Manual,First Owner,15.2 kmpl,998 CC,76.0 bhp,5.0
Honda Figo,2008,25000.0,242275.0,Petrol,Individual,Manual,Second Owner,22.8 kmpl,998 CC,63.2 bhp,5.0
Maruti 320d,2013,82000.0,146740.0,LPG,Individual,Manual,First Owner,18.4 kmpl,1968 CC,175.8 bhp,7.0
Volkswagen Figo,2007,29000.0,251492.0,Petrol,Individual,Manual,Second Owner,20.0 kmpl,,111.3 bhp,5.0
Honda 320d,2021,386000.0,45707.0,Diesel,Individual,Manual,Third Owner,13.8 kmpl,1968 CC,127.9 bhp,5.0
Maruti Swift,2014,41000.0,171232.0,Petrol,Dealer,Manual,Second Owner,16.7 kmpl,796 CC,54.0 bhp,5.0
Toyota Swift,2018,252000.0,98349.0,Petrol,Individual,Manual,First Owner,19.8 kmpl,1582 CC,129.0 bhp,5.0
Tata i20,2004,31000.0,194980.0,LPG,Dealer,Manual,First Owner,20.6 kmpl,1968 CC,,7.0
Hyundai 320d,2013,60000.0,136434.0,Petrol,Dealer,Manual,First Owner,10.5 kmpl,998 CC,75.4 bhp,5.0
Honda XUV,2015,168000.0,73413.0,Diesel,Individual,Manual,Third Owner,19.3 kmpl,1968 CC,143.4 bhp,5.0
Hyundai Figo,2018,185000.0,107495.0,Petrol,Individual,Manual,Second Owner,23.3 kmpl,1498 CC,91.1 bhp,5.0
Tata Nexon,2019,170000.0,88723.0,Diesel,Individual,Manual,Second Owner,11.5 kmpl,1498 CC,,5.0
Volkswagen XUV,2008,52000.0,236635.0,Diesel,Individual,Manual,First Owner,15.0 kmpl,1582 CC,138.3 bhp,5.0
Maruti Swift,2015,159000.0,81912.0,Diesel,Individual,Manual,First Owner,20.5 kmpl,1968 CC,143.0 bhp,7.0
Skoda Innova,2025,456000.0,17034.0, petrol ,Individual,Manual,First Owner,16.8 kmpl,796 CC,51.2 bhp,5.0
BMW Swift,2008,128000.0,169860.0,Diesel,Individual,Manual,Second Owner,22.3 kmpl,1197 CC,68.2 bhp,5.0
BMW Nexon,2015,194000.0,114130.0,Petrol,Individual,Manual,Second Owner,10.4 kmpl,796 CC,,7.0
Mahindra 320d,2018,187000.0,97570.0,Diesel,Dealer,Manual,First Owner,17.7 kmpl,1498 CC,,5.0
BMW XUV,2013,469000.0,86307.0,Diesel,Dealer,Manual,First Owner,24.7 kmpl,1968 CC,135.9 bhp,5.0
Volkswagen City,2019,250000.0,76616.0,Petrol,Individual,Automatic,First Owner,14.4 kmpl,1968 CC,152.1 bhp,5.0
Volkswagen City,2009,39000.0,230030.0,Petrol,Trustmark Dealer,Manual,First Owner,23.4 kmpl,1197 CC,80.3 bhp,5.0
Volkswagen Rapid,2009,60000.0,212571.0,Petrol,Individual,Automatic,First Owner,13.0 kmpl,2179 CC,143.9 bhp,7.0
Honda i20,2011,71000.0,165174.0,Petrol,Dealer,Manual,First Owner,25.0 kmpl,1248 CC,75.9 bhp,7.0
Tata XUV,2012,63000.0,135781.0,Diesel,Individual,Manual,Second Owner,13.0 kmpl,1498 CC,93.4 bhp,5.0
Honda Innova,2008,53000.0,192396.0,CNG,Individual,Automatic,First Owner,17.9 kmpl,998 CC,89.3 bhp,5.0
Toyota City,2016,118000.0,143556.0, petrol ,Individual,Manual,Third Owner,25.2 kmpl,796 CC,45.2 bhp,5.0
Tata XUV,2013,108000.0,155732.0,Petrol,Individual,Manual,First Owner,22.0 kmpl,2179 CC,134.8 bhp,4.0
Toyota Swift,2011,60000.0,212328.0,Diesel,Individual,Automatic,Third Owner,12.3 kmpl,796 CC,66.7 bhp,5.0
Tata Swift,2016,169000.0,131643.0,Diesel,Individual,Automatic,First Owner,18.6 kmpl,1582 CC,90.2 bhp,7.0
Volkswagen Innova,2004,21000.0,124946.0,Diesel,Dealer,Manual,Second Owner,,796 CC,56.6 bhp,5.0
Tata Innova,2012,105000.0,188427.0,Diesel,Individual,Automatic,First Owner,11.2 kmpl,1968 CC,129.0 bhp,7.0
Volkswagen Innova,2005,65000.0,178717.0,Petrol,Individual,Automatic,First Owner,20.5 kmpl,2179 CC,129.5 bhp,7.0
Tata A4,2011,96000.0,80574.0,Petrol,Individual,Automatic,First Owner,23.3 kmpl,1582 CC,103.8 bhp,7.0
Maruti A4,2011,43000.0,234999.0,Diesel,Individual,Manual,First Owner,15.7 kmpl,1248 CC,102.4 bhp,5.0
Hyundai Polo,2021,279000.0,74856.0,Diesel,Individual,Manual,First Owner,21.8 kmpl,1498 CC,117.2 bhp,5.0
Hyundai Rapid,2024,446000.0,33601.0,Diesel,Individual,Manual,Second Owner,19.0 kmpl,1582 CC,139.8 bhp,5.0
Tata City,2025,267000.0,11734.0,Petrol,Dealer,Manual,Second Owner,21.3 kmpl,998 CC,77.2 bhp,5.0
Mahindra Figo,2005,54000.0,239725.0,Petrol,Individual,Manual,First Owner,13.8 kmpl,2179 CC,148.3 bhp,5.0
Skoda Polo,2024,416000.0,42516.0,Petrol,Individual,Manual,First Owner,13.1 kmpl,998 CC,74.7 bhp,5.0
Maruti Innova,2008,56000.0,148090.0,Diesel,Dealer,Manual,First Owner,19.3 kmpl,1968 CC,169.7 bhp,5.0
Mahindra i20,2006,43000.0,183775.0,Petrol,Individual,Manual,First Owner,19.2 kmpl,1248 CC,99.8 bhp,5.0
Ford i20,2019,305000.0,107502.0,Diesel,Individual,Automatic,First Owner,15.7 kmpl,1582 CC,94.1 bhp,7.0
Honda Rapid,2010,57000.0,242719.0,Petrol,Individual,Manual,First Owner,23.1 kmpl,1498 CC,99.0 bhp,5.0
Maruti 320d,2024,462000.0,42190.0,Petrol,Individual,Manual,First Owner,20.1 kmpl,1968 CC,171.7 bhp,5.0
Honda Polo,2020,173000.0,93298.0,Petrol,Individual,Manual,Second Owner,18.8 kmpl,1248 CC,94.5 bhp,7.0
Tata Nexon,2015,140000.0,109140.0,Petrol,Dealer,Automatic,First Owner,13.0 kmpl,,129.8 bhp,5.0
Ford 320d,2020,281000.0,65356.0,Petrol,Individual,Manual,First Owner,17.1 kmpl,,185.7 bhp,7.0
Ford Swift,2021,196000.0,80936.0,Petrol,Individual,Manual,First Owner,,998 CC,79.4 bhp,5.0
Honda Swift,2004,37000.0,323428.0,Diesel,Individual,Manual,First Owner,22.1 kmpl,1968 CC,118.8 bhp,5.0
Tata 320d,2007,52000.0,150541.0,Petrol,Individual,Manual,First Owner,,1968 CC,173.8 bhp,5.0
Hyundai i20,2004,34000.0,229532.0,Diesel,Dealer,Automatic,Second Owner,13.6 kmpl,1968 CC,169.5 bhp,5.0
Honda i20,2017,161000.0,90318.0,Diesel,Individual,Manual,First Owner,10.5 kmpl,796 CC,67.2 bhp,5.0
Maruti Nexon,2020,230000.0,83837.0,Petrol,Individual,Automatic,Third Owner,23.4 kmpl,2179 CC,174.7 bhp,7.0
Maruti Nexon,2005,52000.0,168211.0,Petrol,Individual,Manual,First Owner,12.2 kmpl,,185.7 bhp,5.0
Hyundai A4,2022,374000.0,41468.0,Petrol,Individual,Automatic,First Owner,15.2 kmpl,1498 CC,84.0 bhp,5.0
Toyota Nexon,2015,144000.0,161467.0,Petrol,Individual,Manual,First Owner,12.3 kmpl,1197 CC,66.0 bhp,5.0
Hyundai i20,2021,346000.0,74067.0,Petrol,Individual,Manual,First Owner,23.6 kmpl,1968 CC,120.7 bhp,5.0
Tata Innova,2019,274000.0,74658.0,Diesel,Individual,Automatic,First Owner,10.9 kmpl,1582 CC,94.0 bhp,7.0
Maruti XUV,2004,23000.0,191014.0,Diesel,Dealer,Manual,First Owner,14.6 kmpl,998 CC,88.0 bhp,5.0
Honda Figo,2015,137000.0,168488.0,Petrol,Individual,Manual,First Owner,18.6 kmpl,1582 CC,,7.0
Audi A4,2021,1334000.0,47489.0,Petrol,Dealer,Manual,First Owner,,2179 CC,193.9 bhp,5.0
Hyundai XUV,2025,513000.0,18143.0,Petrol,Dealer,Automatic,First Owner,14.4 kmpl,1498 CC,92.3 bhp,5.0
Mahindra A4,2008,50000.0,209839.0,Petrol,Individual,Manual,First Owner,16.9 kmpl,1582 CC,137.1 bhp,7.0
Maruti i20,2023,389000.0,37789.0,Petrol,Dealer,Manual,First Owner,16.9 kmpl,1582 CC,87.1 bhp,5.0
Hyundai City,2016,221000.0,89406.0,Petrol,Individual,Automatic,First Owner,12.3 kmpl,1968 CC,109.9 bhp,5.0
Mahindra Nexon,2016,258000.0,90005.0,Diesel,Individual,Manual,First Owner,12.8 kmpl,2179 CC,153.7 bhp,5.0
Honda XUV,2004,20000.0,278929.0,Petrol,Individual,Manual,First Owner,16.1 kmpl,998 CC,86.0 bhp,5.0
Hyundai i20,2007,39000.0,116783.0,Diesel,Individual,Manual,First Owner,15.3 kmpl,796 CC,49.7 bhp,5.0
Maruti Figo,2015,76000.0,116582.0,Diesel,Individual,Manual,Second Owner,11.9 kmpl,998 CC,82.8 bhp,5.0
Hyundai Figo,2011,55000.0,165984.0,Petrol,Individual,Manual,First Owner,25.1 kmpl,1197 CC,85.9 bhp,7.0
Volkswagen Polo,2018,290000.0,55417.0,Petrol,Individual,Manual,First Owner,19.4 kmpl,2179 CC,194.5 bhp,7.0
Hyundai 320d,2008,44000.0,251193.0,Diesel,Dealer,Manual,First Owner,10.2 kmpl,1248 CC,105.9 bhp,5.0
Tata Innova,2023,270000.0,49570.0,Petrol,Individual,Manual,Second Owner,23.5 kmpl,1248 CC,97.8 bhp,5.0
Honda Rapid,2009,63000.0,127249.0,Petrol,Individual,Manual,First Owner,16.3 kmpl,1197 CC,77.7 bhp,7.0
Toyota XUV,2007,41000.0,253418.0,Petrol,Individual,Automatic,Fourth & Above Owner,18.3 kmpl,998 CC,85.7 bhp,5.0
Volkswagen Innova,2015,125000.0,94812.0,Diesel,Dealer,Manual,First Owner,19.9 kmpl,1498 CC,133.5 bhp,7.0
Hyundai 320d,2004,24000.0,134997.0,Diesel,Dealer,Manual,Second Owner,23.2 kmpl,1248 CC,89.7 bhp,5.0
Maruti XUV,2010,48000.0,203989.0,Diesel,Individual,Manual,First Owner,,1197 CC,96.9 bhp,5.0
Skoda Swift,2017,156000.0,88577.0,Diesel,Individual,Manual,Second Owner,14.0 kmpl,998 CC,60.7 bhp,5.0
Hyundai Figo,2015,132000.0,161618.0,Petrol,Individual,Automatic,Third Owner,19.0 kmpl,1498 CC,88.9 bhp,5.0
Tata Polo,2013,118000.0,127057.0,Petrol,Individual,Manual,First Owner,11.9 kmpl,2179 CC,124.1 bhp,5.0
Volkswagen Innova,2020,162000.0,85018.0,Petrol,Individual,Manual,Second Owner,17.5 kmpl,1248 CC,,7.0
Volkswagen Figo,2022,252000.0,37507.0,Diesel,Trustmark Dealer,Manual,First Owner,20.7 kmpl,,53.2 bhp,7.0
Maruti Nexon,2006,33000.0,120410.0,Petrol,Individual,Manual,First Owner,,998 CC,88.1 bhp,5.0
BMW 320d,2007,135000.0,149669.0,CNG,Individual,Manual,First Owner,23.9 kmpl,1197 CC,78.9 bhp,5.0
Hyundai City,2023,500000.0,32059.0,Diesel,Individual,Manual,First Owner,15.7 kmpl,1582 CC,128.4 bhp,7.0
Hyundai Figo,2018,150000.0,106541.0,Diesel,Individual,Manual,Second Owner,12.3 kmpl,1582 CC,96.3 bhp,
Mahindra 320d,2007,30000.0,213651.0,Petrol,Individual,Manual,First Owner,18.0 kmpl,796 CC,61.1 bhp,5.0
Skoda A4,2009,78000.0,97730.0,Petrol,Individual,Manual,First Owner,25.6 kmpl,1582 CC,99.6 bhp,5.0
Volkswagen i20,2023,432000.0,33345.0,Diesel,Individual,Automatic,First Owner,12.2 kmpl,796 CC,55.2 bhp,5.0
Tata i20,2020,126000.0,88239.0,Petrol,Individual,Manual,First Owner,23.5 kmpl,,69.5 bhp,5.0
Mahindra i20,2008,42000.0,258914.0,Diesel,Individual,Manual,Second Owner,17.8 kmpl,1498 CC,97.6 bhp,5.0
Maruti Nexon,2018,144000.0,61642.0,Petrol,Individual,Manual,Second Owner,13.5 kmpl,1582 CC,87.4 bhp,5.0
Honda Figo,2015,146000.0,169505.0,Diesel,Trustmark Dealer,Manual,Second Owner,11.7 kmpl,1968 CC,130.0 bhp,4.0
Hyundai Nexon,2004,25000.0,314062.0,Diesel,Individual,Manual,First Owner,15.1 kmpl,1498 CC,121.7 bhp,5.0
Hyundai A4,2022,405000.0,68979.0,Diesel,Individual,Automatic,First Owner,,1498 CC,104.4 bhp,5.0
Honda Swift,2020,313000.0,66410.0,Petrol,Individual,Automatic,First Owner,,1248 CC,99.0 bhp,5.0
Toyota Nexon,2010,76000.0,99248.0,Petrol,Individual,Manual,Fourth & Above Owner,24.9 kmpl,998 CC,62.5 bhp,5.0
Honda Polo,2015,159000.0,77898.0,Petrol,Individual,Automatic,First Owner,15.0 kmpl,998 CC,73.0 bhp,5.0
Tata i20,2007,48000.0,193500.0,Petrol,Individual,Automatic,Second Owner,23.3 kmpl,2179 CC,190.7 bhp,7.0
Tata City,2009,68000.0,156246.0,Petrol,Individual,Automatic,Second Owner,13.8 kmpl,2179 CC,195.7 bhp,5.0
BMW Swift,2007,183000.0,298593.0,Petrol,Individual,Manual,First Owner,10.1 kmpl,2179 CC,129.2 bhp,5.0
Ford Innova,2015,50000.0,176041.0,Diesel,Individual,Manual,Second Owner,25.0 kmpl,796 CC,58.8 bhp,5.0
Ford Innova,2016,131000.0,150835.0,CNG,Individual,Manual,First Owner,10.7 kmpl,1582 CC,92.9 bhp,5.0
Honda Swift,2013,76000.0,72935.0,Petrol,Individual,Manual,First Owner,19.2 kmpl,796 CC,59.9 bhp,7.0
Maruti Polo,2008,30000.0,165110.0,Petrol,Dealer,Manual,First Owner,15.4 kmpl,998 CC,65.8 bhp,5.0
Toyota Polo,2014,185000.0,87824.0,Petrol,Individual,Manual,Second Owner,15.7 kmpl,1968 CC,134.0 bhp,7.0
Mahindra Innova,2005,68000.0,112518.0,Petrol,Individual,Automatic,First Owner,12.7 kmpl,2179 CC,137.0 bhp,7.0
Maruti A4,2020,265000.0,57783.0,Petrol,Individual,Manual,First Owner,14.3 kmpl,1968 CC,133.0 bhp,4.0
Toyota A4,2021,617000.0,72769.0,Diesel,Individual,Manual,First Owner,10.8 kmpl,1968 CC,109.6 bhp,5.0
Skoda City,2006,30000.0,286696.0,Diesel,Individual,Manual,Third Owner,22.1 kmpl,1248 CC,99.4 bhp,5.0
Ford Swift,2015,64000.0,145186.0,Petrol,Dealer,Manual,First Owner,16.5 kmpl,796 CC,50.6 bhp,5.0
Skoda City,2009,71000.0,118515.0,Diesel,Individual,Manual,Second Owner,,1197 CC,67.2 bhp,5.0
Ford Figo,2020,187000.0,101781.0,Petrol,Dealer,Manual,First Owner,22.8 kmpl,1197 CC,78.2 bhp,4.0
Skoda A4,2005,34000.0,141398.0,CNG,Dealer,Manual,First Owner,25.3 kmpl,998 CC,55.6 bhp,4.0
Maruti Swift,2008,35000.0,158056.0,Diesel,Individual,Manual,Second Owner,11.0 kmpl,1197 CC,103.9 bhp,5.0
Volkswagen i20,2024,467000.0,33392.0,Petrol,Individual,Manual,Second Owner,15.8 kmpl,1968 CC,165.4 bhp,7.0
BMW Figo,2019,502000.0,89517.0,Diesel,Individual,Manual,Third Owner,22.2 kmpl,796 CC,55.1 bhp,7.0
Ford Nexon,2004,43000.0,155276.0,Diesel,Individual,Manual,First Owner,17.7 kmpl,,124.3 bhp,7.0
Mahindra Figo,2017,272000.0,106367.0,Diesel,Dealer,Automatic,Third Owner,18.4 kmpl,1968 CC,122.5 bhp,7.0
Tata Rapid,2019,224000.0,85882.0,Diesel,Individual,Automatic,First Owner,25.3 kmpl,1582 CC,136.2 bhp,5.0
Maruti i20,2025,245000.0,10186.0,CNG,Individual,Manual,First Owner,23.0 kmpl,998 CC,56.2 bhp,
Ford Figo,2011,75000.0,211333.0,Petrol,Dealer,Manual,First Owner,15.7 kmpl,1582 CC,88.1 bhp,5.0
Mahindra A4,2023,418000.0,29030.0,Diesel,Individual,Manual,First Owner,24.8 kmpl,1582 CC,117.8 bhp,5.0
Maruti XUV,2010,51000.0,183265.0,Diesel,Individual,Manual,First Owner,14.1 kmpl,1582 CC,94.1 bhp,7.0
Mahindra Nexon,2005,36000.0,204560.0,Diesel,Individual,Manual,First Owner,14.3 kmpl,796 CC,,5.0
Maruti XUV,2007,54000.0,159346.0,Petrol,Individual,Manual,First Owner,,1968 CC,118.7 bhp,5.0
Audi A4,2022,1041000.0,47100.0,Diesel,Dealer,Manual,First Owner,25.0 kmpl,1582 CC,101.0 bhp,4.0
Hyundai Figo,2006,35000.0,168872.0,Diesel,Dealer,Manual,Second Owner,21.5 kmpl,1498 CC,129.6 bhp,5.0
Honda i20,2018,145000.0,107332.0,Diesel,Individual,Manual,First Owner,14.0 kmpl,,70.6 bhp,5.0
Mahindra A4,2013,72000.0,149529.0,Petrol,Individual,Manual,First Owner,20.4 kmpl,796 CC,49.0 bhp,5.0
Mahindra XUV,2012,118000.0,125390.0,Diesel,Individual,Manual,First Owner,16.4 kmpl,1582 CC,118.4 bhp,5.0
Maruti A4,2006,24000.0,211339.0,LPG,Individual,Manual,First Owner,21.7 kmpl,1248 CC,82.1 bhp,5.0
BMW 320d,2017,408000.0,103371.0,Petrol,Dealer,Manual,First Owner,19.6 kmpl,1248 CC,86.1 bhp,5.0
Volkswagen XUV,2021,243000.0,43006.0,Petrol,Dealer,Manual,Second Owner,19.4 kmpl,1582 CC,115.2 bhp,5.0
Skoda XUV,2016,229000.0,58964.0,Diesel,Individual,Manual,First Owner,17.1 kmpl,1582 CC,116.4 bhp,5.0
Hyundai 320d,2010,87000.0,223838.0,Petrol,Individual,Automatic,First Owner,23.4 kmpl,2179 CC,174.6 bhp,5.0
Hyundai Swift,2024,419000.0,23814.0,Diesel,Dealer,Automatic,Third Owner,20.3 kmpl,1248 CC,99.4 bhp,5.0
Honda City,2016,241000.0,60936.0,Diesel,Individual,Manual,First Owner,12.3 kmpl,2179 CC,145.2 bhp,5.0
Maruti Polo,2019,188000.0,68140.0,Petrol,Individual,Manual,First Owner,20.6 kmpl,1968 CC,111.8 bhp,5.0
Skoda Figo,2011,84000.0,225967.0,Diesel,Individual,Manual,First Owner,14.7 kmpl,1197 CC,71.8 bhp,5.0
Honda A4,2004,20000.0,330015.0,Petrol,Individual,Manual,First Owner,18.6 kmpl,1197 CC,80.1 bhp,
Ford Nexon,2015,103000.0,143568.0,Diesel,Dealer,Manual,Second Owner,11.5 kmpl,,126.1 bhp,5.0
Maruti Nexon,2012,59000.0,89993.0,Petrol,Individual,Manual,First Owner,20.3 kmpl,1197 CC,104.8 bhp,7.0
Skoda A4,2025,656000.0,33258.0,Diesel,Individual,Manual,First Owner,13.6 kmpl,1968 CC,126.2 bhp,5.0
Honda Nexon,2019,256000.0,50368.0,CNG,Individual,Manual,First Owner,10.9 kmpl,1498 CC,92.3 bhp,5.0
Maruti Nexon,2011,117000.0,154582.0,Diesel,Dealer,Automatic,First Owner,12.7 kmpl,1968 CC,139.6 bhp,5.0
Audi Rapid,2006,134000.0,172511.0,Petrol,Dealer,Manual,First Owner,12.3 kmpl,2179 CC,189.5 bhp,5.0
Tata Innova,2006,19000.0,216690.0,Petrol,Individual,Manual,Second Owner,25.7 kmpl,998 CC,82.1 bhp,5.0
Honda 320d,2012,128000.0,171811.0,Petrol,Individual,Automatic,First Owner,22.4 kmpl,1498 CC,115.0 bhp,5.0
Hyundai 320d,2018,165000.0,122133.0,Diesel,Individual,Manual,Second Owner,16.5 kmpl,1582 CC,141.3 bhp,5.0
Ford Polo,2011,69000.0,210007.0,Petrol,Individual,Manual,Second Owner,24.8 kmpl,2179 CC,180.0 bhp,7.0
Tata Polo,2020,127000.0,55436.0,Petrol,Individual,Manual,First Owner,14.0 kmpl,796 CC,44.4 bhp,5.0
Tata i20,2012,64000.0,117296.0,Petrol,Individual,Manual,Second Owner,14.1 kmpl,1197 CC,68.0 bhp,7.0
Hyundai Nexon,2009,67000.0,202954.0,Petrol,Individual,Automatic,Second Owner,16.2 kmpl,1968 CC,136.7 bhp,5.0
Tata i20,2023,361000.0,32708.0,Diesel,Individual,Automatic,First Owner,20.3 kmpl,1248 CC,94.3 bhp,5.0
Volkswagen Swift,2014,59000.0,188751.0,Diesel,Individual,Automatic,Third Owner,23.5 kmpl,796 CC,,5.0
Tata Polo,2008,32000.0,259942.0,Petrol,Individual,Manual,First Owner,20.1 kmpl,1498 CC,97.6 bhp,5.0
Ford Figo,2008,28000.0,258953.0,Petrol,Dealer,Manual,Third Owner,14.5 kmpl,1248 CC,108.4 bhp,5.0
Toyota Swift,2011,135000.0,122482.0,Diesel,Individual,Manual,First Owner,16.3 kmpl,1968 CC,164.2 bhp,5.0
Ford A4,2010,52000.0,201754.0,Diesel,Individual,Manual,First Owner,16.3 kmpl,1248 CC,111.2 bhp,5.0
Skoda Rapid,2014,155000.0,93548.0,Petrol,Individual,Manual,Third Owner,24.6 kmpl,2179 CC,147.7 bhp,5.0
Honda Figo,2018,228000.0,81631.0,CNG,Individual,Manual,First Owner,12.3 kmpl,1498 CC,96.7 bhp,5.0
Hyundai A4,2012,85000.0,161681.0,Diesel,Individual,Automatic,First Owner,10.6 kmpl,998 CC,83.0 bhp,5.0
Hyundai Polo,2015,198000.0,124804.0,Diesel,Dealer,Automatic,First Owner,10.7 kmpl,2179 CC,138.3 bhp,5.0
Maruti A4,2019,158000.0,60067.0,CNG,Individual,Manual,Second Owner,11.9 kmpl,1968 CC,167.2 bhp,5.0
Maruti Polo,2025,295000.0,12254.0,Petrol,Individual,Manual,First Owner,11.4 kmpl,796 CC,47.9 bhp,5.0
BMW A4,2008,159000.0,230502.0,Diesel,Individual,Manual,First Owner,15.9 kmpl,1582 CC,129.4 bhp,5.0
Mahindra Polo,2009,71000.0,212162.0,Petrol,Individual,Manual,First Owner,11.9 kmpl,1968 CC,159.0 bhp,5.0
Hyundai A4,2010,47000.0,144121.0,Diesel,Individual,Manual,Fourth & Above Owner,21.6 kmpl,796 CC,67.6 bhp,5.0
Maruti Nexon,2020,204000.0,90691.0,Diesel,Individual,Manual,First Owner,18.5 kmpl,1582 CC,93.5 bhp,
Toyota XUV,2010,58000.0,202484.0,Petrol,Individual,Manual,First Owner,13.2 kmpl,998 CC,60.2 bhp,5.0
Hyundai Innova,2024,377000.0,25823.0,Diesel,Individual,Manual,First Owner,14.6 kmpl,1197 CC,77.6 bhp,5.0
Honda 320d,2008,39000.0,249497.0,Petrol,Dealer,Manual,Second Owner,17.5 kmpl,1197 CC,90.7 bhp,5.0
Honda Figo,2012,136000.0,160359.0,Diesel,Dealer,Automatic,First Owner,13.9 kmpl,1582 CC,109.8 bhp,5.0
Volkswagen Innova,2017,157000.0,81074.0,Petrol,Individual,Manual,Second Owner,21.4 kmpl,1968 CC,167.9 bhp,5.0
Honda Polo,2010,63000.0,163490.0,Diesel,Individual,Manual,Second Owner,19.8 kmpl,1582 CC,88.8 bhp,5.0
Honda Nexon,2017,186000.0,116361.0,Petrol,Individual,Manual,First Owner,11.9 kmpl,1582 CC,124.7 bhp,5.0
Hyundai Figo,2022,303000.0,49587.0,Diesel,Individual,Automatic,Third Owner,10.2 kmpl,1197 CC,82.4 bhp,5.0
Hyundai i20,2024,399000.0,14562.0,Diesel,Dealer,Manual,Second Owner,16.6 kmpl,1498 CC,87.5 bhp,5.0
Hyundai Swift,2021,303000.0,60591.0,Petrol,Individual,Manual,Third Owner,14.2 kmpl,2179 CC,153.4 bhp,5.0
Skoda City,2018,166000.0,101151.0,Diesel,Individual,Manual,First Owner,15.6 kmpl,998 CC,76.7 bhp,5.0
Maruti Polo,2004,24000.0,258755.0,Diesel,Individual,Manual,First Owner,19.4 kmpl,1968 CC,137.5 bhp,7.0
Toyota City,2007,50000.0,184553.0,Diesel,Dealer,Manual,First Owner,22.4 kmpl,796 CC,65.6 bhp,5.0
Volkswagen Innova,2014,99000.0,183963.0,Diesel,Dealer,Manual,Second Owner,16.2 kmpl,1498 CC,107.1 bhp,5.0
Maruti Figo,2017,113000.0,55582.0,Diesel,Individual,Automatic,First Owner,19.0 kmpl,796 CC,63.4 bhp,5.0
Honda City,2016,136000.0,96369.0,Petrol,Individual,Manual,Second Owner,25.3 kmpl,1248 CC,109.0 bhp,5.0
Maruti Swift,2023,446000.0,41492.0,Diesel,Trustmark Dealer,Automatic,First Owner,14.2 kmpl,1582 CC,119.2 bhp,5.0
Toyota XUV,2005,58000.0,184099.0,Diesel,Individual,Automatic,First Owner,24.4 kmpl,1498 CC,98.3 bhp,5.0
Mahindra XUV,2011,103000.0,170969.0,Diesel,Dealer,Manual,First Owner,15.4 kmpl,1968 CC,153.2 bhp,5.0
Maruti Polo,2014,80000.0,65465.0,Petrol,Individual,Manual,First Owner,11.3 kmpl,998 CC,74.5 bhp,4.0
Ford Rapid,2010,98000.0,176653.0,Diesel,Individual,Automatic,First Owner,18.7 kmpl,1498 CC,131.7 bhp,5.0
Tata Nexon,2020,202000.0,9999999.0,Diesel,Individual,Manual,First Owner,11.2 kmpl,1197 CC,75.6 bhp,5.0
Toyota i20,2014,152000.0,105837.0,Diesel,Individual,Manual,First Owner,10.4 kmpl,1197 CC,73.6 bhp,4.0
Audi Swift,2008,103000.0,184167.0,Diesel,Dealer,Manual,Second Owner,18.9 kmpl,998 CC,80.5 bhp,5.0
Volkswagen A4,2015,216000.0,63569.0,Diesel,Dealer,Manual,First Owner,15.5 kmpl,1968 CC,141.1 bhp,4.0
BMW Figo,2019,663000.0,85874.0,Petrol,Individual,Manual,First Owner,21.4 kmpl,1968 CC,142.3 bhp,5.0
Honda Innova,2011,94000.0,228204.0,Petrol,Individual,Manual,First Owner,23.8 kmpl,1968 CC,122.0 bhp,5.0
Tata Polo,2021,235000.0,81423.0,Diesel,Dealer,Manual,Second Owner,24.7 kmpl,1248 CC,88.4 bhp,5.0
Toyota Figo,2021,348000.0,34826.0,Petrol,Individual,Manual,Second Owner,14.1 kmpl,1248 CC,95.0 bhp,5.0
Mahindra Rapid,2020,369000.0,75420.0,Diesel,Individual,Manual,First Owner,19.9 kmpl,1968 CC,129.8 bhp,5.0
Honda XUV,2022,323000.0,24405.0,Petrol,Dealer,Automatic,First Owner,25.8 kmpl,998 CC,88.1 bhp,5.0
Maruti City,2017,114000.0,113508.0,Petrol,Individual,Manual,Fourth & Above Owner,17.3 kmpl,1498 CC,105.3 bhp,7.0
Hyundai Swift,2013,55000.0,206904.0,Petrol,Individual,Automatic,First Owner,14.2 kmpl,796 CC,52.0 bhp,5.0
Volkswagen Polo,2011,75000.0,129374.0,Petrol,Individual,Manual,First Owner,22.6 kmpl,1197 CC,103.8 bhp,5.0
Ford Nexon,2024,461000.0,34455.0,Petrol,Individual,Automatic,First Owner,11.1 kmpl,1498 CC,94.4 bhp,5.0
Maruti i20,2016,218000.0,92486.0,Diesel,Individual,Manual,First Owner,20.9 kmpl,1968 CC,156.6 bhp,5.0
Tata Rapid,2019,190000.0,68215.0,Petrol,Individual,Manual,First Owner,13.9 kmpl,1248 CC,72.3 bhp,5.0
Maruti Polo,2020,310000.0,42188.0,Diesel,Individual,Manual,First Owner,20.5 kmpl,1968 CC,147.5 bhp,5.0
Toyota Swift,2020,250000.0,71354.0,Diesel,Individual,Manual,First Owner,19.9 kmpl,796 CC,71.6 bhp,5.0
Hyundai Figo,2016,101000.0,123730.0,Petrol,Individual,Manual,First Owner,,998 CC,64.8 bhp,5.0
Maruti Figo,2015,101000.0,116136.0,Petrol,Dealer,Manual,Second Owner,13.5 kmpl,2179 CC,165.7 bhp,5.0
BMW i20,2019,596000.0,55061.0,Petrol,Dealer,Manual,First Owner,10.4 kmpl,1248 CC,75.3 bhp,5.0
Honda XUV,2012,94000.0,146781.0,Diesel,Individual,Manual,First Owner,,1582 CC,,5.0
Tata Innova,2005,29000.0,9999999.0,Diesel,Trustmark Dealer,Manual,Second Owner,19.8 kmpl,1498 CC,125.5 bhp,5.0
Honda Figo,2009,64000.0,251527.0,Diesel,Individual,Manual,First Owner,14.5 kmpl,1582 CC,121.7 bhp,5.0
BMW Figo,2007,120000.0,208156.0,Petrol,Individual,Manual,Second Owner,21.5 kmpl,1498 CC,94.3 bhp,5.0
Toyota Swift,2013,136000.0,171259.0,Petrol,Individual,Manual,Second Owner,15.3 kmpl,2179 CC,188.7 bhp,5.0
Tata Polo,2006,15000.0,211119.0,Diesel,Individual,Manual,Third Owner,13.8 kmpl,796 CC,48.3 bhp,5.0
Honda 320d,2015,117000.0,,Petrol,Dealer,Manual,Second Owner,12.1 kmpl,1582 CC,114.4 bhp,5.0
Tata City,2021,329000.0,34503.0,Petrol,Individual,Manual,First Owner,21.0 kmpl,1968 CC,141.6 bhp,5.0
Ford XUV,2018,201000.0,101730.0,Diesel,Individual,Manual,Third Owner,17.1 kmpl,1968 CC,120.9 bhp,5.0
BMW Innova,2008,195000.0,147578.0,Petrol,Individual,Automatic,First Owner,14.4 kmpl,1582 CC,116.4 bhp,5.0
Maruti Figo,2021,238000.0,50630.0,Diesel,Individual,Manual,Third Owner,24.5 kmpl,1498 CC,107.2 bhp,5.0
Audi 320d,2016,516000.0,115332.0,Diesel,Individual,Manual,First Owner,19.8 kmpl,1498 CC,119.1 bhp,5.0
Tata Polo,2023,213000.0,41194.0,Diesel,Individual,Manual,Second Owner,15.1 kmpl,998 CC,77.7 bhp,7.0
Mahindra City,2020,236000.0,91791.0,Diesel,Dealer,Manual,First Owner,21.9 kmpl,998 CC,75.4 bhp,5.0
Volkswagen Nexon,2020,196000.0,46660.0,Petrol,Dealer,Manual,Second Owner,23.5 kmpl,1248 CC,83.9 bhp,7.0
Mahindra Nexon,2005,36000.0,204560.0,Diesel,Individual,Manual,First Owner,14.3 kmpl,796 CC,,5.0
Hyundai XUV,2007,21000.0,280631.0,Petrol,Individual,Manual,Second Owner,19.8 kmpl,1197 CC,99.0 bhp,7.0
Maruti Figo,2008,45000.0,164918.0,Petrol,Individual,Manual,First Owner,22.0 kmpl,1968 CC,111.5 bhp,5.0
Honda i20,2018,169000.0,123611.0,Diesel,Individual,Manual,Second Owner,17.8 kmpl,1248 CC,74.1 bhp,5.0
Hyundai Rapid,2013,132000.0,213729.0,Diesel,Individual,Automatic,First Owner,22.6 kmpl,1968 CC,160.8 bhp,5.0
Honda Rapid,2016,71000.0,72863.0,Petrol,Individual,Manual,Third Owner,18.3 kmpl,796 CC,44.6 bhp,7.0
Ford Polo,2008,40000.0,227685.0,Petrol,Individual,Manual,Third Owner,11.8 kmpl,1582 CC,94.0 bhp,5.0
Hyundai Polo,2017,143000.0,71841.0,Petrol,Individual,Manual,First Owner,16.1 kmpl,1248 CC,96.0 bhp,5.0
Mahindra Swift,2020,152000.0,82795.0,Petrol,Individual,Manual,First Owner,,796 CC,67.6 bhp,5.0
Skoda Figo,2009,50000.0,211674.0,Petrol,Individual,Manual,First Owner,12.5 kmpl,1197 CC,67.3 bhp,5.0
Audi 320d,2019,439000.0,110390.0,CNG,Individual,Manual,First Owner,23.4 kmpl,796 CC,49.4 bhp,5.0
Tata 320d,2010,46000.0,185155.0,Petrol,Individual,Manual,Second Owner,15.3 kmpl,1968 CC,162.8 bhp,5.0
Maruti XUV,2023,370000.0,23570.0,Diesel,Individual,Manual,First Owner,13.6 kmpl,1498 CC,134.6 bhp,5.0
Mahindra XUV,2024,355000.0,19942.0,Petrol,Individual,Manual,First Owner,11.0 kmpl,998 CC,57.7 bhp,5.0
Toyota Rapid,2009,80000.0,167991.0,Petrol,Dealer,Manual,First Owner,24.2 kmpl,1498 CC,111.9 bhp,5.0
Maruti Polo,2007,53000.0,146610.0,Diesel,Dealer,Manual,First Owner,,2179 CC,131.8 bhp,5.0
Tata Nexon,2004,17000.0,284888.0,Diesel,Individual,Manual,First Owner,12.9 kmpl,998 CC,85.2 bhp,5.0
Skoda Swift,2025,378000.0,17321.0,Petrol,Individual,Manual,Second Owner,13.6 kmpl,1197 CC,76.3 bhp,5.0
Honda Swift,2016,212000.0,86552.0,Petrol,Individual,Automatic,First Owner,25.1 kmpl,1582 CC,113.8 bhp,7.0
Maruti Rapid,2020,161000.0,52435.0,Diesel,Individual,Manual,Second Owner,24.1 kmpl,1248 CC,99.0 bhp,5.0
Mahindra City,2024,391000.0,20779.0,Diesel,Individual,Manual,Second Owner,,1197 CC,91.0 bhp,5.0
Mahindra Nexon,2022,590000.0,26894.0,Diesel,Individual,Automatic,First Owner,16.3 kmpl,1498 CC,103.4 bhp,5.0
Mahindra Swift,2010,105000.0,169643.0,Petrol,Individual,Manual,First Owner,23.6 kmpl,2179 CC,148.8 bhp,5.0
Toyota Nexon,2013,111000.0,163700.0,Petrol,Individual,Manual,First Owner,15.4 kmpl,1498 CC,89.2 bhp,4.0
BMW Nexon,2007,90000.0,280812.0,Diesel,Individual,Manual,First Owner,12.5 kmpl,998 CC,83.2 bhp,5.0
Honda Innova,2009,39000.0,198598.0,Diesel,Dealer,Manual,First Owner,24.3 kmpl,796 CC,59.4 bhp,5.0
Honda Polo,2011,93000.0,197872.0,Petrol,Individual,Automatic,First Owner,23.3 kmpl,1582 CC,103.4 bhp,5.0
Mahindra A4,2011,84000.0,238799.0,Diesel,Individual,Manual,First Owner,19.3 kmpl,2179 CC,148.3 bhp,5.0
Honda XUV,2018,202000.0,78989.0,Petrol,Individual,Manual,First Owner,21.0 kmpl,1197 CC,80.8 bhp,5.0
Honda Nexon,2018,368000.0,120502.0,Diesel,Individual,Automatic,First Owner,11.7 kmpl,2179 CC,142.5 bhp,5.0
Toyota 320d,2016,172000.0,90369.0,Diesel,Individual,Manual,Third Owner,21.3 kmpl,1197 CC,94.9 bhp,5.0
Maruti Swift,2007,39000.0,130592.0,Petrol,Individual,Manual,First Owner,18.8 kmpl,,105.1 bhp,5.0
Maruti Figo,2006,17000.0,190060.0,Petrol,Individual,Manual,Third Owner,24.0 kmpl,796 CC,49.7 bhp,5.0
Volkswagen A4,2017,184000.0,123988.0,Diesel,Individual,Manual,First Owner,10.9 kmpl,1498 CC,101.7 bhp,5.0
Mahindra Polo,2005,27000.0,169912.0,Diesel,Trustmark Dealer,Manual,First Owner,19.5 kmpl,796 CC,47.8 bhp,5.0
Hyundai XUV,2008,45000.0,138832.0,Petrol,Individual,Manual,Second Owner,21.4 kmpl,1582 CC,124.3 bhp,7.0
Maruti A4,2013,85000.0,94002.0,Petrol,Individual,Automatic,Second Owner,18.0 kmpl,1248 CC,95.7 bhp,5.0
Honda 320d,2021,372000.0,64276.0,Diesel,Dealer,Automatic,Second Owner,14.7 kmpl,1197 CC,81.3 bhp,5.0
Volkswagen Polo,2023,277000.0,35518.0,Diesel,Dealer,Manual,Second Owner,15.2 kmpl,796 CC,58.2 bhp,5.0
Ford Rapid,2021,290000.0,69960.0,Petrol,Individual,Manual,First Owner,12.7 kmpl,1582 CC,116.8 bhp,7.0
Honda Innova,2020,187000.0,51613.0,CNG,Individual,Manual,First Owner,15.8 kmpl,796 CC,65.1 bhp,5.0
Honda Figo,2004,20000.0,204674.0,Petrol,Individual,Manual,First Owner,15.8 kmpl,998 CC,65.0 bhp,5.0
Mahindra Polo,2007,41000.0,128350.0,Petrol,Dealer,Manual,Second Owner,17.2 kmpl,1248 CC,97.8 bhp,5.0
Skoda City,2023,417000.0,27054.0,Diesel,Individual,Manual,Second Owner,22.4 kmpl,1248 CC,77.0 bhp,7.0
Mahindra i20,2004,25000.0,141051.0,Diesel,Individual,Manual,Third Owner,18.4 kmpl,796 CC,44.9 bhp,5.0
Skoda Polo,2006,45000.0,205259.0,Petrol,Dealer,Manual,First Owner,23.3 kmpl,1197 CC,80.4 bhp,5.0
Toyota Nexon,2023,510000.0,37200.0,Diesel,Individual,Manual,Second Owner,15.3 kmpl,1248 CC,74.0 bhp,
Maruti XUV,2008,73000.0,163467.0,LPG,Individual,Automatic,First Owner,25.9 kmpl,2179 CC,156.6 bhp,5.0
Toyota Polo,2016,136000.0,114026.0,Petrol,Individual,Manual,Second Owner,15.5 kmpl,1582 CC,92.3 bhp,5.0
Toyota Polo,2006,56000.0,253793.0,Petrol,Individual,Automatic,Third Owner,16.2 kmpl,1968 CC,128.9 bhp,5.0
Hyundai 320d,2012,65000.0,165836.0,Diesel,Individual,Manual,First Owner,23.5 kmpl,1248 CC,87.3 bhp,5.0
Toyota A4,2008,72000.0,122480.0,Petrol,Dealer,Manual,First Owner,25.8 kmpl,1248 CC,101.1 bhp,5.0
Maruti City,2022,244000.0,53313.0,Diesel,Individual,Manual,Fourth & Above Owner,23.3 kmpl,998 CC,57.6 bhp,5.0
Hyundai Rapid,2020,305000.0,96495.0,Diesel,Dealer,Manual,First Owner,14.5 kmpl,2179 CC,185.8 bhp,5.0
Mahindra 320d,2015,219000.0,140424.0,Petrol,Individual,Automatic,First Owner,10.9 kmpl,1968 CC,111.1 bhp,5.0
Toyota Swift,2024,683000.0,34431.0,Petrol,Individual,Manual,First Owner,24.8 kmpl,1968 CC,132.8 bhp,5.0
Skoda Rapid,2024,391000.0,14640.0,Diesel,Individual,Manual,Second Owner,15.1 kmpl,1197 CC,72.6 bhp,5.0
Ford XUV,2011,110000.0,94787.0,Petrol,Individual,Automatic,First Owner,23.6 kmpl,1582 CC,125.4 bhp,5.0
Honda i20,2022,256000.0,50929.0,Petrol,Individual,Manual,Second Owner,16.2 kmpl,1248 CC,101.8 bhp,7.0
Maruti i20,2016,149000.0,117674.0,Petrol,Individual,Manual,First Owner,18.7 kmpl,1582 CC,96.4 bhp,5.0
Hyundai Swift,2008,30000.0,143638.0,Petrol,Individual,Manual,First Owner,14.6 kmpl,796 CC,45.5 bhp,5.0
Hyundai 320d,2021,178000.0,30150.0,Diesel,Individual,Manual,First Owner,17.5 kmpl,796 CC,60.9 bhp,5.0
Honda City,2019,158000.0,119531.0,Petrol,Individual,Automatic,First Owner,14.1 kmpl,796 CC,59.7 bhp,5.0
Tata XUV,2015,147000.0,145146.0,Diesel,Individual,Manual,First Owner,14.2 kmpl,1968 CC,135.3 bhp,5.0
Maruti A4,2006,27000.0,251722.0,Petrol,Individual,Automatic,First Owner,18.3 kmpl,1248 CC,72.1 bhp,5.0
Hyundai Polo,2010,81000.0,142180.0,Petrol,Individual,Manual,First Owner,10.1 kmpl,1968 CC,128.4 bhp,5.0
BMW i20,2022,1056000.0,42220.0,Petrol,Dealer,Manual,First Owner,19.0 kmpl,1498 CC,98.8 bhp,5.0
Maruti 320d,2013,87000.0,164453.0, petrol ,Individual,Automatic,First Owner,11.2 kmpl,1582 CC,93.4 bhp,4.0
Mahindra 320d,2021,451000.0,54151.0,Diesel,Dealer,Manual,First Owner,14.2 kmpl,1968 CC,176.2 bhp,5.0
Mahindra Nexon,2024,276000.0,35407.0,Petrol,Individual,Manual,First Owner,11.9 kmpl,796 CC,64.2 bhp,7.0
Mahindra Figo,2022,538000.0,56017.0,Diesel,Individual,Manual,First Owner,,1582 CC,134.8 bhp,5.0
Ford Rapid,2013,104000.0,79186.0,Diesel,Individual,Manual,First Owner,12.0 kmpl,1197 CC,90.3 bhp,5.0
Volkswagen City,2008,30000.0,144774.0,Petrol,Individual,Manual,First Owner,20.0 kmpl,796 CC,65.3 bhp,5.0
Volkswagen XUV,2010,102000.0,94219.0,Petrol,Dealer,Manual,First Owner,18.4 kmpl,1968 CC,162.5 bhp,5.0
Tata Rapid,2020,195000.0,86681.0,Diesel,Individual,Manual,Third Owner,25.9 kmpl,1498 CC,119.1 bhp,5.0
Maruti Nexon,2010,42000.0,188113.0,Diesel,Dealer,Automatic,First Owner,17.4 kmpl,998 CC,76.9 bhp,5.0
Hyundai Nexon,2009,65000.0,90113.0,Diesel,Individual,Manual,First Owner,22.6 kmpl,,99.0 bhp,5.0
Honda Innova,2010,78000.0,156934.0,Diesel,Individual,Manual,First Owner,25.1 kmpl,1498 CC,97.9 bhp,5.0
Mahindra Figo,2011,136000.0,153341.0,Diesel,Individual,Automatic,First Owner,15.3 kmpl,1968 CC,139.6 bhp,5.0
Mahindra 320d,2018,167000.0,119306.0,Petrol,Individual,Manual,First Owner,17.7 kmpl,1197 CC,76.4 bhp,5.0
Honda Swift,2010,43000.0,202218.0,Petrol,Individual,Manual,Second Owner,23.9 kmpl,1197 CC,106.6 bhp,5.0
Skoda A4,2022,302000.0,56491.0,Petrol,Individual,Manual,First Owner,10.5 kmpl,1197 CC,74.2 bhp,4.0
Honda Rapid,2016,132000.0,100411.0,Petrol,Dealer,Manual,First Owner,11.1 kmpl,1197 CC,77.4 bhp,5.0
BMW 320d,2022,1466000.0,49196.0,Diesel,Dealer,Manual,First Owner,10.5 kmpl,1968 CC,143.3 bhp,5.0
Hyundai 320d,2017,135000.0,119070.0,Petrol,Individual,Manual,First Owner,21.0 kmpl,1197 CC,92.0 bhp,5.0
Honda A4,2023,408000.0,51828.0,Diesel,Individual,Manual,Second Owner,15.0 kmpl,1968 CC,139.3 bhp,5.0
Honda A4,2007,54000.0,236464.0,Diesel,Individual,Manual,First Owner,13.1 kmpl,2179 CC,179.8 bhp,5.0
Skoda XUV,2022,457000.0,79696.0,Petrol,Individual,Automatic,First Owner,21.2 kmpl,1968 CC,168.2 bhp,5.0
Hyundai Innova,2017,98000.0,108910.0,Petrol,Dealer,Manual,First Owner,25.1 kmpl,998 CC,59.2 bhp,4.0
Maruti Polo,2006,20000.0,212466.0,Petrol,Trustmark Dealer,Manual,First Owner,18.9 kmpl,796 CC,67.5 bhp,5.0
Maruti Nexon,2005,45000.0,178762.0,Diesel,Individual,Manual,First Owner,26.0 kmpl,1968 CC,141.7 bhp,5.0
BMW Polo,2018,447000.0,124586.0,Petrol,Individual,Manual,First Owner,20.6 kmpl,998 CC,76.5 bhp,5.0
Ford Polo,2024,246000.0,15049.0,Petrol,Individual,Manual,First Owner,12.6 kmpl,796 CC,67.4 bhp,5.0
Tata Figo,2014,72000.0,170285.0,Diesel,Individual,Manual,First Owner,15.2 kmpl,796 CC,47.7 bhp,7.0
Honda 320d,2011,46000.0,185356.0,Petrol,Individual,Manual,First Owner,11.6 kmpl,796 CC,61.0 bhp,5.0
Ford Nexon,2017,95000.0,67036.0,Petrol,Individual,Manual,First Owner,,796 CC,53.3 bhp,5.0
Skoda A4,2023,670000.0,35514.0,CNG,Individual,Manual,First Owner,14.1 kmpl,,120.2 bhp,5.0
Tata Rapid,2016,182000.0,126411.0,Diesel,Individual,Automatic,First Owner,21.2 kmpl,2179 CC,149.2 bhp,5.0
Honda Rapid,2016,118000.0,61746.0,CNG,Individual,Manual,Second Owner,11.2 kmpl,1248 CC,86.4 bhp,5.0
Tata City,2015,79000.0,147181.0,Petrol,Individual,Manual,First Owner,18.9 kmpl,1248 CC,83.8 bhp,5.0
Tata Polo,2018,118000.0,115543.0,Diesel,Trustmark Dealer,Manual,Third Owner,22.4 kmpl,998 CC,77.1 bhp,5.0
Volkswagen City,2008,49000.0,210372.0,Diesel,Individual,Manual,First Owner,11.2 kmpl,998 CC,89.4 bhp,7.0
Hyundai Rapid,2016,169000.0,119085.0,Petrol,Individual,Manual,First Owner,18.3 kmpl,2179 CC,186.5 bhp,5.0
Skoda XUV,2009,74000.0,220693.0,Petrol,Dealer,Manual,First Owner,15.5 kmpl,2179 CC,156.6 bhp,4.0
Toyota XUV,2008,54000.0,157160.0,Petrol,Individual,Manual,First Owner,19.2 kmpl,1197 CC,99.4 bhp,5.0
Maruti XUV,2005,18000.0,290822.0,Diesel,Individual,Manual,First Owner,25.3 kmpl,1197 CC,79.2 bhp,5.0
Maruti Rapid,2017,98000.0,139369.0,Diesel,Individual,Manual,Fourth & Above Owner,24.5 kmpl,1248 CC,74.5 bhp,5.0
Mahindra i20,2024,361000.0,35313.0,Petrol,Individual,Manual,First Owner,12.0 kmpl,1197 CC,81.1 bhp,5.0
Ford XUV,2014,104000.0,130489.0,Petrol,Dealer,Manual,First Owner,24.3 kmpl,1968 CC,169.5 bhp,5.0
Hyundai Nexon,2010,51000.0,132350.0,Diesel,Individual,Manual,Second Owner,13.9 kmpl,1197 CC,89.1 bhp,7.0
Hyundai Rapid,2013,92000.0,84603.0,Petrol,Individual,Manual,First Owner,11.8 kmpl,1248 CC,72.6 bhp,7.0
Maruti Polo,2010,55000.0,127684.0,Diesel,Individual,Manual,First Owner,17.1 kmpl,998 CC,78.4 bhp,4.0
Hyundai Innova,2009,41000.0,148046.0,Diesel,Trustmark Dealer,Manual,First Owner,18.6 kmpl,796 CC,62.0 bhp,5.0
Hyundai Figo,2015,124000.0,174027.0,Diesel,Individual,Manual,First Owner,15.4 kmpl,998 CC,67.6 bhp,5.0
Toyota Nexon,2022,424000.0,30006.0,Petrol,Individual,Manual,First Owner,15.1 kmpl,1197 CC,101.0 bhp,5.0
Toyota A4,2025,648000.0,34408.0,Diesel,Individual,Manual,First Owner,13.8 kmpl,,67.0 bhp,5.0
Mahindra XUV,2008,62000.0,221809.0,LPG,Dealer,Manual,First Owner,18.8 kmpl,1968 CC,148.4 bhp,5.0
Mahindra XUV,2021,373000.0,31462.0,Petrol,Individual,Manual,First Owner,18.9 kmpl,1582 CC,136.3 bhp,5.0
Honda City,2013,85000.0,199455.0,Petrol,Individual,Manual,First Owner,24.0 kmpl,1197 CC,76.9 bhp,5.0
BMW Rapid,2006,99000.0,262906.0,Diesel,Individual,Manual,Second Owner,20.9 kmpl,1582 CC,132.1 bhp,7.0
Toyota Nexon,2015,204000.0,126218.0,Diesel,Individual,Automatic,First Owner,21.7 kmpl,1197 CC,84.3 bhp,7.0
Mahindra Polo,2006,36000.0,247522.0,Diesel,Individual,Manual,Third Owner,18.8 kmpl,1498 CC,95.3 bhp,5.0
Honda City,2011,77000.0,165347.0,Petrol,Individual,Manual,First Owner,15.9 kmpl,1498 CC,108.9 bhp,5.0
Toyota Polo,2008,92000.0,113267.0,Petrol,Individual,Manual,Second Owner,18.0 kmpl,1968 CC,161.8 bhp,5.0
Toyota 320d,2021,313000.0,68698.0,Petrol,Trustmark Dealer,Manual,First Owner,12.6 kmpl,1248 CC,107.4 bhp,7.0
Toyota Nexon,2013,74000.0,201983.0,Petrol,Individual,Automatic,Second Owner,22.3 kmpl,796 CC,44.4 bhp,7.0
BMW Polo,2004,124000.0,214334.0,Diesel,Individual,Automatic,Second Owner,17.1 kmpl,1582 CC,127.8 bhp,5.0
Hyundai Innova,2010,38000.0,204389.0,Petrol,Individual,Manual,First Owner,21.4 kmpl,,68.4 bhp,7.0
Tata i20,2017,100000.0,116215.0,Diesel,Individual,Manual,Second Owner,22.5 kmpl,1197 CC,74.6 bhp,5.0
Maruti City,2005,32000.0,116524.0,Petrol,Dealer,Manual,First Owner,23.2 kmpl,1248 CC,90.9 bhp,
Skoda Innova,2019,261000.0,56056.0,Diesel,Individual,Manual,Second Owner,21.1 kmpl,1968 CC,151.4 bhp,7.0
Honda i20,2011,89000.0,154120.0,Diesel,Individual,Manual,Second Owner,15.6 kmpl,2179 CC,186.7 bhp,
Toyota Polo,2012,113000.0,197337.0,CNG,Individual,Automatic,Second Owner,16.7 kmpl,1582 CC,141.4 bhp,7.0
Hyundai City,2014,80000.0,161156.0,Petrol,Individual,Manual,First Owner,19.1 kmpl,796 CC,44.4 bhp,7.0
Maruti Figo,2023,289000.0,59682.0,Petrol,Individual,Manual,First Owner,22.5 kmpl,,103.2 bhp,5.0
Tata Innova,2007,34000.0,182588.0,Petrol,Dealer,Manual,Second Owner,10.4 kmpl,1968 CC,158.5 bhp,5.0
Maruti A4,2017,151000.0,83965.0,Petrol,Individual,Manual,First Owner,,1968 CC,157.0 bhp,5.0
Tata A4,2007,51000.0,161966.0,Petrol,Individual,Automatic,First Owner,22.7 kmpl,2179 CC,164.3 bhp,7.0
Toyota Nexon,2023,732000.0,60104.0,Diesel,Individual,Automatic,First Owner,25.7 kmpl,1498 CC,123.5 bhp,7.0
Maruti Swift,2023,392000.0,48692.0,Petrol,Individual,Automatic,First Owner,17.0 kmpl,1968 CC,120.2 bhp,5.0
Tata Figo,2012,63000.0,140121.0,Petrol,Individual,Manual,First Owner,17.0 kmpl,998 CC,68.6 bhp,7.0
Skoda City,2024,602000.0,18181.0,Petrol,Dealer,Manual,First Owner,25.8 kmpl,1968 CC,118.0 bhp,5.0
Toyota Swift,2009,66000.0,112630.0,Petrol,Individual,Manual,First Owner,21.8 kmpl,1248 CC,103.6 bhp,5.0
Hyundai 320d,2014,110000.0,64119.0,Petrol,Individual,Automatic,First Owner,19.3 kmpl,998 CC,61.5 bhp,5.0
Mahindra 320d,2012,88000.0,154749.0,Petrol,Individual,Manual,First Owner,23.6 kmpl,1498 CC,101.0 bhp,5.0
Toyota Nexon,2014,165000.0,68658.0,Petrol,Individual,Manual,First Owner,16.0 kmpl,1248 CC,97.4 bhp,5.0
Hyundai Nexon,2024,434000.0,34268.0,Diesel,Individual,Automatic,First Owner,15.3 kmpl,1197 CC,73.7 bhp,5.0
Mahindra Polo,2014,70000.0,137972.0,Diesel,Trustmark Dealer,Manual,Second Owner,14.4 kmpl,796 CC,59.7 bhp,7.0
Toyota Swift,2012,139000.0,179267.0,Petrol,Individual,Automatic,First Owner,19.8 kmpl,1498 CC,103.9 bhp,7.0
Toyota i20,2008,91000.0,153349.0,Diesel,Individual,Manual,First Owner,18.5 kmpl,1498 CC,116.2 bhp,5.0
Ford Nexon,2017,119000.0,144504.0,Petrol,Dealer,Manual,First Owner,16.5 kmpl,1197 CC,73.9 bhp,5.0
Tata Innova,2009,46000.0,181101.0,Diesel,Individual,Manual,First Owner,22.4 kmpl,1582 CC,88.4 bhp,5.0
Maruti 320d,2011,76000.0,178664.0,Petrol,Individual,Manual,First Owner,,,156.1 bhp,5.0
Hyundai A4,2005,24000.0,208266.0,Petrol,Individual,Manual,First Owner,16.1 kmpl,998 CC,64.1 bhp,5.0
Honda Polo,2013,105000.0,84585.0,Diesel,Trustmark Dealer,Manual,First Owner,,1248 CC,96.6 bhp,5.0
Hyundai Figo,2006,22000.0,253184.0,Petrol,Individual,Manual,First Owner,15.6 kmpl,796 CC,47.8 bhp,5.0
Mahindra Innova,2018,137000.0,83294.0,Diesel,Individual,Manual,First Owner,25.0 kmpl,796 CC,53.4 bhp,5.0
Toyota Polo,2016,365000.0,57016.0,Diesel,Individual,Automatic,Second Owner,16.6 kmpl,2179 CC,193.9 bhp,5.0
Maruti Nexon,2005,26000.0,137876.0,Petrol,Individual,Manual,First Owner,18.3 kmpl,1248 CC,91.7 bhp,7.0
Honda Figo,2018,220000.0,52600.0,Diesel,Individual,Manual,Third Owner,17.8 kmpl,998 CC,64.6 bhp,5.0
Mahindra XUV,2022,306000.0,30631.0,Petrol,Individual,Manual,First Owner,23.6 kmpl,1197 CC,85.5 bhp,5.0
Tata Rapid,2007,29000.0,256266.0,Petrol,Individual,Manual,First Owner,22.6 kmpl,1582 CC,98.3 bhp,5.0
Skoda XUV,2011,50000.0,192179.0,Petrol,Individual,Manual,First Owner,16.0 kmpl,998 CC,60.8 bhp,5.0
Volkswagen Nexon,2018,211000.0,125372.0,Diesel,Individual,Manual,First Owner,16.7 kmpl,1498 CC,130.9 bhp,5.0
Ford Polo,2017,185000.0,81045.0,Diesel,Individual,Manual,First Owner,13.5 kmpl,1248 CC,90.5 bhp,5.0
Toyota Nexon,2022,368000.0,76992.0,Petrol,Dealer,Manual,Second Owner,23.5 kmpl,2179 CC,171.7 bhp,7.0
Hyundai Figo,2008,44000.0,202145.0,Petrol,Individual,Manual,Second Owner,22.1 kmpl,2179 CC,147.8 bhp,5.0
Ford 320d,2014,61000.0,186900.0,Diesel,Individual,Manual,Second Owner,10.9 kmpl,1197 CC,80.1 bhp,5.0
Skoda i20,2016,244000.0,67651.0,Petrol,Dealer,Automatic,First Owner,20.8 kmpl,1498 CC,129.5 bhp,5.0
Maruti Polo,2022,239000.0,67167.0,Petrol,Individual,Manual,First Owner,21.2 kmpl,998 CC,82.4 bhp,5.0
Volkswagen Swift,2020,325000.0,55299.0,Petrol,Individual,Manual,First Owner,12.2 kmpl,2179 CC,155.5 bhp,7.0
Hyundai Figo,2016,92000.0,102051.0,Petrol,Individual,Automatic,First Owner,21.9 kmpl,796 CC,54.1 bhp,4.0
Audi 320d,2021,1220000.0,34516.0,Diesel,Individual,Manual,Third Owner,15.6 kmpl,1582 CC,99.6 bhp,5.0
Mahindra i20,2014,175000.0,82947.0,Diesel,Individual,Automatic,Second Owner,15.1 kmpl,2179 CC,142.1 bhp,5.0
Volkswagen Innova,2023,515000.0,33673.0,Petrol,Individual,Automatic,First Owner,24.1 kmpl,1968 CC,151.7 bhp,7.0
BMW Swift,2017,541000.0,146192.0,Petrol,Individual,Manual,First Owner,24.6 kmpl,1582 CC,107.7 bhp,5.0
Ford 320d,2007,38000.0,169155.0,Diesel,Individual,Automatic,Third Owner,22.5 kmpl,1197 CC,84.0 bhp,5.0
Hyundai Rapid,2017,254000.0,77233.0,Diesel,Dealer,Manual,First Owner,20.7 kmpl,2179 CC,178.4 bhp,5.0
Maruti City,2015,61000.0,183662.0,Petrol,Individual,Manual,Third Owner,21.9 kmpl,1197 CC,83.0 bhp,5.0
Maruti A4,2020,262000.0,92172.0,Diesel,Individual,Manual,First Owner,11.7 kmpl,1968 CC,144.5 bhp,5.0
Maruti Rapid,2005,34000.0,172577.0,Diesel,Individual,Automatic,Second Owner,22.6 kmpl,1582 CC,118.8 bhp,4.0
BMW i20,2012,234000.0,116633.0,Petrol,Individual,Manual,First Owner,12.4 kmpl,1248 CC,82.9 bhp,5.0
Maruti Polo,2012,100000.0,131586.0,Diesel,Dealer,Manual,Second Owner,24.2 kmpl,2179 CC,171.6 bhp,5.0
Hyundai Nexon,2011,101000.0,116287.0,Petrol,Individual,Automatic,First Owner,19.5 kmpl,1968 CC,173.2 bhp,5.0
Volkswagen Swift,2021,271000.0,38481.0,Diesel,Individual,Manual,Third Owner,23.0 kmpl,1197 CC,80.1 bhp,5.0
Maruti A4,2011,48000.0,84879.0,Petrol,Individual,Manual,First Owner,20.4 kmpl,796 CC,49.4 bhp,7.0
Skoda Rapid,2021,355000.0,54650.0,Diesel,Individual,Manual,First Owner,13.1 kmpl,1498 CC,89.9 bhp,5.0
Hyundai Polo,2024,546000.0,27563.0,Diesel,Individual,Automatic,First Owner,12.3 kmpl,1498 CC,113.5 bhp,4.0
Hyundai i20,2012,49000.0,199145.0,Petrol,Individual,Manual,First Owner,,796 CC,47.6 bhp,5.0
Toyota Polo,2010,126000.0,114069.0,Diesel,Dealer,Manual,Fourth & Above Owner,25.0 kmpl,2179 CC,,7.0
Hyundai 320d,2023,221000.0,50488.0,Petrol,Individual,Manual,First Owner,19.0 kmpl,796 CC,65.9 bhp,5.0
Honda City,2009,95000.0,109606.0,Diesel,Individual,Manual,Second Owner,19.2 kmpl,1968 CC,126.5 bhp,5.0
Volkswagen Polo,2018,154000.0,111700.0,Diesel,Individual,Manual,First Owner,12.1 kmpl,1197 CC,80.8 bhp,5.0
Maruti 320d,2024,399000.0,21818.0,Diesel,Individual,Manual,First Owner,17.6 kmpl,1582 CC,106.3 bhp,5.0
Ford Innova,2006,48000.0,123200.0,Diesel,Individual,Manual,Third Owner,16.8 kmpl,1582 CC,106.0 bhp,5.0
Toyota Figo,2015,133000.0,162692.0,Diesel,Individual,Manual,Second Owner,16.5 kmpl,1197 CC,92.7 bhp,7.0
Maruti Innova,2024,321000.0,22955.0,Petrol,Individual,Manual,Second Owner,13.3 kmpl,1498 CC,95.7 bhp,5.0
Maruti Polo,2020,163000.0,56818.0,Diesel,Individual,Manual,Second Owner,16.8 kmpl,1197 CC,70.9 bhp,5.0
Hyundai A4,2006,30000.0,261458.0,Diesel,Trustmark Dealer,Manual,First Owner,16.3 kmpl,998 CC,81.0 bhp,5.0
Honda Figo,2011,65000.0,173802.0,Diesel,Individual,Manual,Second Owner,21.0 kmpl,1197 CC,83.3 bhp,5.0
Maruti Nexon,2016,105000.0,71936.0,Petrol,Individual,Manual,Second Owner,22.0 kmpl,1248 CC,106.1 bhp,5.0
Honda Polo,2018,158000.0,113404.0,Diesel,Individual,Automatic,Third Owner,22.2 kmpl,796 CC,43.8 bhp,
Maruti Rapid,2024,241000.0,39177.0,Petrol,Individual,Manual,Second Owner,15.8 kmpl,1248 CC,80.9 bhp,5.0
Maruti Polo,2018,154000.0,77359.0,CNG,Individual,Manual,First Owner,21.8 kmpl,1968 CC,166.4 bhp,5.0
Maruti Innova,2014,49000.0,137961.0,Petrol,Individual,Manual,Second Owner,17.4 kmpl,998 CC,83.3 bhp,5.0
BMW City,2004,64000.0,329372.0,Petrol,Individual,Manual,First Owner,19.2 kmpl,1248 CC,86.9 bhp,7.0
Mahindra i20,2025,404000.0,7054.0,CNG,Individual,Manual,First Owner,14.9 kmpl,1248 CC,86.4 bhp,7.0
Tata i20,2010,48000.0,151378.0,Diesel,Dealer,Manual,Second Owner,17.2 kmpl,1197 CC,83.1 bhp,7.0
Hyundai City,2021,254000.0,38088.0,Diesel,Trustmark Dealer,Manual,First Owner,25.1 kmpl,1197 CC,103.7 bhp,5.0
Mahindra A4,2017,189000.0,135640.0,Diesel,Individual,Manual,Second Owner,,2179 CC,168.0 bhp,5.0
Mahindra Innova,2014,104000.0,114551.0,Diesel,Dealer,Manual,First Owner,22.9 kmpl,1498 CC,119.7 bhp,5.0
Tata Polo,2022,445000.0,30170.0,Diesel,Individual,Manual,Second Owner,23.5 kmpl,2179 CC,186.9 bhp,7.0
Toyota Polo,2020,625000.0,59272.0,Diesel,Individual,Automatic,First Owner,20.6 kmpl,2179 CC,119.9 bhp,5.0
Maruti Rapid,2005,28000.0,218678.0,Diesel,Individual,Automatic,First Owner,20.3 kmpl,1197 CC,84.2 bhp,5.0
Maruti XUV,2025,226000.0,26868.0, petrol ,Individual,Manual,Second Owner,15.7 kmpl,796 CC,53.5 bhp,7.0
BMW Polo,2004,90000.0,141194.0,CNG,Trustmark Dealer,Manual,Second Owner,13.1 kmpl,1582 CC,129.3 bhp,5.0
Honda XUV,2010,80000.0,87842.0,Petrol,Individual,Manual,First Owner,11.8 kmpl,1248 CC,73.9 bhp,5.0
Tata Polo,2021,172000.0,72368.0,Petrol,Individual,Manual,First Owner,23.0 kmpl,796 CC,69.9 bhp,5.0
Maruti City,2025,401000.0,12427.0,Diesel,Trustmark Dealer,Automatic,Second Owner,12.8 kmpl,1582 CC,121.5 bhp,7.0
Maruti Polo,2006,46000.0,168873.0,Petrol,Individual,Manual,First Owner,23.0 kmpl,2179 CC,160.4 bhp,5.0
Maruti Nexon,2013,64000.0,90371.0,Petrol,Individual,Manual,First Owner,17.6 kmpl,796 CC,60.9 bhp,5.0
Maruti Figo,2004,23000.0,226921.0,CNG,Individual,Manual,First Owner,23.5 kmpl,1248 CC,69.6 bhp,5.0
Hyundai i20,2023,302000.0,41486.0,Diesel,Individual,Automatic,First Owner,14.3 kmpl,796 CC,67.3 bhp,4.0
Toyota i20,2007,49000.0,225814.0,Diesel,Dealer,Manual,First Owner,14.0 kmpl,1248 CC,74.3 bhp,5.0
Honda Swift,2013,78000.0,109364.0,Petrol,Individual,Manual,Second Owner,18.6 kmpl,1248 CC,109.8 bhp,5.0
Maruti XUV,2009,45000.0,234892.0,Petrol,Individual,Manual,First Owner,20.3 kmpl,1968 CC,162.3 bhp,5.0
Volkswagen Nexon,2005,49000.0,157534.0,Diesel,Individual,Manual,Second Owner,18.4 kmpl,1968 CC,152.9 bhp,5.0
Mahindra XUV,2020,261000.0,103187.0,Petrol,Individual,Manual,First Owner,20.8 kmpl,1968 CC,125.7 bhp,7.0
Toyota Swift,2004,41000.0,152784.0,Petrol,Individual,Manual,Second Owner,19.7 kmpl,1498 CC,106.2 bhp,5.0
Skoda XUV,2025,600000.0,25897.0,Diesel,Individual,Automatic,First Owner,25.3 kmpl,1197 CC,97.1 bhp,7.0
Maruti Innova,2008,46000.0,103016.0,Petrol,Individual,Manual,Second Owner,14.5 kmpl,1968 CC,175.8 bhp,5.0
Ford i20,2017,118000.0,123787.0,CNG,Individual,Manual,Third Owner,13.2 kmpl,1968 CC,169.5 bhp,5.0
Mahindra Swift,2023,684000.0,18297.0,Diesel,Individual,Manual,First Owner,10.2 kmpl,2179 CC,169.1 bhp,7.0
Maruti Innova,2016,74000.0,85989.0,Petrol,Individual,Manual,Second Owner,22.3 kmpl,796 CC,51.9 bhp,5.0
Toyota City,2020,316000.0,39074.0,Petrol,Individual,Manual,Fourth & Above Owner,22.3 kmpl,1582 CC,100.5 bhp,5.0
Maruti Rapid,2015,142000.0,136606.0,Diesel,Dealer,Manual,First Owner,17.6 kmpl,1968 CC,135.7 bhp,7.0
Volkswagen i20,2014,198000.0,125245.0,Diesel,Individual,Automatic,First Owner,19.7 kmpl,1968 CC,173.9 bhp,
Toyota Swift,2009,63000.0,110624.0,CNG,Individual,Manual,Second Owner,13.9 kmpl,1248 CC,101.2 bhp,5.0
Hyundai 320d,2010,78000.0,150200.0,Petrol,Individual,Manual,First Owner,17.1 kmpl,1582 CC,137.7 bhp,5.0
Maruti 320d,2017,159000.0,51531.0,Diesel,Individual,Manual,First Owner,12.0 kmpl,1197 CC,94.7 bhp,5.0
Maruti XUV,2004,22000.0,160053.0,Petrol,Dealer,Manual,First Owner,16.3 kmpl,998 CC,63.2 bhp,5.0
Honda City,2020,255000.0,56825.0,Diesel,Individual,Manual,First Owner,15.6 kmpl,1197 CC,79.3 bhp,5.0
Volkswagen 320d,2011,140000.0,223439.0,Diesel,Individual,Automatic,First Owner,13.0 kmpl,1968 CC,118.0 bhp,5.0
Honda Polo,2020,341000.0,41015.0,Diesel,Trustmark Dealer,Automatic,Second Owner,19.0 kmpl,1582 CC,103.5 bhp,5.0
Maruti i20,2023,270000.0,62427.0,Petrol,Individual,Manual,First Owner,13.8 kmpl,1248 CC,76.3 bhp,5.0
Toyota XUV,2022,523000.0,70404.0,Petrol,Individual,Manual,First Owner,23.5 kmpl,1968 CC,110.4 bhp,5.0
Toyota Nexon,2020,429000.0,45789.0,Diesel,Individual,Manual,First Owner,11.2 kmpl,1582 CC,90.9 bhp,5.0
Maruti i20,2008,56000.0,236975.0,Diesel,Individual,Automatic,First Owner,11.3 kmpl,1582 CC,88.5 bhp,5.0
Ford i20,2013,91000.0,149294.0,Diesel,Individual,Manual,Second Owner,21.8 kmpl,1582 CC,102.6 bhp,5.0
Maruti Polo,2021,415000.0,32106.0,Diesel,Dealer,Automatic,First Owner,17.9 kmpl,2179 CC,157.3 bhp,5.0
Maruti City,2018,76000.0,116343.0,Petrol,Individual,Manual,Second Owner,22.1 kmpl,796 CC,57.2 bhp,
Mahindra Rapid,2013,90000.0,97759.0,Petrol,Individual,Automatic,First Owner,,998 CC,76.2 bhp,7.0
Ford Rapid,2007,45000.0,115905.0,Petrol,Individual,Manual,First Owner,23.1 kmpl,1197 CC,66.9 bhp,5.0
Hyundai Nexon,2019,243000.0,43765.0,Diesel,Individual,Manual,Third Owner,,1582 CC,99.5 bhp,5.0
Skoda 320d,2013,58000.0,191281.0,Petrol,Individual,Manual,Second Owner,22.6 kmpl,998 CC,88.6 bhp,5.0
Volkswagen City,2007,64000.0,260498.0,Diesel,Individual,Automatic,First Owner,22.3 kmpl,1968 CC,164.8 bhp,5.0
Tata Nexon,2005,20000.0,116628.0,CNG,Individual,Manual,Second Owner,12.0 kmpl,1197 CC,82.7 bhp,5.0
Tata City,2010,102000.0,88273.0,Diesel,Individual,Automatic,First Owner,15.1 kmpl,1968 CC,161.0 bhp,5.0
Hyundai Figo,2011,101000.0,79915.0,Petrol,Individual,Automatic,First Owner,13.4 kmpl,1582 CC,107.5 bhp,5.0
Ford Innova,2012,49000.0,208044.0,Petrol,Individual,Manual,Third Owner,19.8 kmpl,,96.1 bhp,5.0
Hyundai Innova,2009,45000.0,265470.0,Diesel,Trustmark Dealer,Manual,First Owner,11.6 kmpl,1498 CC,126.6 bhp,5.0
Maruti City,2015,87000.0,164369.0,Petrol,Dealer,Manual,Second Owner,23.6 kmpl,1248 CC,90.7 bhp,5.0
Skoda i20,2006,20000.0,281447.0,Diesel,Dealer,Manual,Second Owner,11.7 kmpl,796 CC,44.9 bhp,5.0
Tata XUV,2020,141000.0,90468.0,Diesel,Individual,Manual,First Owner,17.1 kmpl,796 CC,51.6 bhp,5.0
Skoda Figo,2006,38000.0,288898.0,Petrol,Individual,Manual,Third Owner,11.2 kmpl,2179 CC,172.6 bhp,5.0
Honda i20,2010,56000.0,148732.0,Petrol,Dealer,Manual,Second Owner,17.1 kmpl,998 CC,71.1 bhp,5.0
Tata i20,2021,345000.0,92885.0,Diesel,Individual,Automatic,Second Owner,10.4 kmpl,1968 CC,128.6 bhp,5.0
Ford 320d,2017,226000.0,91518.0,Petrol,Individual,Manual,First Owner,14.6 kmpl,2179 CC,122.5 bhp,5.0
Mahindra City,2004,22000.0,,Petrol,Individual,Manual,Second Owner,19.7 kmpl,1248 CC,71.8 bhp,5.0
Skoda Figo,2019,261000.0,66379.0,Petrol,Individual,Automatic,First Owner,22.0 kmpl,1197 CC,75.7 bhp,5.0
Tata City,2010,50000.0,250940.0,Diesel,Individual,Automatic,Second Owner,13.7 kmpl,1968 CC,150.7 bhp,5.0
Mahindra Polo,2014,150000.0,147791.0,Petrol,Individual,Automatic,First Owner,17.8 kmpl,1968 CC,149.8 bhp,5.0
Hyundai A4,2015,115000.0,72590.0,Diesel,Individual,Manual,First Owner,21.4 kmpl,1197 CC,72.4 bhp,5.0
Mahindra Innova,2006,33000.0,230069.0,Petrol,Individual,Manual,First Owner,16.5 kmpl,1197 CC,97.8 bhp,4.0
Maruti Swift,2017,132000.0,52587.0,Petrol,Individual,Manual,First Owner,13.7 kmpl,998 CC,84.1 bhp,5.0
Audi Figo,2022,845000.0,36148.0,Petrol,Individual,Manual,First Owner,22.8 kmpl,1197 CC,100.7 bhp,5.0
Toyota 320d,2005,39000.0,227361.0,Diesel,Individual,Manual,First Owner,,998 CC,72.4 bhp,5.0
Honda A4,2013,48000.0,196215.0,Petrol,Individual,Manual,Second Owner,11.8 kmpl,796 CC,45.0 bhp,5.0
Hyundai Innova,2019,198000.0,70143.0,Petrol,Individual,Manual,First Owner,13.8 kmpl,1498 CC,88.1 bhp,4.0
Tata 320d,2012,98000.0,140188.0,Diesel,Individual,Manual,First Owner,22.3 kmpl,1968 CC,167.8 bhp,5.0
Maruti XUV,2013,101000.0,118592.0,Petrol,Dealer,Manual,Second Owner,12.5 kmpl,2179 CC,166.6 bhp,5.0
Mahindra i20,2019,303000.0,102923.0,Petrol,Individual,Automatic,First Owner,21.2 kmpl,1498 CC,93.7 bhp,5.0
Hyundai XUV,2014,81000.0,116883.0,Diesel,Individual,Manual,First Owner,10.8 kmpl,796 CC,60.5 bhp,7.0
Ford XUV,2006,39000.0,269601.0,Diesel,Trustmark Dealer,Automatic,First Owner,23.6 kmpl,1968 CC,136.3 bhp,7.0
Ford Nexon,2006,27000.0,284155.0,Petrol,Individual,Manual,Third Owner,21.1 kmpl,2179 CC,180.3 bhp,5.0
Tata Swift,2020,153000.0,88089.0,Diesel,Individual,Manual,Third Owner,14.6 kmpl,1197 CC,81.9 bhp,5.0
Tata Polo,2004,25000.0,180431.0,Petrol,Individual,Manual,First Owner,14.5 kmpl,1197 CC,89.9 bhp,7.0
Maruti City,2006,19000.0,242537.0,Diesel,Individual,Manual,Third Owner,26.0 kmpl,796 CC,70.9 bhp,5.0
Volkswagen City,2019,217000.0,116505.0,Diesel,Individual,Manual,First Owner,16.9 kmpl,,87.0 bhp,7.0
Mahindra Swift,2006,37000.0,172612.0,Petrol,Individual,Manual,Third Owner,15.0 kmpl,1582 CC,110.6 bhp,5.0
Toyota Innova,2004,36000.0,253128.0,Petrol,Dealer,Manual,First Owner,13.4 kmpl,1197 CC,69.0 bhp,5.0
Volkswagen Swift,2004,29000.0,256570.0,Diesel,Individual,Manual,First Owner,18.6 kmpl,1197 CC,94.7 bhp,5.0
Volkswagen City,2005,33000.0,237543.0,Diesel,Individual,Manual,First Owner,23.7 kmpl,998 CC,82.9 bhp,7.0
Ford i20,2011,45000.0,155967.0,Diesel,Dealer,Manual,First Owner,11.0 kmpl,998 CC,58.7 bhp,5.0
Ford i20,2018,116000.0,79147.0,Diesel,Individual,Manual,First Owner,15.4 kmpl,998 CC,82.1 bhp,5.0
Hyundai Innova,2004,53000.0,239315.0,Diesel,Individual,Automatic,First Owner,20.6 kmpl,2179 CC,180.6 bhp,5.0
Tata Figo,2022,228000.0,,Petrol,Individual,Manual,Second Owner,24.7 kmpl,1248 CC,109.5 bhp,5.0
Ford Polo,2005,22000.0,317407.0,Petrol,Individual,Manual,First Owner,18.3 kmpl,1582 CC,88.7 bhp,5.0
Ford A4,2023,314000.0,52706.0,Petrol,Individual,Manual,First Owner,10.8 kmpl,1248 CC,102.1 bhp,5.0
Maruti City,2005,24000.0,287682.0,Diesel,Individual,Manual,Second Owner,11.6 kmpl,1968 CC,121.2 bhp,5.0
Toyota i20,2019,307000.0,71010.0,Petrol,Individual,Manual,First Owner,18.9 kmpl,1582 CC,142.1 bhp,5.0
Ford Polo,2018,195000.0,130689.0,Diesel,Individual,Manual,First Owner,13.1 kmpl,1582 CC,116.6 bhp,5.0
Hyundai Polo,2012,52000.0,191761.0,Diesel,Individual,Manual,Second Owner,15.1 kmpl,1248 CC,87.0 bhp,
Hyundai Rapid,2016,157000.0,,Petrol,Dealer,Manual,First Owner,10.3 kmpl,1498 CC,85.8 bhp,4.0
Hyundai Figo,2016,182000.0,126007.0,Diesel,Individual,Automatic,First Owner,20.5 kmpl,1582 CC,87.3 bhp,5.0
Skoda Polo,2013,122000.0,128192.0,Diesel,Individual,Manual,First Owner,21.1 kmpl,1498 CC,116.6 bhp,5.0
Audi i20,2010,311000.0,110599.0,Petrol,Individual,Manual,First Owner,25.6 kmpl,2179 CC,186.1 bhp,5.0
Maruti Swift,2008,46000.0,135443.0,Petrol,Individual,Manual,Second Owner,17.7 kmpl,1582 CC,131.5 bhp,5.0
Audi i20,2017,381000.0,59262.0,Petrol,Individual,Manual,First Owner,15.4 kmpl,796 CC,52.3 bhp,5.0
Maruti Figo,2006,30000.0,278836.0,Diesel,Individual,Manual,Second Owner,25.8 kmpl,1968 CC,134.9 bhp,7.0
Maruti XUV,2009,75000.0,116479.0,Diesel,Individual,Automatic,First Owner,19.3 kmpl,1968 CC,126.9 bhp,7.0
Volkswagen i20,2010,38000.0,255809.0,Diesel,Individual,Manual,Second Owner,15.2 kmpl,998 CC,56.8 bhp,5.0
Hyundai Polo,2013,125000.0,168196.0,Diesel,Individual,Manual,First Owner,12.8 kmpl,1582 CC,128.4 bhp,7.0
Volkswagen Swift,2016,194000.0,112692.0,Diesel,Dealer,Manual,First Owner,12.6 kmpl,1498 CC,97.1 bhp,5.0
Hyundai Rapid,2018,164000.0,79741.0,Petrol,Individual,Manual,First Owner,23.1 kmpl,998 CC,55.0 bhp,5.0
Mahindra Swift,2019,274000.0,102544.0,Petrol,Individual,Manual,First Owner,16.9 kmpl,2179 CC,191.6 bhp,7.0
Volkswagen i20,2015,159000.0,74099.0,Petrol,Individual,Manual,First Owner,16.5 kmpl,1498 CC,119.1 bhp,5.0
Toyota A4,2023,588000.0,46544.0,Petrol,Dealer,Manual,Second Owner,17.9 kmpl,2179 CC,190.3 bhp,5.0
Hyundai Rapid,2011,38000.0,205080.0,Diesel,Individual,Manual,Second Owner,17.5 kmpl,998 CC,74.5 bhp,5.0
Hyundai Figo,2021,346000.0,35640.0,Petrol,Individual,Manual,First Owner,15.4 kmpl,1968 CC,153.1 bhp,5.0
Mahindra Rapid,2015,101000.0,145555.0,Diesel,Individual,Automatic,Second Owner,16.8 kmpl,796 CC,65.8 bhp,5.0
Maruti 320d,2020,180000.0,94202.0,Petrol,Individual,Manual,First Owner,13.1 kmpl,998 CC,73.5 bhp,4.0
Ford Figo,2010,51000.0,174998.0,Petrol,Individual,Manual,Third Owner,13.5 kmpl,2179 CC,195.1 bhp,5.0
Skoda City,2024,242000.0,26956.0,Petrol,Individual,Manual,Second Owner,24.0 kmpl,998 CC,86.8 bhp,5.0
Maruti City,2025,240000.0,11736.0,Petrol,Individual,Manual,Third Owner,12.5 kmpl,998 CC,89.3 bhp,5.0
Volkswagen Swift,2006,41000.0,244953.0,Petrol,Individual,Manual,First Owner,19.0 kmpl,1582 CC,133.2 bhp,5.0
BMW i20,2010,285000.0,108116.0,Diesel,Individual,Manual,First Owner,10.2 kmpl,1582 CC,111.9 bhp,5.0
Mahindra Swift,2013,121000.0,186919.0,Petrol,Dealer,Manual,First Owner,18.2 kmpl,2179 CC,131.9 bhp,7.0
Volkswagen Swift,2025,424000.0,14730.0,Diesel,Dealer,Manual,First Owner,20.9 kmpl,796 CC,62.7 bhp,4.0
Maruti XUV,2017,163000.0,114675.0,Diesel,Individual,Manual,First Owner,25.6 kmpl,1582 CC,133.0 bhp,5.0
Audi Rapid,2007,78000.0,185674.0,Diesel,Individual,Manual,Third Owner,12.3 kmpl,796 CC,57.1 bhp,5.0
Maruti Innova,2016,111000.0,87721.0,Petrol,Trustmark Dealer,Automatic,Second Owner,17.8 kmpl,1248 CC,109.6 bhp,5.0
Maruti Polo,2005,42000.0,183619.0,Diesel,Individual,Manual,First Owner,13.7 kmpl,1968 CC,115.9 bhp,7.0
Hyundai City,2024,422000.0,29074.0,Petrol,Dealer,Manual,Second Owner,22.5 kmpl,1968 CC,151.5 bhp,5.0
Audi XUV,2011,268000.0,122288.0,Petrol,Individual,Manual,Second Owner,25.0 kmpl,2179 CC,163.1 bhp,4.0
Hyundai A4,2008,50000.0,205617.0,Diesel,Individual,Automatic,Second Owner,13.5 kmpl,1498 CC,102.6 bhp,7.0
Toyota City,2018,192000.0,130426.0,CNG,Individual,Manual,First Owner,11.9 kmpl,1248 CC,71.3 bhp,5.0
Volkswagen XUV,2020,378000.0,46766.0,Petrol,Individual,Manual,First Owner,20.0 kmpl,2179 CC,139.4 bhp,5.0
Skoda XUV,2025,646000.0,20139.0,Petrol,Individual,Manual,Second Owner,10.1 kmpl,2179 CC,191.7 bhp,5.0
Tata Figo,2022,235000.0,29009.0,Petrol,Individual,Manual,First Owner,12.0 kmpl,998 CC,71.8 bhp,5.0
Toyota Swift,2024,767000.0,40133.0,Diesel,Individual,Automatic,First Owner,18.9 kmpl,1248 CC,106.3 bhp,5.0
Hyundai 320d,2012,67000.0,161660.0,Diesel,Individual,Manual,First Owner,20.2 kmpl,,93.1 bhp,5.0
Hyundai XUV,2006,44000.0,186827.0,Petrol,Individual,Manual,First Owner,22.4 kmpl,1498 CC,104.8 bhp,5.0
Tata XUV,2009,26000.0,101962.0,Petrol,Individual,Manual,Second Owner,15.1 kmpl,796 CC,52.6 bhp,5.0
Ford Swift,2009,46000.0,264831.0,Diesel,Individual,Manual,Fourth & Above Owner,21.1 kmpl,1968 CC,146.5 bhp,5.0
Honda i20,2011,74000.0,,CNG,Individual,Manual,Third Owner,24.1 kmpl,1582 CC,116.4 bhp,7.0
Hyundai A4,2015,85000.0,96746.0,Petrol,Individual,Manual,First Owner,,998 CC,80.8 bhp,5.0
Hyundai Innova,2019,193000.0,41093.0,Diesel,Dealer,Manual,First Owner,17.4 kmpl,796 CC,62.8 bhp,5.0
Hyundai XUV,2009,50000.0,218849.0,Diesel,Individual,Manual,Second Owner,25.5 kmpl,1197 CC,84.6 bhp,5.0
Skoda Innova,2008,114000.0,237622.0,Diesel,Individual,Automatic,First Owner,23.2 kmpl,2179 CC,181.4 bhp,5.0
Mahindra Rapid,2024,519000.0,26475.0,Petrol,Individual,Manual,First Owner,17.5 kmpl,1582 CC,113.5 bhp,7.0
Skoda i20,2004,27000.0,116948.0,Petrol,Individual,Manual,Second Owner,16.0 kmpl,1197 CC,91.9 bhp,5.0
Tata Figo,2013,91000.0,189367.0,Petrol,Individual,Automatic,First Owner,10.7 kmpl,1498 CC,90.5 bhp,5.0
Ford Nexon,2019,232000.0,72221.0,Diesel,Individual,Manual,First Owner,17.3 kmpl,1968 CC,165.4 bhp,5.0
Mahindra Figo,2010,83000.0,206003.0,Diesel,Individual,Manual,First Owner,16.6 kmpl,1582 CC,106.5 bhp,5.0
Tata XUV,2013,75000.0,168293.0,Petrol,Dealer,Manual,Third Owner,19.7 kmpl,2179 CC,142.4 bhp,5.0
Honda 320d,2015,118000.0,177913.0,Diesel,Individual,Manual,First Owner,23.6 kmpl,1197 CC,93.2 bhp,5.0
Tata Innova,2018,192000.0,133684.0,Diesel,Individual,Automatic,First Owner,20.2 kmpl,1582 CC,136.3 bhp,5.0
Skoda Rapid,2011,144000.0,126945.0,Diesel,Dealer,Manual,First Owner,13.6 kmpl,2179 CC,120.2 bhp,5.0
Volkswagen Innova,2012,78000.0,161541.0,Diesel,Individual,Manual,First Owner,24.9 kmpl,1197 CC,75.5 bhp,5.0
Maruti Nexon,2010,66000.0,201144.0,Petrol,Individual,Manual,First Owner,12.4 kmpl,1968 CC,129.1 bhp,5.0
Maruti Figo,2009,40000.0,256481.0,Diesel,Individual,Manual,First Owner,10.3 kmpl,998 CC,79.4 bhp,4.0
Volkswagen A4,2023,394000.0,43805.0,Petrol,Individual,Manual,First Owner,,1498 CC,98.7 bhp,5.0
Tata i20,2010,36000.0,136250.0,Petrol,Individual,Manual,First Owner,14.3 kmpl,796 CC,67.2 bhp,5.0
Toyota i20,2016,190000.0,120334.0,Petrol,Individual,Automatic,Second Owner,17.4 kmpl,1197 CC,82.6 bhp,5.0
Hyundai Rapid,2024,440000.0,23887.0,Petrol,Individual,Manual,First Owner,14.6 kmpl,1582 CC,124.1 bhp,7.0
Tata Nexon,2006,38000.0,191147.0,Diesel,Individual,Manual,Third Owner,16.8 kmpl,,139.9 bhp,5.0
Maruti Rapid,2013,57000.0,181121.0,Diesel,Individual,Manual,First Owner,22.7 kmpl,998 CC,81.7 bhp,5.0
Hyundai Nexon,2008,73000.0,99396.0,Diesel,Individual,Manual,First Owner,24.7 kmpl,1498 CC,121.7 bhp,5.0
Toyota Nexon,2005,72000.0,126598.0,Petrol,Dealer,Automatic,First Owner,22.2 kmpl,1498 CC,133.1 bhp,5.0
BMW A4,2023,1815000.0,24317.0,Petrol,Individual,Automatic,First Owner,18.4 kmpl,1582 CC,92.4 bhp,5.0
Maruti 320d,2006,26000.0,189501.0,CNG,Individual,Manual,First Owner,24.5 kmpl,796 CC,71.5 bhp,7.0
Skoda Innova,2010,51000.0,205436.0,Petrol,Individual,Manual,First Owner,,998 CC,57.0 bhp,5.0
Skoda Rapid,2016,149000.0,60631.0,Diesel,Individual,Manual,First Owner,,1248 CC,72.2 bhp,5.0
Mahindra Nexon,2011,117000.0,84376.0,Petrol,Individual,Manual,First Owner,10.0 kmpl,1968 CC,110.2 bhp,5.0
Toyota City,2012,112000.0,131894.0,Petrol,Individual,Manual,First Owner,20.5 kmpl,1197 CC,86.3 bhp,5.0
Mahindra XUV,2022,446000.0,32274.0,Diesel,Individual,Manual,First Owner,14.4 kmpl,1968 CC,120.1 bhp,5.0
Toyota Rapid,2014,111000.0,122782.0,Petrol,Individual,Manual,Third Owner,21.2 kmpl,1197 CC,92.7 bhp,5.0
Toyota A4,2014,134000.0,92827.0,Diesel,Individual,Manual,Third Owner,12.8 kmpl,1248 CC,109.6 bhp,5.0
Mahindra Rapid,2005,21000.0,301948.0,Diesel,Individual,Manual,First Owner,16.6 kmpl,998 CC,68.3 bhp,5.0
Mahindra Figo,2008,33000.0,141701.0,Petrol,Individual,Manual,First Owner,17.9 kmpl,796 CC,66.4 bhp,5.0
Honda City,2012,57000.0,211934.0,CNG,Individual,Manual,First Owner,17.9 kmpl,796 CC,51.2 bhp,5.0
Maruti XUV,2004,18000.0,211928.0,Petrol,Individual,Manual,First Owner,16.8 kmpl,998 CC,79.6 bhp,5.0
Mahindra Figo,2018,208000.0,47048.0,Petrol,Individual,Manual,First Owner,16.2 kmpl,1248 CC,82.7 bhp,5.0
Maruti i20,2023,423000.0,19672.0,Diesel,Individual,Manual,First Owner,10.2 kmpl,1968 CC,148.2 bhp,5.0
Volkswagen A4,2019,321000.0,40159.0,Diesel,Dealer,Manual,First Owner,24.7 kmpl,1582 CC,120.7 bhp,5.0
Maruti Rapid,2019,138000.0,111479.0,Petrol,Dealer,Manual,First Owner,18.3 kmpl,1197 CC,71.0 bhp,5.0
Maruti 320d,2005,21000.0,314216.0,Petrol,Individual,Manual,First Owner,15.7 kmpl,1248 CC,79.1 bhp,5.0
Mahindra Nexon,2010,49000.0,204507.0,Petrol,Dealer,Manual,Second Owner,10.4 kmpl,1498 CC,129.0 bhp,5.0
Maruti Innova,2006,22000.0,128809.0,Petrol,Individual,Manual,Second Owner,17.3 kmpl,796 CC,65.2 bhp,5.0
Maruti i20,2007,25000.0,276409.0,Diesel,Individual,Manual,Second Owner,,1582 CC,97.3 bhp,5.0
Volkswagen Nexon,2020,181000.0,41638.0,Petrol,Individual,Manual,Second Owner,18.5 kmpl,998 CC,68.1 bhp,5.0
Mahindra i20,2019,186000.0,,CNG,Individual,Manual,Second Owner,16.1 kmpl,1197 CC,93.9 bhp,5.0
Hyundai Figo,2009,38000.0,266348.0,Petrol,Dealer,Manual,Second Owner,22.8 kmpl,1582 CC,127.7 bhp,5.0
Maruti Rapid,2006,34000.0,208997.0,Petrol,Individual,Automatic,Second Owner,19.1 kmpl,1498 CC,84.1 bhp,7.0
Maruti City,2005,28000.0,302960.0,Petrol,Individual,Manual,First Owner,10.8 kmpl,1968 CC,127.8 bhp,5.0
Ford Nexon,2014,105000.0,111294.0,Diesel,Individual,Automatic,First Owner,25.6 kmpl,998 CC,81.2 bhp,5.0
Hyundai Rapid,2025,322000.0,,Petrol,Individual,Manual,First Owner,10.5 kmpl,796 CC,57.5 bhp,5.0
Skoda 320d,2016,251000.0,102338.0,Diesel,Dealer,Manual,First Owner,,1968 CC,165.7 bhp,5.0
BMW Innova,2008,151000.0,245262.0,Petrol,Individual,Manual,Second Owner,22.7 kmpl,1968 CC,135.2 bhp,5.0
Tata Nexon,2017,123000.0,102701.0,Petrol,Dealer,Manual,First Owner,18.1 kmpl,1197 CC,66.9 bhp,5.0
Hyundai Innova,2025,475000.0,18173.0,Diesel,Individual,Manual,Second Owner,12.6 kmpl,2179 CC,171.8 bhp,5.0
Tata 320d,2017,229000.0,110535.0,Diesel,Dealer,Manual,First Owner,12.0 kmpl,2179 CC,136.8 bhp,5.0
Hyundai Innova,2022,211000.0,43314.0,Diesel,Dealer,Manual,Second Owner,18.6 kmpl,998 CC,82.7 bhp,7.0
Toyota Innova,2011,109000.0,86462.0,Diesel,Dealer,Manual,Third Owner,13.9 kmpl,1582 CC,105.0 bhp,5.0
Tata XUV,2011,47000.0,161992.0,Diesel,Individual,Manual,Second Owner,13.4 kmpl,1582 CC,115.1 bhp,5.0
Audi i20,2024,939000.0,27801.0,LPG,Individual,Manual,Second Owner,23.7 kmpl,1248 CC,80.2 bhp,5.0
Volkswagen City,2014,115000.0,122728.0,Diesel,Individual,Manual,First Owner,17.7 kmpl,1248 CC,92.2 bhp,5.0
Maruti A4,2019,141000.0,39706.0,Diesel,Individual,Manual,First Owner,25.4 kmpl,796 CC,68.4 bhp,5.0
BMW XUV,2013,431000.0,131936.0,CNG,Individual,Automatic,First Owner,10.2 kmpl,1498 CC,89.9 bhp,7.0
Hyundai XUV,2025,472000.0,31086.0,Petrol,Individual,Manual,First Owner,22.5 kmpl,1582 CC,129.9 bhp,7.0
Hyundai Polo,2018,203000.0,77594.0,Diesel,Individual,Manual,First Owner,12.3 kmpl,1197 CC,93.6 bhp,5.0
Honda A4,2013,68000.0,176092.0,Petrol,Individual,Manual,Fourth & Above Owner,20.5 kmpl,1197 CC,83.9 bhp,5.0
Toyota Nexon,2015,148000.0,105943.0,Petrol,Individual,Manual,Second Owner,22.7 kmpl,1582 CC,87.1 bhp,5.0
Tata Nexon,2011,65000.0,110602.0,Diesel,Individual,Manual,Second Owner,20.8 kmpl,1498 CC,,5.0
Hyundai Innova,2007,59000.0,105481.0,Petrol,Individual,Manual,First Owner,17.7 kmpl,1582 CC,125.0 bhp,5.0
Hyundai City,2024,541000.0,40458.0,Diesel,Dealer,Automatic,First Owner,21.5 kmpl,1498 CC,87.3 bhp,7.0
Mahindra City,2024,279000.0,49546.0,Petrol,Individual,Manual,Second Owner,16.6 kmpl,796 CC,48.2 bhp,5.0
Mahindra A4,2010,110000.0,153226.0,Diesel,Individual,Manual,Second Owner,17.3 kmpl,2179 CC,144.5 bhp,5.0
Maruti i20,2005,19000.0,273281.0,Diesel,Individual,Manual,First Owner,21.4 kmpl,1248 CC,80.8 bhp,5.0
Hyundai Polo,2005,44000.0,267030.0,Petrol,Individual,Manual,First Owner,12.5 kmpl,2179 CC,123.3 bhp,5.0
Ford i20,2015,105000.0,159894.0,Diesel,Individual,Automatic,Second Owner,23.7 kmpl,998 CC,79.0 bhp,7.0
Skoda Innova,2018,214000.0,124651.0,Diesel,Individual,Manual,Second Owner,21.6 kmpl,1582 CC,113.6 bhp,5.0
Tata Polo,2014,84000.0,187366.0,CNG,Individual,Manual,First Owner,20.8 kmpl,1248 CC,91.4 bhp,5.0
Toyota i20,2005,35000.0,262702.0,Petrol,Dealer,Manual,First Owner,18.9 kmpl,1498 CC,104.3 bhp,5.0
Tata Polo,2025,316000.0,20998.0,Diesel,Individual,Manual,Third Owner,17.4 kmpl,1498 CC,108.6 bhp,5.0
Mahindra i20,2018,137000.0,129786.0,Petrol,Individual,Manual,Second Owner,15.4 kmpl,1197 CC,100.3 bhp,5.0
Maruti City,2023,293000.0,23456.0,Diesel,Individual,Manual,First Owner,21.1 kmpl,1248 CC,87.8 bhp,5.0
BMW 320d,2004,117000.0,239090.0,Diesel,Individual,Manual,Third Owner,14.3 kmpl,2179 CC,155.6 bhp,7.0
Maruti 320d,2022,198000.0,59841.0,CNG,Individual,Manual,First Owner,21.2 kmpl,998 CC,69.1 bhp,5.0
Volkswagen Polo,2011,63000.0,193177.0,Petrol,Individual,Manual,First Owner,13.0 kmpl,1248 CC,101.0 bhp,5.0
Honda i20,2008,39000.0,219261.0,Petrol,Dealer,Manual,First Owner,17.0 kmpl,1248 CC,72.8 bhp,4.0
Skoda A4,2010,74000.0,232788.0,Diesel,Individual,Automatic,First Owner,21.5 kmpl,,92.6 bhp,4.0
Hyundai A4,2008,65000.0,96645.0,Petrol,Individual,Manual,First Owner,18.3 kmpl,2179 CC,184.4 bhp,5.0
Maruti Polo,2013,65000.0,131571.0,Diesel,Dealer,Manual,First Owner,22.6 kmpl,998 CC,59.0 bhp,5.0
Maruti Figo,2018,224000.0,116451.0,Petrol,Individual,Manual,First Owner,13.5 kmpl,2179 CC,156.2 bhp,5.0
Hyundai Figo,2017,131000.0,113252.0,Diesel,Trustmark Dealer,Manual,First Owner,21.0 kmpl,998 CC,86.6 bhp,5.0
Honda XUV,2019,194000.0,78090.0,Petrol,Individual,Manual,First Owner,15.4 kmpl,1197 CC,100.4 bhp,5.0
Maruti Rapid,2008,22000.0,182528.0,CNG,Individual,Manual,First Owner,19.4 kmpl,796 CC,56.3 bhp,7.0
Toyota Polo,2024,522000.0,22914.0,Diesel,Individual,Manual,First Owner,16.1 kmpl,796 CC,50.2 bhp,5.0
Maruti Rapid,2013,87000.0,161096.0,Diesel,Dealer,Manual,Third Owner,10.5 kmpl,2179 CC,154.2 bhp,5.0
Skoda Innova,2010,53000.0,242860.0,Petrol,Dealer,Manual,Fourth & Above Owner,15.5 kmpl,1582 CC,119.5 bhp,5.0
Maruti Figo,2010,44000.0,97468.0,Diesel,Individual,Manual,First Owner,14.0 kmpl,998 CC,61.2 bhp,5.0
Ford Swift,2005,27000.0,321838.0,Petrol,Dealer,Manual,Second Owner,22.9 kmpl,2179 CC,185.4 bhp,5.0
Maruti i20,2005,23000.0,313674.0,Petrol,Trustmark Dealer,Manual,First Owner,24.8 kmpl,1582 CC,106.3 bhp,5.0
Volkswagen Innova,2010,44000.0,212603.0,Petrol,Individual,Manual,Third Owner,16.0 kmpl,1582 CC,129.5 bhp,7.0
Volkswagen Nexon,2014,118000.0,179110.0,Diesel,Individual,Automatic,Third Owner,10.8 kmpl,1968 CC,163.9 bhp,5.0
Ford A4,2004,24000.0,233275.0,Petrol,Dealer,Manual,First Owner,12.8 kmpl,1498 CC,109.4 bhp,5.0
Honda XUV,2015,176000.0,162980.0,Diesel,Individual,Manual,First Owner,22.1 kmpl,2179 CC,186.5 bhp,5.0
Hyundai 320d,2012,92000.0,208282.0,Diesel,Individual,Manual,First Owner,22.3 kmpl,1582 CC,116.7 bhp,7.0
Honda Polo,2010,85000.0,243978.0,Diesel,Individual,Manual,First Owner,13.3 kmpl,,135.1 bhp,5.0
Maruti Polo,2005,29000.0,225563.0,Diesel,Individual,Automatic,First Owner,14.8 kmpl,1248 CC,87.5 bhp,5.0
Hyundai Swift,2008,45000.0,224773.0,Petrol,Individual,Manual,First Owner,19.0 kmpl,1582 CC,104.5 bhp,5.0
Hyundai A4,2007,64000.0,103266.0,Diesel,Dealer,Manual,First Owner,,1582 CC,126.7 bhp,7.0
Volkswagen Innova,2018,157000.0,50914.0,Petrol,Individual,Manual,Second Owner,16.9 kmpl,1498 CC,122.9 bhp,7.0
Hyundai Figo,2005,37000.0,234832.0,Diesel,Individual,Manual,Second Owner,14.6 kmpl,1968 CC,144.8 bhp,5.0
Hyundai Innova,2011,54000.0,186447.0,CNG,Individual,Manual,Fourth & Above Owner,20.5 kmpl,2179 CC,171.4 bhp,5.0
Audi Polo,2017,590000.0,117972.0,Petrol,Individual,Manual,First Owner,25.7 kmpl,1968 CC,140.2 bhp,5.0
Hyundai Polo,2004,30000.0,185884.0,Petrol,Dealer,Automatic,Second Owner,19.9 kmpl,1498 CC,105.8 bhp,5.0
Hyundai 320d,2022,443000.0,58445.0,Diesel,Individual,Manual,First Owner,24.8 kmpl,1968 CC,176.5 bhp,7.0
Skoda Figo,2021,193000.0,46120.0,CNG,Individual,Manual,First Owner,20.5 kmpl,796 CC,65.5 bhp,5.0
Honda A4,2009,49000.0,271492.0,Petrol,Individual,Manual,First Owner,14.1 kmpl,1498 CC,89.5 bhp,5.0
Audi Figo,2010,320000.0,176335.0,Petrol,Individual,Automatic,First Owner,17.7 kmpl,1968 CC,115.7 bhp,5.0
Hyundai Rapid,2006,40000.0,274794.0,Diesel,Individual,Automatic,First Owner,19.1 kmpl,1498 CC,115.9 bhp,5.0
Tata XUV,2020,262000.0,88055.0,Diesel,Individual,Manual,First Owner,14.9 kmpl,1582 CC,111.4 bhp,5.0
Honda i20,2019,192000.0,104507.0,Diesel,Individual,Manual,First Owner,25.4 kmpl,998 CC,66.1 bhp,5.0
Hyundai Innova,2021,281000.0,64082.0,Petrol,Individual,Manual,First Owner,14.2 kmpl,1498 CC,85.2 bhp,5.0
Skoda City,2018,183000.0,128022.0,Petrol,Individual,Manual,Second Owner,18.7 kmpl,1968 CC,155.0 bhp,5.0
BMW i20,2021,892000.0,57193.0,Petrol,Individual,Manual,Second Owner,13.0 kmpl,2179 CC,166.3 bhp,5.0
BMW City,2024,1627000.0,16855.0,CNG,Individual,Manual,First Owner,16.5 kmpl,1498 CC,130.0 bhp,5.0
Tata Rapid,2008,38000.0,183573.0,Petrol,Individual,Manual,First Owner,16.8 kmpl,1197 CC,86.3 bhp,5.0
Tata Rapid,2016,62000.0,76697.0,Petrol,Individual,Manual,Second Owner,17.6 kmpl,796 CC,44.4 bhp,5.0
Volkswagen Swift,2023,510000.0,52211.0,Petrol,Individual,Manual,First Owner,10.2 kmpl,1968 CC,162.4 bhp,5.0
Hyundai 320d,2009,45000.0,246610.0,Petrol,Individual,Manual,First Owner,11.5 kmpl,1248 CC,86.7 bhp,5.0
Tata City,2015,116000.0,125693.0,Diesel,Individual,Manual,First Owner,19.2 kmpl,1248 CC,82.5 bhp,5.0
Maruti i20,2015,95000.0,67372.0,Diesel,Individual,Manual,Second Owner,24.5 kmpl,1248 CC,110.3 bhp,5.0
Maruti Polo,2024,323000.0,44238.0,Petrol,Individual,Manual,First Owner,15.6 kmpl,1498 CC,118.3 bhp,7.0
Hyundai Rapid,2025,416000.0,25844.0,Petrol,Dealer,Automatic,Second Owner,20.1 kmpl,1197 CC,92.7 bhp,5.0
Ford Innova,2011,62000.0,139918.0,Diesel,Dealer,Automatic,First Owner,15.1 kmpl,998 CC,86.7 bhp,5.0
Tata i20,2022,503000.0,42856.0,Diesel,Individual,Manual,First Owner,12.5 kmpl,2179 CC,156.3 bhp,5.0
Honda Rapid,2024,371000.0,31069.0,Petrol,Individual,Manual,Second Owner,12.8 kmpl,1498 CC,118.0 bhp,5.0
Hyundai Polo,2009,41000.0,161420.0,Diesel,Individual,Manual,Third Owner,14.9 kmpl,796 CC,52.9 bhp,5.0
Toyota Swift,2020,301000.0,64584.0,Diesel,Individual,Manual,Third Owner,23.2 kmpl,1197 CC,69.9 bhp,5.0
Honda 320d,2009,35000.0,261797.0,Petrol,Individual,Automatic,Second Owner,15.6 kmpl,796 CC,65.4 bhp,5.0
Toyota Swift,2017,212000.0,133641.0,Diesel,Individual,Manual,Second Owner,18.1 kmpl,,86.7 bhp,5.0
Honda Polo,2024,602000.0,23045.0,Petrol,Individual,Manual,First Owner,14.8 kmpl,2179 CC,137.9 bhp,5.0
Maruti Swift,2004,27000.0,159627.0,Petrol,Individual,Manual,First Owner,13.3 kmpl,1582 CC,110.9 bhp,7.0
Toyota Figo,2023,411000.0,45994.0,Diesel,Individual,Manual,First Owner,18.8 kmpl,998 CC,59.3 bhp,5.0
Mahindra 320d,2004,18000.0,315569.0,Petrol,Individual,Automatic,First Owner,21.0 kmpl,796 CC,61.6 bhp,5.0
Toyota Swift,2015,250000.0,64941.0,Petrol,Individual,Manual,First Owner,14.1 kmpl,1968 CC,154.9 bhp,5.0
Hyundai Nexon,2007,64000.0,103130.0,Petrol,Individual,Manual,Second Owner,16.7 kmpl,2179 CC,152.5 bhp,5.0
Volkswagen Rapid,2023,422000.0,39804.0,Diesel,Individual,Automatic,First Owner,11.3 kmpl,998 CC,69.4 bhp,7.0
Hyundai i20,2004,24000.0,133837.0,Diesel,Individual,Manual,Second Owner,10.4 kmpl,796 CC,65.2 bhp,5.0
Toyota Innova,2006,85000.0,173577.0,Diesel,Individual,Manual,First Owner,19.2 kmpl,1968 CC,112.1 bhp,5.0
Mahindra XUV,2018,159000.0,59881.0,Petrol,Individual,Manual,First Owner,20.7 kmpl,796 CC,61.8 bhp,5.0
Maruti 320d,2007,35000.0,273815.0,Diesel,Individual,Manual,First Owner,16.0 kmpl,1498 CC,,5.0
Maruti Polo,2018,123000.0,58169.0,Petrol,Individual,Manual,First Owner,22.7 kmpl,,72.4 bhp,5.0
Honda Polo,2023,433000.0,29911.0,Diesel,Individual,Automatic,Second Owner,18.2 kmpl,1582 CC,133.1 bhp,5.0
Tata Rapid,2022,266000.0,46060.0,Petrol,Dealer,Manual,Third Owner,23.7 kmpl,2179 CC,166.3 bhp,5.0
Ford Rapid,2006,32000.0,204908.0,LPG,Dealer,Manual,First Owner,14.2 kmpl,1582 CC,113.0 bhp,7.0
Mahindra Figo,2024,473000.0,27963.0,Diesel,Individual,Manual,First Owner,16.5 kmpl,796 CC,67.5 bhp,5.0
Toyota Swift,2007,66000.0,223493.0,Petrol,Individual,Manual,First Owner,22.3 kmpl,1582 CC,136.6 bhp,5.0
Hyundai A4,2012,170000.0,106275.0,Diesel,Individual,Automatic,First Owner,11.3 kmpl,1968 CC,143.9 bhp,5.0
Maruti i20,2013,69000.0,181885.0,Diesel,Individual,Manual,First Owner,10.8 kmpl,1498 CC,87.3 bhp,5.0
Maruti Rapid,2012,101000.0,176410.0,Diesel,Individual,Manual,First Owner,14.9 kmpl,1968 CC,119.4 bhp,5.0
Ford Swift,2005,23000.0,298932.0,Petrol,Individual,Manual,First Owner,23.8 kmpl,1582 CC,115.9 bhp,5.0
Mahindra Figo,2020,375000.0,33426.0,Diesel,Individual,Manual,First Owner,10.9 kmpl,1582 CC,139.1 bhp,5.0
Honda Swift,2008,49000.0,204635.0,Petrol,Individual,Manual,Second Owner,14.7 kmpl,1582 CC,109.7 bhp,5.0
Tata Polo,2009,76000.0,95119.0,Petrol,Trustmark Dealer,Manual,First Owner,21.3 kmpl,2179 CC,150.1 bhp,4.0
Skoda City,2004,41000.0,200551.0,Petrol,Individual,Manual,Third Owner,15.9 kmpl,2179 CC,175.5 bhp,7.0
Hyundai XUV,2021,185000.0,83192.0,Petrol,Dealer,Manual,Third Owner,11.0 kmpl,1248 CC,79.2 bhp,5.0
Volkswagen Swift,2019,207000.0,53003.0,Petrol,Individual,Manual,First Owner,15.7 kmpl,1582 CC,112.3 bhp,7.0
Mahindra A4,2020,375000.0,54912.0,Diesel,Individual,Manual,First Owner,13.3 kmpl,1582 CC,106.3 bhp,
Toyota A4,2004,36000.0,181342.0,Diesel,Individual,Manual,Second Owner,15.8 kmpl,1197 CC,107.6 bhp,5.0
Maruti Nexon,2016,87000.0,131435.0,Diesel,Individual,Manual,Second Owner,16.8 kmpl,998 CC,69.6 bhp,5.0
Ford i20,2022,278000.0,69728.0,Petrol,Individual,Manual,First Owner,23.4 kmpl,1498 CC,86.2 bhp,4.0
Tata Polo,2024,238000.0,36168.0,Petrol,Individual,Manual,Second Owner,18.3 kmpl,1248 CC,103.8 bhp,5.0
Ford Figo,2013,44000.0,146922.0,Petrol,Individual,Manual,First Owner,18.0 kmpl,796 CC,51.0 bhp,5.0
Maruti 320d,2024,431000.0,29500.0,Petrol,Individual,Manual,First Owner,12.9 kmpl,2179 CC,148.4 bhp,5.0
Ford A4,2019,227000.0,94568.0,CNG,Individual,Automatic,First Owner,16.0 kmpl,1248 CC,85.2 bhp,4.0
Skoda 320d,2020,326000.0,89987.0,Diesel,Individual,Manual,First Owner,19.4 kmpl,1582 CC,125.2 bhp,5.0
Hyundai A4,2015,178000.0,108606.0,Petrol,Individual,Manual,First Owner,21.4 kmpl,,152.6 bhp,5.0
Tata Figo,2016,109000.0,65154.0,CNG,Individual,Manual,First Owner,15.8 kmpl,1248 CC,72.1 bhp,5.0
Hyundai i20,2015,182000.0,133539.0,Diesel,Trustmark Dealer,Automatic,First Owner,22.2 kmpl,1582 CC,138.3 bhp,7.0
Maruti Polo,2019,287000.0,55880.0,Diesel,Individual,Automatic,First Owner,14.4 kmpl,1582 CC,93.1 bhp,5.0
Volkswagen i20,2016,203000.0,125589.0,Petrol,Individual,Manual,First Owner,21.1 kmpl,2179 CC,155.4 bhp,5.0
Hyundai Nexon,2021,247000.0,66075.0,LPG,Individual,Automatic,Second Owner,13.5 kmpl,1498 CC,133.4 bhp,5.0
Tata i20,2005,31000.0,263795.0,Petrol,Dealer,Automatic,Second Owner,24.9 kmpl,1968 CC,176.7 bhp,5.0
Hyundai 320d,2024,284000.0,37670.0,Diesel,Individual,Automatic,First Owner,20.6 kmpl,796 CC,56.4 bhp,5.0
Tata Figo,2016,156000.0,125949.0,Diesel,Individual,Manual,First Owner,18.5 kmpl,1968 CC,130.0 bhp,5.0
Hyundai Figo,2016,101000.0,123730.0,Petrol,Individual,Manual,First Owner,,998 CC,64.8 bhp,5.0
Honda A4,2014,109000.0,152906.0,Petrol,Individual,Manual,Second Owner,10.5 kmpl,1968 CC,147.6 bhp,5.0
Toyota Innova,2010,66000.0,202346.0,Diesel,Individual,Manual,Third Owner,11.3 kmpl,1197 CC,86.9 bhp,5.0
Volkswagen Nexon,2010,90000.0,184779.0,Diesel,Trustmark Dealer,Automatic,First Owner,20.0 kmpl,1582 CC,99.9 bhp,4.0
Toyota Innova,2019,335000.0,97973.0,Diesel,Individual,Manual,First Owner,20.1 kmpl,1582 CC,126.5 bhp,5.0
Hyundai Rapid,2025,456000.0,20890.0,Petrol,Individual,Manual,First Owner,22.0 kmpl,1197 CC,87.8 bhp,5.0
Honda Swift,2005,32000.0,299417.0,Petrol,Dealer,Manual,First Owner,23.3 kmpl,1968 CC,134.3 bhp,7.0
Honda A4,2004,37000.0,277120.0,Diesel,Dealer,Manual,Third Owner,24.8 kmpl,2179 CC,166.2 bhp,5.0
Hyundai Nexon,2014,94000.0,135673.0,Petrol,Individual,Manual,Third Owner,23.2 kmpl,1968 CC,162.0 bhp,
Mahindra Rapid,2005,47000.0,181043.0,Diesel,Individual,Manual,Second Owner,20.8 kmpl,1498 CC,101.8 bhp,5.0
Skoda City,2017,172000.0,128662.0,Diesel,Individual,Manual,First Owner,18.6 kmpl,796 CC,62.1 bhp,
Volkswagen Polo,2008,31000.0,273036.0,Petrol,Individual,Manual,First Owner,19.8 kmpl,1197 CC,67.8 bhp,5.0
Skoda Swift,2020,273000.0,73590.0,Petrol,Individual,Automatic,First Owner,13.3 kmpl,1248 CC,108.4 bhp,5.0
Volkswagen Figo,2018,392000.0,51328.0,CNG,Individual,Automatic,First Owner,17.3 kmpl,2179 CC,195.3 bhp,5.0
Hyundai Figo,2024,593000.0,17827.0,Diesel,Individual,Manual,First Owner,19.8 kmpl,1968 CC,136.7 bhp,5.0
Volkswagen Polo,2008,66000.0,193384.0,Petrol,Dealer,Manual,First Owner,14.2 kmpl,1968 CC,156.1 bhp,5.0
Audi Rapid,2012,177000.0,134259.0,Diesel,Dealer,Manual,Second Owner,25.1 kmpl,,76.4 bhp,5.0
Mahindra City,2013,106000.0,176885.0,Petrol,Individual,Manual,First Owner,10.1 kmpl,1582 CC,,5.0
Maruti i20,2023,293000.0,37661.0,Petrol,Dealer,Manual,Second Owner,11.9 kmpl,1582 CC,99.8 bhp,5.0
Tata Rapid,2021,128000.0,85255.0,Petrol,Individual,Manual,Third Owner,15.3 kmpl,998 CC,75.3 bhp,5.0
Maruti City,2015,148000.0,99761.0,Petrol,Individual,Manual,First Owner,12.7 kmpl,2179 CC,138.2 bhp,5.0
Volkswagen Figo,2017,218000.0,71359.0,Diesel,Dealer,Manual,Third Owner,10.7 kmpl,2179 CC,170.5 bhp,5.0
Honda City,2016,182000.0,85790.0,Petrol,Individual,Manual,Second Owner,12.7 kmpl,1582 CC,96.6 bhp,5.0
Toyota Rapid,2021,409000.0,87437.0,Diesel,Individual,Manual,First Owner,18.4 kmpl,1197 CC,71.8 bhp,5.0
Skoda Swift,2017,206000.0,87504.0,CNG,Individual,Manual,First Owner,17.5 kmpl,1582 CC,118.8 bhp,5.0
Honda Swift,2023,414000.0,24318.0,Diesel,Dealer,Manual,Second Owner,19.3 kmpl,1498 CC,106.4 bhp,7.0
Mahindra i20,2020,174000.0,63758.0,Petrol,Individual,Manual,First Owner,,796 CC,53.9 bhp,5.0
Toyota XUV,2025,1242000.0,17366.0,Diesel,Individual,Automatic,First Owner,13.5 kmpl,1968 CC,136.7 bhp,5.0
Ford Polo,2025,357000.0,12669.0,Petrol,Individual,Manual,Third Owner,17.5 kmpl,1498 CC,88.6 bhp,5.0
Audi Innova,2016,294000.0,119793.0,Petrol,Individual,Automatic,First Owner,17.8 kmpl,796 CC,50.1 bhp,7.0
Honda 320d,2005,39000.0,126270.0,Diesel,Individual,Manual,Second Owner,18.2 kmpl,1582 CC,88.4 bhp,5.0
Maruti Polo,2005,22000.0,215736.0,Diesel,Dealer,Manual,First Owner,19.6 kmpl,1248 CC,87.8 bhp,5.0
Volkswagen XUV,2007,32000.0,196886.0,Diesel,Individual,Manual,Second Owner,16.3 kmpl,998 CC,88.7 bhp,5.0
Maruti 320d,2014,82000.0,119171.0,Petrol,Individual,Manual,First Owner,11.4 kmpl,1248 CC,103.3 bhp,5.0
Ford XUV,2015,101000.0,117619.0,Petrol,Individual,Automatic,First Owner,14.4 kmpl,1248 CC,108.7 bhp,5.0
Maruti Figo,2018,143000.0,104306.0,Diesel,Individual,Manual,First Owner,23.6 kmpl,1248 CC,86.2 bhp,7.0
Hyundai City,2018,161000.0,124406.0,Petrol,Dealer,Manual,First Owner,15.0 kmpl,1248 CC,81.3 bhp,5.0
Mahindra Rapid,2024,287000.0,34122.0,Diesel,Dealer,Manual,Second Owner,12.0 kmpl,1197 CC,91.8 bhp,5.0
Mahindra City,2018,162000.0,118871.0,Petrol,Dealer,Manual,First Owner,15.7 kmpl,1197 CC,95.9 bhp,5.0
Toyota A4,2018,185000.0,87390.0,Petrol,Trustmark Dealer,Manual,First Owner,21.5 kmpl,998 CC,81.6 bhp,5.0
Volkswagen Polo,2018,380000.0,51172.0,Diesel,Individual,Manual,First Owner,16.0 kmpl,1968 CC,167.2 bhp,5.0
Maruti i20,2013,51000.0,163386.0,Petrol,Individual,Manual,First Owner,15.7 kmpl,1197 CC,99.2 bhp,5.0
Tata Rapid,2006,37000.0,237234.0,Petrol,Individual,Manual,Second Owner,24.7 kmpl,2179 CC,123.9 bhp,5.0
Maruti XUV,2022,243000.0,43425.0,Petrol,Individual,Manual,Second Owner,14.6 kmpl,1248 CC,80.0 bhp,5.0
Maruti Nexon,2016,151000.0,119008.0,CNG,Dealer,Manual,First Owner,12.9 kmpl,2179 CC,170.7 bhp,5.0
Maruti Figo,2007,33000.0,177270.0,Petrol,Individual,Manual,First Owner,13.0 kmpl,1248 CC,92.1 bhp,
Hyundai XUV,2010,64000.0,197221.0,Diesel,Individual,Manual,First Owner,25.0 kmpl,1248 CC,76.8 bhp,5.0
Mahindra Figo,2016,162000.0,94362.0,Diesel,Individual,Manual,Second Owner,25.6 kmpl,1498 CC,103.4 bhp,5.0
Tata Nexon,2010,79000.0,147392.0,Diesel,Individual,Manual,First Owner,13.0 kmpl,1968 CC,160.2 bhp,5.0
Toyota City,2017,265000.0,71161.0,Diesel,Dealer,Automatic,First Owner,21.5 kmpl,1248 CC,86.4 bhp,5.0
Mahindra Swift,2017,153000.0,118725.0,Petrol,Individual,Automatic,Third Owner,17.7 kmpl,1197 CC,92.8 bhp,5.0
Honda Swift,2018,242000.0,72459.0,Petrol,Individual,Manual,First Owner,19.7 kmpl,1582 CC,112.0 bhp,5.0
Toyota Innova,2018,203000.0,84185.0,Diesel,Dealer,Manual,Second Owner,,998 CC,87.2 bhp,5.0
Maruti i20,2022,354000.0,67725.0,Petrol,Individual,Manual,First Owner,23.8 kmpl,2179 CC,141.6 bhp,5.0
Hyundai 320d,2019,333000.0,105230.0,Petrol,Individual,Automatic,First Owner,21.9 kmpl,2179 CC,166.2 bhp,5.0
Tata Innova,2011,46000.0,163736.0,Petrol,Individual,Manual,First Owner,22.4 kmpl,796 CC,64.2 bhp,5.0
Ford Swift,2014,133000.0,92886.0,Diesel,Individual,Manual,First Owner,23.7 kmpl,1498 CC,120.1 bhp,5.0
Hyundai Swift,2012,113000.0,140629.0,Diesel,Dealer,Manual,First Owner,,2179 CC,148.5 bhp,5.0
Maruti Innova,2012,78000.0,186738.0,Petrol,Dealer,Manual,Second Owner,,2179 CC,192.4 bhp,4.0
Audi A4,2004,105000.0,226456.0,Diesel,Individual,Manual,Second Owner,15.1 kmpl,1968 CC,145.5 bhp,5.0
Maruti Figo,2019,119000.0,85341.0,Diesel,Individual,Automatic,Second Owner,13.8 kmpl,796 CC,,5.0
Honda Rapid,2019,269000.0,95505.0,Petrol,Individual,Manual,First Owner,14.5 kmpl,2179 CC,162.7 bhp,5.0
Honda Polo,2005,29000.0,137763.0,Petrol,Individual,Manual,Second Owner,12.7 kmpl,998 CC,80.0 bhp,5.0
Hyundai City,2016,166000.0,92916.0,Diesel,Individual,Manual,First Owner,25.1 kmpl,1248 CC,75.0 bhp,7.0
Mahindra Polo,2022,375000.0,63327.0,Diesel,Individual,Manual,Second Owner,14.2 kmpl,1968 CC,134.1 bhp,
Toyota XUV,2025,1101000.0,18241.0,Diesel,Individual,Automatic,First Owner,21.5 kmpl,1498 CC,119.6 bhp,7.0
Hyundai i20,2010,54000.0,193479.0,Petrol,Individual,Manual,Third Owner,12.5 kmpl,1248 CC,99.1 bhp,5.0
Hyundai Polo,2010,42000.0,234373.0,Diesel,Individual,Manual,First Owner,22.6 kmpl,1248 CC,93.4 bhp,5.0
Maruti Nexon,2005,24000.0,228615.0,CNG,Individual,Automatic,First Owner,14.5 kmpl,1197 CC,107.7 bhp,7.0
Maruti Swift,2004,28000.0,156547.0,Petrol,Individual,Manual,Fourth & Above Owner,18.4 kmpl,2179 CC,147.4 bhp,5.0
Volkswagen Polo,2020,397000.0,86474.0,Diesel,Individual,Manual,First Owner,22.0 kmpl,2179 CC,183.8 bhp,5.0
Maruti Figo,2007,39000.0,288799.0,Diesel,Individual,Manual,First Owner,15.2 kmpl,2179 CC,165.3 bhp,5.0
Hyundai Swift,2019,230000.0,82374.0,Petrol,Individual,Manual,First Owner,20.4 kmpl,1968 CC,113.4 bhp,4.0
Hyundai City,2007,67000.0,158593.0,Petrol,Individual,Manual,First Owner,19.5 kmpl,2179 CC,193.5 bhp,5.0
Tata Rapid,2016,97000.0,116028.0,Petrol,Individual,Manual,Second Owner,12.1 kmpl,1582 CC,113.4 bhp,5.0
Tata City,2015,89000.0,158343.0,CNG,Individual,Manual,Third Owner,19.7 kmpl,1498 CC,126.9 bhp,7.0
Hyundai Innova,2023,283000.0,40515.0,Petrol,Individual,Manual,First Owner,25.9 kmpl,1197 CC,71.1 bhp,4.0
Maruti XUV,2010,69000.0,121949.0,Petrol,Trustmark Dealer,Manual,First Owner,10.8 kmpl,1582 CC,115.0 bhp,5.0
Honda City,2008,37000.0,230777.0,Petrol,Individual,Manual,First Owner,24.8 kmpl,1248 CC,72.8 bhp,5.0
Tata A4,2004,26000.0,298137.0,Diesel,Individual,Manual,First Owner,21.1 kmpl,1968 CC,154.7 bhp,5.0
Hyundai Figo,2006,39000.0,256914.0,Petrol,Individual,Manual,First Owner,12.3 kmpl,1968 CC,165.6 bhp,5.0
Maruti Nexon,2010,51000.0,143946.0,Diesel,Individual,Manual,First Owner,20.1 kmpl,1197 CC,66.3 bhp,5.0
Tata XUV,2015,64000.0,102411.0,Petrol,Individual,Manual,First Owner,18.6 kmpl,998 CC,66.8 bhp,7.0
Honda City,2012,126000.0,,Petrol,Individual,Manual,First Owner,22.2 kmpl,2179 CC,179.8 bhp,5.0
Skoda 320d,2022,484000.0,31620.0,CNG,Individual,Manual,First Owner,21.6 kmpl,1498 CC,122.4 bhp,5.0
BMW City,2010,135000.0,220340.0,Petrol,Dealer,Manual,Second Owner,17.2 kmpl,1582 CC,141.8 bhp,
Maruti i20,2005,15000.0,312733.0,Petrol,Individual,Manual,First Owner,19.1 kmpl,998 CC,74.5 bhp,5.0
Toyota i20,2023,550000.0,32861.0,Diesel,Dealer,Manual,First Owner,25.9 kmpl,1248 CC,107.4 bhp,5.0
Honda Polo,2025,591000.0,15197.0,Petrol,Dealer,Manual,First Owner,,1582 CC,114.6 bhp,5.0
Maruti City,2023,357000.0,25927.0,Diesel,Dealer,Automatic,First Owner,16.0 kmpl,1498 CC,102.9 bhp,5.0
Toyota Rapid,2010,64000.0,236676.0,Diesel,Individual,Manual,First Owner,21.0 kmpl,796 CC,60.8 bhp,
Hyundai Polo,2006,24000.0,269924.0,Diesel,Individual,Manual,First Owner,22.0 kmpl,796 CC,66.5 bhp,5.0
Maruti Rapid,2020,240000.0,59777.0,Petrol,Individual,Manual,First Owner,10.3 kmpl,1498 CC,107.4 bhp,5.0
BMW A4,2006,91000.0,252436.0,Petrol,Individual,Manual,First Owner,18.3 kmpl,1248 CC,100.7 bhp,5.0
Honda City,2011,100000.0,197401.0,Petrol,Individual,Manual,Second Owner,25.0 kmpl,1968 CC,169.3 bhp,7.0
Tata City,2007,33000.0,135556.0,LPG,Individual,Manual,First Owner,10.6 kmpl,796 CC,64.9 bhp,5.0
Volkswagen Polo,2005,18000.0,322500.0,Petrol,Individual,Manual,First Owner,20.9 kmpl,1248 CC,80.2 bhp,5.0
Hyundai Polo,2013,108000.0,143638.0,Petrol,Dealer,Manual,Third Owner,12.8 kmpl,2179 CC,192.8 bhp,5.0
Mahindra 320d,2013,82000.0,199047.0,Diesel,Dealer,Manual,First Owner,13.8 kmpl,998 CC,55.4 bhp,5.0
Mahindra Innova,2024,263000.0,29470.0,Petrol,Individual,Manual,Second Owner,14.0 kmpl,796 CC,46.9 bhp,5.0
Hyundai Innova,2004,26000.0,217459.0,Petrol,Individual,Manual,Second Owner,20.0 kmpl,1582 CC,125.3 bhp,5.0
Maruti A4,2004,15000.0,315923.0,Diesel,Individual,Automatic,Second Owner,22.8 kmpl,1197 CC,69.8 bhp,
Hyundai i20,2022,248000.0,52828.0,Petrol,Individual,Manual,Second Owner,17.2 kmpl,1582 CC,101.8 bhp,5.0
Hyundai Nexon,2019,336000.0,91148.0,Diesel,Individual,Manual,First Owner,12.7 kmpl,2179 CC,169.5 bhp,5.0
Mahindra Nexon,2006,22000.0,260918.0,Petrol,Individual,Manual,First Owner,12.3 kmpl,796 CC,71.0 bhp,5.0
Hyundai A4,2009,54000.0,274457.0,Diesel,Dealer,Automatic,First Owner,11.1 kmpl,998 CC,73.4 bhp,5.0
Hyundai City,2004,15000.0,323877.0,Diesel,Individual,Manual,Second Owner,10.2 kmpl,1248 CC,97.3 bhp,5.0
Maruti Rapid,2022,323000.0,79480.0,Diesel,Individual,Automatic,First Owner,25.8 kmpl,998 CC,85.2 bhp,5.0
Audi Rapid,2024,1305000.0,38995.0,Petrol,Individual,Manual,First Owner,13.7 kmpl,1582 CC,116.8 bhp,5.0
Mahindra Innova,2007,41000.0,117007.0,Diesel,Individual,Manual,First Owner,21.1 kmpl,796 CC,61.8 bhp,7.0
Ford Nexon,2021,290000.0,80271.0,Diesel,Individual,Manual,Second Owner,24.6 kmpl,2179 CC,174.6 bhp,5.0
Mahindra Innova,2008,57000.0,238632.0,Diesel,Individual,Manual,First Owner,23.7 kmpl,1968 CC,152.0 bhp,5.0
Ford Polo,2005,42000.0,217787.0,Diesel,Individual,Manual,Second Owner,16.1 kmpl,2179 CC,145.9 bhp,7.0
Tata i20,2020,103000.0,100056.0,Petrol,Dealer,Manual,Third Owner,20.7 kmpl,998 CC,68.5 bhp,5.0
Mahindra Rapid,2019,388000.0,72893.0,Diesel,Individual,Manual,First Owner,25.8 kmpl,2179 CC,162.9 bhp,7.0
Mahindra 320d,2014,145000.0,166131.0,Petrol,Individual,Manual,First Owner,23.7 kmpl,1968 CC,158.4 bhp,5.0
Volkswagen Swift,2009,49000.0,119974.0,Diesel,Individual,Manual,First Owner,19.7 kmpl,796 CC,54.7 bhp,7.0
Audi City,2017,533000.0,104565.0,Diesel,Individual,Manual,Third Owner,22.8 kmpl,1582 CC,,5.0
Toyota Rapid,2016,299000.0,73741.0,Diesel,Individual,Manual,Third Owner,22.9 kmpl,2179 CC,183.8 bhp,5.0
Mahindra Swift,2007,40000.0,222314.0,Petrol,Individual,Manual,First Owner,12.5 kmpl,1582 CC,,4.0
Tata Rapid,2015,96000.0,146604.0,Petrol,Individual,Automatic,First Owner,18.4 kmpl,1248 CC,105.9 bhp,7.0
Maruti Swift,2015,74000.0,165010.0,Diesel,Individual,Manual,First Owner,21.3 kmpl,998 CC,72.2 bhp,5.0
Tata A4,2018,203000.0,57806.0,Diesel,Individual,Manual,First Owner,16.9 kmpl,1248 CC,108.9 bhp,5.0
Mahindra Polo,2006,77000.0,132631.0,Petrol,Dealer,Manual,First Owner,17.0 kmpl,2179 CC,149.2 bhp,5.0
Honda Polo,2011,49000.0,228556.0,Petrol,Individual,Automatic,First Owner,18.9 kmpl,796 CC,52.7 bhp,5.0
Ford Figo,2006,36000.0,137045.0,Petrol,Individual,Manual,Second Owner,15.1 kmpl,1248 CC,91.1 bhp,5.0
Mahindra Figo,2019,193000.0,67364.0,Diesel,Individual,Manual,First Owner,13.7 kmpl,796 CC,70.5 bhp,5.0
Mahindra City,2014,154000.0,67851.0,Diesel,Individual,Manual,First Owner,,1498 CC,99.8 bhp,5.0
Mahindra XUV,2005,45000.0,129743.0,Petrol,Individual,Automatic,Second Owner,24.0 kmpl,1582 CC,89.5 bhp,5.0
Honda A4,2010,56000.0,226229.0,Diesel,Individual,Manual,First Owner,16.5 kmpl,796 CC,50.5 bhp,5.0
Toyota Figo,2013,202000.0,118096.0,Diesel,Individual,Manual,First Owner,21.4 kmpl,1582 CC,109.9 bhp,5.0
Honda Swift,2011,86000.0,181172.0,Petrol,Individual,Automatic,First Owner,19.7 kmpl,1197 CC,106.2 bhp,
Tata Swift,2016,134000.0,80870.0,Diesel,Individual,Manual,First Owner,18.7 kmpl,998 CC,59.0 bhp,5.0
Hyundai XUV,2025,300000.0,18070.0,Petrol,Dealer,Manual,First Owner,15.8 kmpl,1248 CC,74.9 bhp,5.0
Hyundai A4,2007,44000.0,297417.0,Diesel,Individual,Manual,Third Owner,14.9 kmpl,1968 CC,144.7 bhp,5.0
Toyota Innova,2016,224000.0,143026.0,Petrol,Individual,Manual,First Owner,23.4 kmpl,2179 CC,151.4 bhp,5.0
Ford Swift,2008,45000.0,212552.0,Diesel,Individual,Manual,First Owner,22.0 kmpl,1498 CC,113.8 bhp,5.0
Honda Swift,2015,107000.0,135836.0,Petrol,Individual,Automatic,Third Owner,17.0 kmpl,1248 CC,101.5 bhp,5.0
Hyundai Swift,2018,164000.0,124025.0,Diesel,Individual,Manual,Second Owner,14.9 kmpl,1248 CC,80.6 bhp,5.0
Toyota Nexon,2008,51000.0,210438.0,Diesel,Dealer,Manual,First Owner,13.0 kmpl,998 CC,70.4 bhp,5.0
Maruti Innova,2011,53000.0,180763.0,Petrol,Dealer,Manual,Second Owner,11.1 kmpl,1968 CC,135.5 bhp,
Mahindra Rapid,2018,184000.0,101919.0,Diesel,Individual,Manual,Third Owner,11.2 kmpl,1197 CC,98.1 bhp,5.0
Toyota i20,2013,77000.0,173517.0,Diesel,Individual,Manual,Second Owner,15.2 kmpl,796 CC,55.6 bhp,5.0
Tata Polo,2010,23000.0,238695.0,Petrol,Individual,Manual,Second Owner,21.3 kmpl,796 CC,44.1 bhp,5.0
Ford Rapid,2015,87000.0,87036.0,Diesel,Dealer,Manual,First Owner,16.7 kmpl,998 CC,57.0 bhp,5.0
Volkswagen i20,2019,255000.0,62156.0,Diesel,Individual,Manual,First Owner,11.7 kmpl,1582 CC,126.7 bhp,5.0
Skoda 320d,2022,374000.0,62495.0,Petrol,Dealer,Automatic,First Owner,10.2 kmpl,1248 CC,83.8 bhp,5.0
Honda Figo,2025,421000.0,26277.0,Petrol,Individual,Automatic,First Owner,22.3 kmpl,998 CC,83.6 bhp,5.0
Hyundai Swift,2012,72000.0,208329.0,Diesel,Dealer,Automatic,First Owner,17.2 kmpl,1197 CC,105.9 bhp,5.0
Ford Rapid,2008,45000.0,143109.0,Diesel,Individual,Manual,First Owner,24.5 kmpl,998 CC,60.8 bhp,5.0
Mahindra City,2020,250000.0,36706.0,Diesel,Individual,Automatic,First Owner,,796 CC,47.4 bhp,5.0
Toyota Figo,2012,131000.0,176052.0,Petrol,Individual,Manual,First Owner,14.8 kmpl,1498 CC,,5.0
Toyota XUV,2016,205000.0,121163.0,Diesel,Individual,Manual,Second Owner,25.4 kmpl,1582 CC,130.8 bhp,
Hyundai City,2019,178000.0,110198.0,Diesel,Individual,Manual,First Owner,21.5 kmpl,1197 CC,101.8 bhp,5.0
Hyundai A4,2020,176000.0,72343.0,CNG,Individual,Manual,Second Owner,11.7 kmpl,1248 CC,110.2 bhp,5.0
Hyundai Polo,2008,37000.0,122769.0,Diesel,Individual,Manual,First Owner,25.7 kmpl,796 CC,53.9 bhp,5.0
Honda Polo,2008,38000.0,267339.0,Petrol,Individual,Manual,First Owner,19.2 kmpl,1498 CC,,5.0
Maruti Nexon,2014,120000.0,139741.0,Petrol,Individual,Manual,First Owner,15.1 kmpl,2179 CC,147.4 bhp,5.0
Honda Nexon,2022,248000.0,62876.0,Petrol,Individual,Manual,Second Owner,21.9 kmpl,1582 CC,133.9 bhp,5.0
Maruti Rapid,2005,38000.0,155277.0,Diesel,Individual,Automatic,Second Owner,24.0 kmpl,2179 CC,194.0 bhp,5.0
Mahindra Nexon,2013,220000.0,110588.0,Diesel,Individual,Automatic,First Owner,13.4 kmpl,1582 CC,115.6 bhp,5.0
Hyundai Polo,2017,147000.0,118376.0,Petrol,Individual,Manual,First Owner,11.9 kmpl,1968 CC,156.3 bhp,5.0
Hyundai City,2009,52000.0,187389.0,Petrol,Individual,Manual,First Owner,10.9 kmpl,1498 CC,118.2 bhp,7.0
Mahindra Rapid,2022,234000.0,51528.0,CNG,Individual,Manual,Second Owner,24.0 kmpl,1582 CC,130.3 bhp,7.0
Maruti Nexon,2016,105000.0,83210.0, petrol ,Individual,Manual,First Owner,,1582 CC,134.5 bhp,5.0
Hyundai 320d,2019,204000.0,46860.0,Petrol,Individual,Manual,First Owner,10.5 kmpl,1248 CC,107.5 bhp,5.0
Tata Polo,2025,497000.0,10229.0,Petrol,Individual,Manual,First Owner,18.5 kmpl,1968 CC,145.2 bhp,5.0
Toyota 320d,2019,283000.0,105640.0,Petrol,Dealer,Manual,First Owner,17.1 kmpl,1582 CC,107.3 bhp,5.0
Ford City,2024,519000.0,31588.0,Petrol,Individual,Manual,First Owner,13.7 kmpl,1968 CC,109.8 bhp,5.0
Mahindra Swift,2017,228000.0,99692.0,Petrol,Individual,Automatic,First Owner,21.7 kmpl,1582 CC,92.4 bhp,4.0
Tata i20,2013,117000.0,184930.0,Diesel,Individual,Manual,First Owner,18.5 kmpl,2179 CC,172.0 bhp,5.0
Toyota Rapid,2021,340000.0,70094.0,Petrol,Individual,Automatic,First Owner,20.3 kmpl,1248 CC,81.3 bhp,7.0
Ford Rapid,2012,46000.0,214056.0,Petrol,Individual,Manual,First Owner,17.1 kmpl,998 CC,73.7 bhp,5.0
Hyundai Swift,2024,261000.0,34742.0,Petrol,Individual,Manual,Second Owner,15.1 kmpl,1248 CC,101.5 bhp,4.0
Toyota i20,2016,262000.0,159698.0,Diesel,Individual,Manual,First Owner,22.9 kmpl,2179 CC,189.2 bhp,5.0
Skoda XUV,2017,129000.0,111769.0,Petrol,Individual,Manual,First Owner,14.8 kmpl,796 CC,54.2 bhp,5.0
Volkswagen City,2014,90000.0,68432.0,Petrol,Individual,Manual,First Owner,18.6 kmpl,796 CC,59.3 bhp,5.0
Maruti Innova,2019,189000.0,105252.0,Petrol,Individual,Manual,Second Owner,21.4 kmpl,1968 CC,132.5 bhp,5.0
Tata Polo,2014,118000.0,188634.0,Diesel,Dealer,Automatic,First Owner,10.0 kmpl,1582 CC,104.3 bhp,7.0
Honda Innova,2005,36000.0,248417.0,Diesel,Dealer,Manual,First Owner,17.1 kmpl,1248 CC,92.7 bhp,5.0
Maruti 320d,2024,289000.0,16024.0,Diesel,Individual,Manual,Second Owner,14.5 kmpl,1498 CC,87.0 bhp,5.0
Honda Innova,2017,253000.0,56940.0,Petrol,Individual,Automatic,First Owner,16.0 kmpl,1582 CC,115.4 bhp,5.0
Ford XUV,2024,247000.0,14885.0,Diesel,Individual,Manual,First Owner,24.4 kmpl,796 CC,64.0 bhp,5.0
BMW Polo,2011,313000.0,79683.0,Diesel,Individual,Manual,First Owner,17.8 kmpl,1582 CC,96.8 bhp,5.0
Maruti 320d,2005,23000.0,205798.0,Diesel,Individual,Automatic,Second Owner,22.6 kmpl,998 CC,77.1 bhp,5.0
Toyota City,2004,54000.0,165350.0,Petrol,Individual,Manual,First Owner,24.9 kmpl,1968 CC,149.3 bhp,5.0
Honda Figo,2008,55000.0,107162.0,CNG,Individual,Manual,First Owner,,1248 CC,103.1 bhp,5.0
Ford Polo,2018,120000.0,96010.0,Petrol,Dealer,Automatic,First Owner,15.6 kmpl,796 CC,52.4 bhp,5.0
Honda i20,2025,766000.0,14143.0,Petrol,Dealer,Manual,First Owner,16.0 kmpl,2179 CC,134.8 bhp,5.0
Maruti XUV,2022,241000.0,25775.0,Diesel,Individual,Manual,First Owner,22.3 kmpl,998 CC,75.1 bhp,5.0
Hyundai Figo,2005,38000.0,131553.0,Petrol,Individual,Automatic,Second Owner,15.3 kmpl,,73.5 bhp,5.0
Ford City,2015,165000.0,181952.0,Diesel,Dealer,Automatic,First Owner,15.6 kmpl,1968 CC,146.1 bhp,5.0
Toyota Swift,2012,103000.0,193786.0,Petrol,Individual,Manual,First Owner,22.8 kmpl,1197 CC,73.2 bhp,7.0
Volkswagen Polo,2024,266000.0,34425.0,Diesel,Individual,Manual,Second Owner,25.4 kmpl,998 CC,55.7 bhp,
Ford Rapid,2015,150000.0,132664.0,Petrol,Individual,Manual,First Owner,13.6 kmpl,1968 CC,140.0 bhp,5.0
Tata XUV,2011,47000.0,128226.0,Diesel,Individual,Manual,First Owner,25.2 kmpl,796 CC,,4.0
Toyota 320d,2006,53000.0,147817.0,Petrol,Individual,Manual,First Owner,12.9 kmpl,1968 CC,147.0 bhp,7.0
Maruti Nexon,2010,43000.0,180475.0,Petrol,Individual,Manual,First Owner,24.9 kmpl,998 CC,86.7 bhp,5.0
Tata Nexon,2004,13000.0,311311.0,Diesel,Dealer,Manual,First Owner,20.1 kmpl,796 CC,70.2 bhp,5.0
Mahindra Figo,2017,227000.0,89611.0,Diesel,Dealer,Manual,First Owner,13.2 kmpl,1582 CC,107.2 bhp,5.0
Volkswagen Swift,2004,37000.0,171471.0,Petrol,Individual,Manual,Second Owner,15.8 kmpl,2179 CC,146.0 bhp,5.0
Toyota 320d,2007,54000.0,295347.0,Petrol,Individual,Manual,First Owner,10.0 kmpl,1498 CC,103.8 bhp,5.0
Hyundai XUV,2013,57000.0,118416.0,Petrol,Individual,Manual,Third Owner,24.6 kmpl,796 CC,56.5 bhp,7.0
Ford Figo,2013,44000.0,146922.0,Petrol,Individual,Manual,First Owner,18.0 kmpl,796 CC,51.0 bhp,5.0
Ford 320d,2014,164000.0,73262.0,Diesel,Dealer,Manual,First Owner,14.5 kmpl,1968 CC,143.6 bhp,5.0
Skoda Figo,2019,301000.0,79571.0,Diesel,Dealer,Manual,First Owner,10.8 kmpl,,165.8 bhp,5.0
Skoda XUV,2019,286000.0,51501.0,Petrol,Individual,Automatic,First Owner,15.7 kmpl,1498 CC,130.6 bhp,5.0
Honda City,2016,114000.0,114842.0,Petrol,Individual,Manual,First Owner,17.3 kmpl,998 CC,59.3 bhp,5.0
Honda A4,2019,271000.0,86554.0,Petrol,Dealer,Manual,First Owner,12.0 kmpl,1582 CC,105.5 bhp,5.0
Maruti 320d,2011,44000.0,219684.0,Petrol,Individual,Manual,First Owner,19.4 kmpl,1248 CC,87.7 bhp,4.0
Tata Rapid,2023,292000.0,30920.0,Petrol,Individual,Manual,First Owner,17.9 kmpl,1248 CC,111.2 bhp,5.0
Hyundai Polo,2013,52000.0,94499.0,Petrol,Individual,Manual,Second Owner,14.7 kmpl,796 CC,69.8 bhp,5.0
Maruti XUV,2024,341000.0,35571.0,Petrol,Individual,Manual,First Owner,19.5 kmpl,1498 CC,106.0 bhp,5.0
Honda City,2022,297000.0,66000.0,Petrol,Individual,Manual,First Owner,12.6 kmpl,1248 CC,83.7 bhp,7.0
Tata 320d,2018,155000.0,82036.0,Petrol,Individual,Manual,First Owner,21.4 kmpl,1582 CC,102.2 bhp,5.0
Maruti A4,2011,56000.0,179438.0,Petrol,Individual,Automatic,First Owner,17.0 kmpl,998 CC,57.4 bhp,5.0
Skoda XUV,2010,116000.0,204346.0,Diesel,Individual,Automatic,Third Owner,23.3 kmpl,2179 CC,177.7 bhp,5.0
Tata Nexon,2023,227000.0,40043.0,Diesel,Individual,Manual,First Owner,24.3 kmpl,1197 CC,101.1 bhp,5.0
Maruti Figo,2020,180000.0,64655.0,Diesel,Individual,Manual,First Owner,24.8 kmpl,998 CC,64.4 bhp,5.0
Honda Polo,2023,515000.0,27640.0,CNG,Individual,Manual,First Owner,23.2 kmpl,2179 CC,120.7 bhp,7.0
Maruti Rapid,2010,60000.0,103779.0,Diesel,Individual,Automatic,First Owner,17.7 kmpl,796 CC,46.0 bhp,5.0
Hyundai Figo,2022,459000.0,52278.0,CNG,Individual,Automatic,Fourth & Above Owner,16.2 kmpl,2179 CC,155.1 bhp,5.0
Toyota A4,2014,94000.0,183531.0,Diesel,Individual,Manual,First Owner,,796 CC,49.5 bhp,5.0
Tata Rapid,2022,207000.0,61420.0,Petrol,Individual,Manual,Third Owner,22.8 kmpl,1498 CC,86.0 bhp,5.0
Toyota Rapid,2022,516000.0,31029.0,Diesel,Individual,Manual,Second Owner,11.4 kmpl,2179 CC,151.7 bhp,5.0
Ford Innova,2020,280000.0,83385.0,Petrol,Individual,Manual,First Owner,20.6 kmpl,2179 CC,122.8 bhp,5.0
Toyota Polo,2017,245000.0,100358.0,Petrol,Individual,Manual,First Owner,20.9 kmpl,1582 CC,140.1 bhp,5.0
Maruti City,2014,112000.0,70621.0,Diesel,Individual,Manual,First Owner,19.6 kmpl,1498 CC,121.6 bhp,5.0
Maruti A4,2006,52000.0,121070.0,Diesel,Dealer,Automatic,Fourth & Above Owner,20.6 kmpl,2179 CC,185.9 bhp,5.0
Skoda Figo,2017,191000.0,66625.0,Petrol,Dealer,Manual,First Owner,13.0 kmpl,1197 CC,80.8 bhp,5.0
Audi Swift,2011,412000.0,120419.0,Diesel,Individual,Automatic,First Owner,14.8 kmpl,2179 CC,157.1 bhp,4.0
Tata City,2025,295000.0,16883.0,Diesel,Individual,Manual,Second Owner,12.9 kmpl,998 CC,,5.0
Skoda A4,2025,773000.0,12822.0,Diesel,Dealer,Manual,First Owner,16.4 kmpl,2179 CC,160.9 bhp,
Ford i20,2018,183000.0,118837.0,Diesel,Individual,Manual,First Owner,12.8 kmpl,1498 CC,108.4 bhp,5.0
Hyundai Figo,2007,26000.0,238889.0,Petrol,Individual,Manual,Second Owner,16.5 kmpl,1197 CC,99.6 bhp,5.0
Hyundai Swift,2025,440000.0,15837.0,Diesel,Dealer,Manual,Second Owner,16.9 kmpl,1582 CC,98.9 bhp,7.0
Maruti Innova,2021,230000.0,36907.0,Diesel,Individual,Manual,First Owner,25.4 kmpl,,70.2 bhp,4.0
Honda Figo,2018,186000.0,72043.0,Petrol,Individual,Automatic,First Owner,24.2 kmpl,796 CC,48.4 bhp,7.0
Ford Swift,2005,37000.0,175455.0,Petrol,Individual,Manual,Second Owner,21.4 kmpl,2179 CC,166.7 bhp,5.0
Hyundai Polo,2016,133000.0,113763.0,Diesel,Individual,Automatic,Second Owner,21.3 kmpl,1248 CC,108.3 bhp,5.0
Maruti Swift,2016,96000.0,115240.0,Petrol,Individual,Manual,First Owner,16.9 kmpl,1197 CC,83.6 bhp,5.0
Hyundai Swift,2024,287000.0,30073.0,CNG,Trustmark Dealer,Automatic,Second Owner,21.0 kmpl,796 CC,64.0 bhp,5.0
Toyota Swift,2021,401000.0,55472.0,Petrol,Individual,Manual,Second Owner,21.0 kmpl,1968 CC,174.0 bhp,5.0
Mahindra Figo,2018,286000.0,80392.0,Petrol,Individual,Automatic,Second Owner,24.8 kmpl,2179 CC,176.2 bhp,5.0
Ford Innova,2014,82000.0,145232.0,Petrol,Individual,Manual,First Owner,21.8 kmpl,1498 CC,101.2 bhp,7.0
Honda Polo,2015,100000.0,127385.0,Diesel,Individual,Manual,Fourth & Above Owner,,998 CC,67.8 bhp,
Maruti XUV,2025,536000.0,30591.0,Diesel,Individual,Manual,First Owner,12.8 kmpl,1968 CC,150.1 bhp,5.0
Hyundai Rapid,2009,47000.0,212796.0,Petrol,Individual,Automatic,Second Owner,13.6 kmpl,998 CC,86.6 bhp,5.0
Hyundai Figo,2024,397000.0,37608.0,Diesel,Individual,Manual,Third Owner,17.1 kmpl,1498 CC,90.0 bhp,5.0
Mahindra 320d,2009,56000.0,188639.0,Diesel,Individual,Manual,First Owner,13.5 kmpl,1498 CC,109.9 bhp,5.0
Mahindra Swift,2013,160000.0,84418.0,Petrol,Dealer,Manual,First Owner,17.0 kmpl,2179 CC,173.9 bhp,5.0
Hyundai XUV,2012,118000.0,135681.0,Diesel,Individual,Manual,First Owner,17.1 kmpl,2179 CC,180.5 bhp,5.0
Audi Polo,2018,537000.0,74063.0,Diesel,Individual,Automatic,Second Owner,13.7 kmpl,796 CC,66.1 bhp,5.0
Maruti Swift,2005,40000.0,124452.0,Diesel,Individual,Manual,Second Owner,11.6 kmpl,1968 CC,149.4 bhp,5.0
Volkswagen Polo,2019,152000.0,78438.0,Petrol,Individual,Manual,First Owner,19.6 kmpl,796 CC,66.6 bhp,
Hyundai Rapid,2012,77000.0,148935.0,Diesel,Dealer,Manual,First Owner,25.8 kmpl,1197 CC,97.2 bhp,5.0
Honda Polo,2008,53000.0,175856.0,CNG,Individual,Manual,First Owner,20.3 kmpl,1248 CC,78.6 bhp,5.0
BMW A4,2021,1232000.0,59658.0,Diesel,Individual,Manual,Second Owner,21.7 kmpl,1968 CC,162.3 bhp,7.0
Hyundai Nexon,2016,113000.0,67777.0,Petrol,Individual,Automatic,First Owner,15.8 kmpl,796 CC,49.8 bhp,5.0
Tata Nexon,2025,350000.0,18069.0,Petrol,Individual,Automatic,Third Owner,14.9 kmpl,998 CC,67.7 bhp,5.0
Volkswagen City,2022,355000.0,59597.0,Petrol,Individual,Automatic,Second Owner,10.1 kmpl,1498 CC,89.2 bhp,5.0
Ford Figo,2024,598000.0,13526.0,Petrol,Dealer,Manual,First Owner,19.4 kmpl,2179 CC,171.8 bhp,5.0
Ford Innova,2008,24000.0,232278.0,Petrol,Dealer,Manual,First Owner,22.0 kmpl,796 CC,51.3 bhp,5.0
Honda i20,2018,169000.0,123611.0,Diesel,Individual,Manual,Second Owner,17.8 kmpl,1248 CC,74.1 bhp,5.0
Honda i20,2009,51000.0,260348.0,Diesel,Individual,Manual,First Owner,19.7 kmpl,1248 CC,85.7 bhp,5.0
Honda 320d,2016,127000.0,149433.0,Diesel,Individual,Manual,Third Owner,10.4 kmpl,998 CC,58.1 bhp,5.0
Volkswagen i20,2009,95000.0,94820.0,Petrol,Dealer,Manual,First Owner,10.1 kmpl,1968 CC,125.0 bhp,5.0
Maruti Swift,2019,268000.0,80108.0,Diesel,Dealer,Automatic,First Owner,19.5 kmpl,2179 CC,149.5 bhp,5.0
Honda Polo,2021,440000.0,35580.0,Petrol,Individual,Manual,First Owner,18.4 kmpl,1968 CC,145.9 bhp,4.0
Tata Polo,2016,149000.0,64381.0,Petrol,Dealer,Manual,First Owner,13.1 kmpl,1498 CC,117.3 bhp,5.0
Hyundai Figo,2016,192000.0,113447.0,Diesel,Individual,Manual,First Owner,20.4 kmpl,2179 CC,168.8 bhp,5.0
Skoda A4,2009,98000.0,260943.0,Diesel,Trustmark Dealer,Manual,First Owner,,2179 CC,133.7 bhp,5.0
Audi Figo,2015,357000.0,145878.0,Diesel,Dealer,Manual,Fourth & Above Owner,10.4 kmpl,2179 CC,154.5 bhp,5.0
Skoda A4,2023,315000.0,38449.0,Petrol,Dealer,Manual,First Owner,16.6 kmpl,998 CC,74.2 bhp,5.0
Skoda A4,2005,74000.0,137788.0,Diesel,Individual,Manual,First Owner,24.2 kmpl,1968 CC,169.1 bhp,5.0
Hyundai Rapid,2007,29000.0,255548.0,Diesel,Individual,Manual,First Owner,,998 CC,62.2 bhp,7.0
Mahindra Nexon,2013,94000.0,138936.0,Diesel,Individual,Manual,First Owner,15.7 kmpl,998 CC,85.8 bhp,5.0
Toyota Nexon,2022,668000.0,73026.0,Diesel,Individual,Automatic,First Owner,23.4 kmpl,1582 CC,94.1 bhp,5.0
Tata Swift,2014,126000.0,189516.0,Petrol,Individual,Manual,First Owner,12.5 kmpl,2179 CC,126.5 bhp,5.0
Volkswagen Nexon,2014,119000.0,143347.0,Petrol,Individual,Manual,First Owner,15.5 kmpl,1968 CC,,5.0
Hyundai City,2008,43000.0,148602.0,Petrol,Trustmark Dealer,Automatic,First Owner,12.4 kmpl,998 CC,66.7 bhp,5.0
Mahindra City,2010,85000.0,142031.0,Petrol,Individual,Manual,First Owner,10.5 kmpl,1968 CC,122.1 bhp,5.0
Audi Innova,2021,1701000.0,47876.0,Diesel,Individual,Manual,First Owner,15.1 kmpl,2179 CC,151.3 bhp,5.0
Tata XUV,2024,331000.0,39016.0,Petrol,Individual,Manual,First Owner,14.2 kmpl,1197 CC,77.6 bhp,7.0
Maruti XUV,2006,20000.0,257046.0,Petrol,Individual,Automatic,Second Owner,15.0 kmpl,998 CC,82.4 bhp,5.0
Toyota 320d,2014,168000.0,171118.0,Diesel,Dealer,Manual,First Owner,,1197 CC,90.6 bhp,5.0
Maruti i20,2013,47000.0,128168.0,Petrol,Individual,Manual,Second Owner,23.8 kmpl,998 CC,66.7 bhp,5.0
Honda City,2006,58000.0,113590.0,Petrol,Individual,Automatic,First Owner,21.1 kmpl,998 CC,68.2 bhp,5.0
Mahindra Rapid,2013,122000.0,173415.0,Diesel,Individual,Manual,First Owner,24.6 kmpl,1498 CC,123.7 bhp,5.0
Volkswagen XUV,2009,64000.0,158708.0,Diesel,Individual,Manual,First Owner,25.3 kmpl,1498 CC,84.9 bhp,5.0
Volkswagen Polo,2023,471000.0,54224.0,Diesel,Individual,Manual,First Owner,15.7 kmpl,1968 CC,127.7 bhp,7.0
BMW Innova,2023,855000.0,25080.0,Petrol,Individual,Manual,First Owner,20.5 kmpl,998 CC,79.3 bhp,7.0
Mahindra Polo,2008,63000.0,155913.0,Diesel,Trustmark Dealer,Manual,Second Owner,12.1 kmpl,1968 CC,159.4 bhp,5.0
Maruti Figo,2020,260000.0,47607.0,Petrol,Individual,Manual,First Owner,24.8 kmpl,2179 CC,169.0 bhp,5.0
Tata City,2004,16000.0,249173.0,Diesel,Individual,Manual,First Owner,11.2 kmpl,796 CC,56.8 bhp,5.0
Volkswagen City,2023,402000.0,34040.0,Petrol,Dealer,Manual,First Owner,20.4 kmpl,1498 CC,106.2 bhp,5.0
Tata City,2017,128000.0,94312.0,Diesel,Dealer,Manual,First Owner,24.6 kmpl,998 CC,76.6 bhp,5.0
Maruti 320d,2024,478000.0,33119.0,Diesel,Individual,Manual,Second Owner,20.0 kmpl,2179 CC,160.4 bhp,5.0
Skoda Rapid,2023,249000.0,34175.0,Petrol,Trustmark Dealer,Manual,First Owner,19.9 kmpl,796 CC,57.5 bhp,5.0
Hyundai Figo,2011,54000.0,201706.0,Petrol,Individual,Manual,First Owner,,1582 CC,109.3 bhp,5.0
BMW i20,2008,109000.0,127959.0, petrol ,Individual,Manual,Second Owner,22.5 kmpl,998 CC,80.9 bhp,
Tata Innova,2010,52000.0,235943.0,Diesel,Individual,Manual,Third Owner,19.5 kmpl,1968 CC,161.7 bhp,7.0
